image_id,label,pred,p_label,p_pred,fold,qc_status,flagged
inat_101562094_169623976,astrophytum,astrophytum,0.8965,0.8965,0,pending,0
inat_102095014_170601828,astrophytum,astrophytum,0.9051,0.9051,0,pending,0
inat_103080288_172409466,astrophytum,astrophytum,0.9082,0.9082,0,pending,0
inat_103611312_173452359,astrophytum,astrophytum,0.9161,0.9161,0,pending,0
inat_103745807_173709860,astrophytum,astrophytum,0.936,0.936,0,pending,0
inat_1085909_1364082,astrophytum,astrophytum,0.9188,0.9188,0,pending,0
inat_111390552_188038913,astrophytum,astrophytum,0.9312,0.9312,0,pending,0
inat_113513433_191773240,astrophytum,astrophytum,0.8737,0.8737,0,pending,0
inat_114908348_193983179,astrophytum,astrophytum,0.9414,0.9414,0,pending,0
inat_114927903_194014729,astrophytum,astrophytum,0.9417,0.9417,0,pending,0
inat_115817648_195471286,astrophytum,astrophytum,0.8721,0.8721,0,pending,0
inat_117004789_197552208,astrophytum,astrophytum,0.9213,0.9213,0,pending,0
inat_122235928_206940957,astrophytum,astrophytum,0.8783,0.8783,0,pending,0
inat_123424431_209084506,astrophytum,astrophytum,0.7708,0.7708,0,pending,0
inat_124781567_211533986,astrophytum,astrophytum,0.9598,0.9598,0,pending,0
inat_131296042_223414554,astrophytum,parodia,0.1786,0.7175,0,pending,1
inat_132139341_224982073,astrophytum,astrophytum,0.8659,0.8659,0,pending,0
inat_137332483_234519629,astrophytum,astrophytum,0.8997,0.8997,0,pending,0
inat_139231078_238101298,astrophytum,astrophytum,0.9233,0.9233,0,pending,0
inat_143861696_246797661,astrophytum,astrophytum,0.9317,0.9317,0,pending,0
inat_144224932_247494263,astrophytum,astrophytum,0.8899,0.8899,0,pending,0
inat_145332440_249632976,astrophytum,astrophytum,0.9512,0.9512,0,pending,0
inat_145881710_250676235,astrophytum,astrophytum,0.9119,0.9119,0,pending,0
inat_146991823_252847954,astrophytum,astrophytum,0.9484,0.9484,0,pending,0
inat_14723629_21960465,astrophytum,astrophytum,0.9166,0.9166,0,pending,0
inat_156451787_270530125,astrophytum,astrophytum,0.8923,0.8923,0,pending,0
inat_156673826_270942473,astrophytum,astrophytum,0.9305,0.9305,0,pending,0
inat_156790698_271151360,astrophytum,astrophytum,0.9086,0.9086,0,pending,0
inat_157762656_272725092,astrophytum,astrophytum,0.9493,0.9493,0,pending,0
inat_158339947_273662901,astrophytum,astrophytum,0.8306,0.8306,0,pending,0
inat_15845772_23691144,astrophytum,astrophytum,0.4913,0.4913,0,pending,1
inat_158841745_274456902,astrophytum,astrophytum,0.8802,0.8802,0,pending,0
inat_158998252_274706669,astrophytum,astrophytum,0.8779,0.8779,0,pending,0
inat_161689064_279495479,astrophytum,astrophytum,0.94,0.94,0,pending,0
inat_16209829_24319196,astrophytum,astrophytum,0.735,0.735,0,pending,0
inat_162626154_281212102,astrophytum,astrophytum,0.9512,0.9512,0,pending,0
inat_170429787_295598445,astrophytum,astrophytum,0.8783,0.8783,0,pending,0
inat_172112198_298737307,astrophytum,astrophytum,0.7395,0.7395,0,pending,0
inat_174768219_303656351,astrophytum,astrophytum,0.9381,0.9381,0,pending,0
inat_175636529_305251936,astrophytum,astrophytum,0.9283,0.9283,0,pending,0
inat_175655376_305288322,astrophytum,astrophytum,0.9332,0.9332,0,pending,0
inat_180225279_313900636,astrophytum,astrophytum,0.9159,0.9159,0,pending,0
inat_181944611_317138119,astrophytum,astrophytum,0.9035,0.9035,0,pending,0
inat_185972829_324897602,astrophytum,astrophytum,0.9167,0.9167,0,pending,0
inat_187447682_327810492,astrophytum,astrophytum,0.928,0.928,0,pending,0
inat_187561159_327975201,astrophytum,astrophytum,0.8109,0.8109,0,pending,0
inat_187561217_328019364,astrophytum,astrophytum,0.8707,0.8707,0,pending,0
inat_188727761_330403167,astrophytum,astrophytum,0.9575,0.9575,0,pending,0
inat_188891107_330741928,astrophytum,astrophytum,0.8912,0.8912,0,pending,0
inat_189598157_332181669,astrophytum,astrophytum,0.9156,0.9156,0,pending,0
inat_190451881_333868629,astrophytum,astrophytum,0.9068,0.9068,0,pending,0
inat_190547479_334068425,astrophytum,astrophytum,0.8509,0.8509,0,pending,0
inat_191002799_334963742,astrophytum,astrophytum,0.835,0.835,0,pending,0
inat_191431905_335825527,astrophytum,astrophytum,0.7999,0.7999,0,pending,0
inat_191535644_336034540,astrophytum,astrophytum,0.9471,0.9471,0,pending,0
inat_192518090_337979435,astrophytum,astrophytum,0.8738,0.8738,0,pending,0
inat_193304525_339558872,astrophytum,astrophytum,0.9391,0.9391,0,pending,0
inat_193788742_340468311,astrophytum,astrophytum,0.8563,0.8563,0,pending,0
inat_193788751_340468336,astrophytum,astrophytum,0.8693,0.8693,0,pending,0
inat_194333289_341570746,astrophytum,astrophytum,0.8143,0.8143,0,pending,0
inat_196935015_346722566,astrophytum,astrophytum,0.8658,0.8658,0,ok,0
inat_197357173_347578482,astrophytum,astrophytum,0.8998,0.8998,0,ok,0
inat_199406771_351653565,astrophytum,astrophytum,0.8695,0.8695,0,pending,0
inat_199637930_352094719,astrophytum,astrophytum,0.8103,0.8103,0,pending,0
inat_201930403_356520641,astrophytum,parodia,0.2441,0.6479,0,ok,1
inat_203081657_358758910,astrophytum,astrophytum,0.919,0.919,0,ok,0
inat_2060171_2472522,astrophytum,astrophytum,0.9343,0.9343,0,pending,0
inat_210013190_371547130,astrophytum,astrophytum,0.9688,0.9688,0,pending,0
inat_210427008_372190097,astrophytum,astrophytum,0.9379,0.9379,0,pending,0
inat_211301082_373601791,astrophytum,astrophytum,0.8775,0.8775,0,pending,0
inat_212040462_374748031,astrophytum,astrophytum,0.9152,0.9152,0,pending,0
inat_213962481_378145972,astrophytum,astrophytum,0.8933,0.8933,0,pending,0
inat_215373350_380766898,astrophytum,astrophytum,0.9403,0.9403,0,pending,0
inat_218820905_387257196,astrophytum,astrophytum,0.8347,0.8347,0,pending,0
inat_220566103_390522388,astrophytum,astrophytum,0.5011,0.5011,0,not_potted,0
inat_220832751_391023609,astrophytum,astrophytum,0.924,0.924,0,pending,0
inat_220832756_391023650,astrophytum,astrophytum,0.8726,0.8726,0,pending,0
inat_221040655_391414819,astrophytum,astrophytum,0.9282,0.9282,0,pending,0
inat_221190114_391692564,astrophytum,astrophytum,0.9282,0.9282,0,pending,0
inat_222783180_394673054,astrophytum,astrophytum,0.9237,0.9237,0,pending,0
inat_226771844_402192642,astrophytum,astrophytum,0.9453,0.9453,0,pending,0
inat_230417050_409130333,astrophytum,parodia,0.2492,0.485,0,not_plant,1
inat_230669355_409601254,astrophytum,astrophytum,0.9332,0.9332,0,not_potted,0
inat_23115939_35835758,astrophytum,mammillaria,0.0188,0.422,0,pending,1
inat_232281743_412653991,astrophytum,parodia,0.3215,0.5162,0,pending,1
inat_232642401_413340973,astrophytum,gymnocalycium,0.1305,0.3551,0,not_potted,1
inat_232976635_413961369,astrophytum,astrophytum,0.9676,0.9676,0,pending,0
inat_237217109_422138372,astrophytum,astrophytum,0.9456,0.9456,0,pending,0
inat_238202768_424046391,astrophytum,astrophytum,0.8897,0.8897,0,pending,0
inat_240492316_428467446,astrophytum,astrophytum,0.9389,0.9389,0,pending,0
inat_24307259_37586869,astrophytum,astrophytum,0.8954,0.8954,0,pending,0
inat_24331600_37622439,astrophytum,astrophytum,0.8574,0.8574,0,pending,0
inat_243922123_435023391,astrophytum,astrophytum,0.8786,0.8786,0,pending,0
inat_24571569_37997971,astrophytum,gymnocalycium,0.1387,0.7043,0,pending,1
inat_246727739_440522604,astrophytum,astrophytum,0.9665,0.9665,0,pending,0
inat_252278443_451580056,astrophytum,astrophytum,0.928,0.928,0,pending,0
inat_262474744_471506975,astrophytum,astrophytum,0.9289,0.9289,0,pending,0
inat_26788932_41618684,astrophytum,astrophytum,0.8904,0.8904,0,pending,0
inat_268181363_482030000,astrophytum,astrophytum,0.8858,0.8858,0,pending,0
inat_270078766_485669227,astrophytum,astrophytum,0.94,0.94,0,pending,0
inat_270857823_487160184,astrophytum,astrophytum,0.929,0.929,0,pending,0
inat_273828018_492396399,astrophytum,astrophytum,0.8941,0.8941,0,pending,0
inat_276224234_496032957,astrophytum,astrophytum,0.8895,0.8895,0,pending,0
inat_276419965_496406356,astrophytum,astrophytum,0.9654,0.9654,0,pending,0
inat_282758950_508032541,astrophytum,astrophytum,0.5053,0.5053,0,blurry,0
inat_284729921_511740595,astrophytum,astrophytum,0.9153,0.9153,0,pending,0
inat_285800252_513727604,astrophytum,astrophytum,0.6247,0.6247,0,pending,0
inat_287849328_517602008,astrophytum,astrophytum,0.9305,0.9305,0,pending,0
inat_289253225_520245620,astrophytum,mammillaria,0.1837,0.6087,0,not_potted,1
inat_292637659_526638207,astrophytum,astrophytum,0.8517,0.8517,0,pending,0
inat_300710843_542022824,astrophytum,astrophytum,0.9167,0.9167,0,pending,0
inat_300743580_541893018,astrophytum,astrophytum,0.9456,0.9456,0,pending,0
inat_301935875_544119752,astrophytum,astrophytum,0.6773,0.6773,0,pending,0
inat_302286725_544776720,astrophytum,astrophytum,0.8987,0.8987,0,pending,0
inat_3035446_3494426,astrophytum,astrophytum,0.8874,0.8874,0,pending,0
inat_313561939_566265633,astrophytum,astrophytum,0.8711,0.8711,0,pending,0
inat_313562587_566266936,astrophytum,astrophytum,0.5573,0.5573,0,ok,0
inat_314227291_567536371,astrophytum,astrophytum,0.9185,0.9185,0,pending,0
inat_315278504_569533253,astrophytum,astrophytum,0.9055,0.9055,0,pending,0
inat_315909082_570726069,astrophytum,astrophytum,0.8693,0.8693,0,pending,0
inat_317935466_574560391,astrophytum,astrophytum,0.9226,0.9226,0,pending,0
inat_32451582_50900136,astrophytum,astrophytum,0.9722,0.9722,0,pending,0
inat_324725868_587802493,astrophytum,astrophytum,0.8389,0.8389,0,ok,0
inat_329475202_597240437,astrophytum,astrophytum,0.9216,0.9216,0,pending,0
inat_330237275_598785574,astrophytum,astrophytum,0.9302,0.9302,0,pending,0
inat_332698514_603846170,astrophytum,astrophytum,0.812,0.812,0,pending,0
inat_332698884_603846747,astrophytum,astrophytum,0.8179,0.8179,0,pending,0
inat_338386907_615366715,astrophytum,astrophytum,0.8064,0.8064,0,pending,0
inat_341199506_621079163,astrophytum,astrophytum,0.9311,0.9311,0,pending,0
inat_34224150_53835293,astrophytum,astrophytum,0.922,0.922,0,pending,0
inat_342620933_623967246,astrophytum,astrophytum,0.9067,0.9067,0,pending,0
inat_343599874_625934724,astrophytum,astrophytum,0.6782,0.6782,0,ok,0
inat_343599875_625934747,astrophytum,echinopsis,0.1879,0.4718,0,ok,1
inat_34363614_54073295,astrophytum,astrophytum,0.9458,0.9458,0,pending,0
inat_344603255_627907660,astrophytum,astrophytum,0.8862,0.8862,0,pending,0
inat_352603901_643518881,astrophytum,astrophytum,0.9205,0.9205,0,pending,0
inat_35522736_56021118,astrophytum,astrophytum,0.9514,0.9514,0,pending,0
inat_358365086_653735847,astrophytum,astrophytum,0.9174,0.9174,0,pending,0
inat_361324203_659408840,astrophytum,astrophytum,0.5709,0.5709,0,not_potted,0
inat_364999133_666366697,astrophytum,astrophytum,0.7651,0.7651,0,not_plant,0
inat_372797378_681253379,astrophytum,astrophytum,0.9136,0.9136,0,ok,0
inat_37312293_59127628,astrophytum,astrophytum,0.8899,0.8899,0,pending,0
inat_37689892_59801908,astrophytum,astrophytum,0.8181,0.8181,0,pending,0
inat_38011473_60349254,astrophytum,astrophytum,0.9303,0.9303,0,pending,0
inat_385451151_705651943,astrophytum,astrophytum,0.9126,0.9126,0,ok,0
inat_387790657_710148072,astrophytum,astrophytum,0.8183,0.8183,0,pending,0
inat_388561346_711659151,astrophytum,astrophytum,0.8651,0.8651,0,pending,0
inat_390684655_715850011,astrophytum,astrophytum,0.8697,0.8697,0,pending,0
inat_39476591_62637194,astrophytum,astrophytum,0.6886,0.6886,0,pending,0
inat_39820023_63214255,astrophytum,astrophytum,0.459,0.459,0,pending,1
inat_49979654_79354959,astrophytum,astrophytum,0.6197,0.6197,0,pending,0
inat_5967121_7456347,astrophytum,astrophytum,0.9113,0.9113,0,pending,0
inat_62216213_99653893,astrophytum,echinocactus,0.0292,0.8835,0,pending,1
inat_6226331_7823223,astrophytum,astrophytum,0.9744,0.9744,0,pending,0
inat_68352937_110655223,astrophytum,astrophytum,0.9139,0.9139,0,pending,0
inat_71254826_115979522,astrophytum,astrophytum,0.9233,0.9233,0,pending,0
inat_72789078_118740960,astrophytum,astrophytum,0.9741,0.9741,0,pending,0
inat_76622389_125325695,astrophytum,astrophytum,0.823,0.823,0,pending,0
inat_76676391_125410002,astrophytum,mammillaria,0.1403,0.3901,0,pending,1
inat_7734638_10150194,astrophytum,astrophytum,0.6928,0.6928,0,pending,0
inat_78695734_128824302,astrophytum,astrophytum,0.9243,0.9243,0,pending,0
inat_81322821_133376516,astrophytum,astrophytum,0.9707,0.9707,0,pending,0
inat_92709848_153544991,astrophytum,astrophytum,0.9045,0.9045,0,pending,0
inat_93177849_154384053,astrophytum,astrophytum,0.9144,0.9144,0,pending,0
inat_369574347_675091033,echinocactus,echinocactus,0.9061,0.9061,0,pending,0
inat_370301952_676482689,echinocactus,echinocactus,0.8395,0.8395,0,pending,0
inat_370397900_676657299,echinocactus,echinocactus,0.9504,0.9504,0,pending,0
inat_370967525_677826894,echinocactus,echinocactus,0.9149,0.9149,0,pending,0
inat_371128228_678067402,echinocactus,mammillaria,0.1893,0.3571,0,not_potted,1
inat_371273766_678330801,echinocactus,echinocactus,0.9354,0.9354,0,not_potted,0
inat_371463871_678694891,echinocactus,echinocactus,0.935,0.935,0,not_potted,0
inat_372213510_680141114,echinocactus,echinocactus,0.9223,0.9223,0,pending,0
inat_373405816_682411611,echinocactus,echinocactus,0.9238,0.9238,0,pending,0
inat_373590027_682766400,echinocactus,echinopsis,0.3381,0.5134,0,pending,1
inat_374806753_685118762,echinocactus,echinocactus,0.9113,0.9113,0,pending,0
inat_374935674_685359812,echinocactus,echinocactus,0.9443,0.9443,0,pending,0
inat_375824070_687099916,echinocactus,echinocactus,0.9443,0.9443,0,pending,0
inat_376265759_687941659,echinocactus,echinocactus,0.822,0.822,0,pending,0
inat_376604360_688595982,echinocactus,echinocactus,0.9232,0.9232,0,pending,0
inat_377001849_689363567,echinocactus,echinocactus,0.7833,0.7833,0,pending,0
inat_377102067_689560118,echinocactus,echinocactus,0.9493,0.9493,0,pending,0
inat_377187298_689720234,echinocactus,echinocactus,0.917,0.917,0,pending,0
inat_377192494_689729414,echinocactus,echinocactus,0.9606,0.9606,0,pending,0
inat_377202748_689749543,echinocactus,echinocactus,0.9341,0.9341,0,pending,0
inat_377241714_689824370,echinocactus,echinocactus,0.9296,0.9296,0,pending,0
inat_377378001_690094822,echinocactus,parodia,0.3141,0.3985,0,not_potted,1
inat_377543705_690414783,echinocactus,echinocactus,0.8464,0.8464,0,pending,0
inat_378599173_692436973,echinocactus,echinocactus,0.9058,0.9058,0,pending,0
inat_378690956_692625985,echinocactus,echinocactus,0.9448,0.9448,0,pending,0
inat_378721125_692682014,echinocactus,echinocactus,0.6233,0.6233,0,not_potted,0
inat_378790855_692813354,echinocactus,echinocactus,0.9435,0.9435,0,pending,0
inat_379484673_694154116,echinocactus,echinocactus,0.9403,0.9403,0,pending,0
inat_379609046_694401910,echinocactus,echinocactus,0.944,0.944,0,pending,0
inat_379714497_694603625,echinocactus,echinocactus,0.8642,0.8642,0,pending,0
inat_379886445_694938411,echinocactus,echinocactus,0.3681,0.3681,0,pending,1
inat_379915613_694995405,echinocactus,echinocactus,0.8746,0.8746,0,pending,0
inat_380392508_695915841,echinocactus,echinocactus,0.7027,0.7027,0,pending,0
inat_380516933_696158461,echinocactus,echinocactus,0.9173,0.9173,0,pending,0
inat_381393992_697854854,echinocactus,echinocactus,0.92,0.92,0,pending,0
inat_381517614_698095464,echinocactus,echinocactus,0.9269,0.9269,0,pending,0
inat_382106034_699231798,echinocactus,echinocactus,0.8542,0.8542,0,pending,0
inat_382335046_699672709,echinocactus,echinocactus,0.9228,0.9228,0,pending,0
inat_382877028_700717463,echinocactus,echinocactus,0.9355,0.9355,0,pending,0
inat_383050281_701157010,echinocactus,echinocactus,0.9474,0.9474,0,pending,0
inat_384032707_702938949,echinocactus,echinocactus,0.9373,0.9373,0,pending,0
inat_384744911_704316918,echinocactus,echinocactus,0.9137,0.9137,0,pending,0
inat_386528241_707722581,echinocactus,echinocactus,0.9226,0.9226,0,pending,0
inat_387361577_709316859,echinocactus,echinocactus,0.9159,0.9159,0,pending,0
inat_387424763_709441295,echinocactus,echinocactus,0.9495,0.9495,0,pending,0
inat_387611456_709797384,echinocactus,echinocactus,0.9323,0.9323,0,pending,0
inat_387666128_709903108,echinocactus,echinocactus,0.8525,0.8525,0,pending,0
inat_387880614_710322333,echinocactus,echinocactus,0.8819,0.8819,0,pending,0
inat_387882530_710326029,echinocactus,echinocactus,0.8543,0.8543,0,pending,0
inat_388189336_710932835,echinocactus,echinocactus,0.9119,0.9119,0,pending,0
inat_388298020_711142747,echinocactus,echinocactus,0.8829,0.8829,0,pending,0
inat_388896870_712317773,echinocactus,echinocactus,0.928,0.928,0,pending,0
inat_389121669_712729939,echinocactus,echinocactus,0.8605,0.8605,0,pending,0
inat_389483026_713431181,echinocactus,echinocactus,0.9485,0.9485,0,pending,0
inat_389849487_714147006,echinocactus,echinocactus,0.93,0.93,0,pending,0
inat_389912882_714275597,echinocactus,echinocactus,0.9139,0.9139,0,pending,0
inat_390135513_714708063,echinocactus,echinocactus,0.9523,0.9523,0,pending,0
inat_390333601_715097096,echinocactus,echinocactus,0.9282,0.9282,0,pending,0
inat_390542854_715509757,echinocactus,echinocactus,0.9396,0.9396,0,pending,0
inat_390890100_716177633,echinocactus,echinocactus,0.9553,0.9553,0,pending,0
inat_390966519_716329039,echinocactus,echinocactus,0.2387,0.2387,0,ok,1
inat_391061984_716520080,echinocactus,echinocactus,0.7036,0.7036,0,blurry,0
inat_391935119_718207288,echinocactus,echinocactus,0.9157,0.9157,0,pending,0
inat_392151031_718628328,echinocactus,echinocactus,0.6234,0.6234,0,pending,0
inat_392865397_720029020,echinocactus,echinocactus,0.9297,0.9297,0,pending,0
inat_393018845_720326227,echinocactus,echinocactus,0.9111,0.9111,0,pending,0
inat_393458504_721189991,echinocactus,echinocactus,0.9027,0.9027,0,pending,0
inat_394081508_722411650,echinocactus,echinocactus,0.9023,0.9023,0,pending,0
inat_394229418_722702747,echinocactus,echinocactus,0.9171,0.9171,0,pending,0
inat_394495484_723223166,echinocactus,echinocactus,0.9365,0.9365,0,pending,0
inat_394502630_723236859,echinocactus,echinocactus,0.9294,0.9294,0,pending,0
inat_395243006_724692664,echinocactus,echinocactus,0.8907,0.8907,0,pending,0
inat_396555922_727240190,echinocactus,echinocactus,0.951,0.951,0,pending,0
inat_396960316_728009900,echinocactus,echinocactus,0.9405,0.9405,0,pending,0
inat_398156036_730349473,echinocactus,echinocactus,0.8834,0.8834,0,not_potted,0
inat_398423473_730879520,echinocactus,echinocactus,0.5773,0.5773,0,pending,0
inat_398626054_731274445,echinocactus,echinocactus,0.9132,0.9132,0,pending,0
inat_399756994_733467428,echinocactus,echinocactus,0.9182,0.9182,0,pending,0
inat_400072705_734087798,echinocactus,parodia,0.1537,0.462,0,ok,1
inat_400153214_734253606,echinocactus,echinocactus,0.8674,0.8674,0,pending,0
inat_100995299_168621854,echinopsis,echinopsis,0.6993,0.6993,0,pending,0
inat_107572957_180950125,echinopsis,echinopsis,0.845,0.845,0,pending,0
inat_109040817_183705643,echinopsis,echinopsis,0.704,0.704,0,pending,0
inat_109449371_184471005,echinopsis,echinopsis,0.7392,0.7392,0,pending,0
inat_110497738_186408731,echinopsis,echinopsis,0.8114,0.8114,0,pending,0
inat_113024415_190957561,echinopsis,echinopsis,0.8136,0.8136,0,pending,0
inat_113187721_191248686,echinopsis,echinopsis,0.9438,0.9438,0,pending,0
inat_113885787_192361478,echinopsis,echinopsis,0.4047,0.4047,0,pending,1
inat_118867664_200882749,echinopsis,echinopsis,0.6086,0.6086,0,pending,0
inat_123291578_208847294,echinopsis,echinopsis,0.8653,0.8653,0,pending,0
inat_128302294_217921018,echinopsis,astrophytum,0.058,0.3761,0,pending,1
inat_128855363_218907705,echinopsis,echinopsis,0.916,0.916,0,pending,0
inat_130095437_221188266,echinopsis,echinocactus,0.0607,0.7009,0,pending,1
inat_137246560_234364508,echinopsis,echinopsis,0.9514,0.9514,0,pending,0
inat_140800249_241069682,echinopsis,gymnocalycium,0.0639,0.7252,0,pending,1
inat_141806920_243016656,echinopsis,echinopsis,0.9643,0.9643,0,pending,0
inat_148014048_254805919,echinopsis,echinopsis,0.9259,0.9259,0,pending,0
inat_152569406_263395235,echinopsis,echinopsis,0.9589,0.9589,0,pending,0
inat_152668317_263577366,echinopsis,echinopsis,0.7898,0.7898,0,pending,0
inat_153962689_265979984,echinopsis,echinopsis,0.924,0.924,0,pending,0
inat_156028653_269765548,echinopsis,echinopsis,0.8649,0.8649,0,pending,0
inat_157445948_272233085,echinopsis,echinopsis,0.9418,0.9418,0,pending,0
inat_159544847_275657414,echinopsis,astrophytum,0.1909,0.5717,0,pending,1
inat_159571707_275706601,echinopsis,echinopsis,0.9309,0.9309,0,pending,0
inat_161825384_279733048,echinopsis,echinopsis,0.9204,0.9204,0,pending,0
inat_163028350_281932023,echinopsis,echinopsis,0.8947,0.8947,0,pending,0
inat_164214589_284103897,echinopsis,echinopsis,0.9663,0.9663,0,pending,0
inat_174146963_302482009,echinopsis,gymnocalycium,0.1943,0.4667,0,pending,1
inat_175602069_305190952,echinopsis,echinopsis,0.9091,0.9091,0,pending,0
inat_183859763_320832102,echinopsis,echinopsis,0.9406,0.9406,0,pending,0
inat_186959358_326845260,echinopsis,echinopsis,0.9453,0.9453,0,pending,0
inat_193420843_339776039,echinopsis,astrophytum,0.0621,0.7266,0,pending,1
inat_195094988_343125532,echinopsis,echinopsis,0.4659,0.4659,0,pending,1
inat_196075861_345110685,echinopsis,echinopsis,0.5927,0.5927,0,pending,0
inat_196918984_346691562,echinopsis,echinopsis,0.9741,0.9741,0,pending,0
inat_202524932_357695314,echinopsis,echinopsis,0.8831,0.8831,0,pending,0
inat_207897685_367788061,echinopsis,echinopsis,0.9305,0.9305,0,pending,0
inat_209036584_369904298,echinopsis,parodia,0.0188,0.7114,0,pending,1
inat_209392387_370558496,echinopsis,echinopsis,0.8573,0.8573,0,pending,0
inat_211781577_374340530,echinopsis,mammillaria,0.0392,0.9001,0,pending,1
inat_213544950_377350727,echinopsis,echinopsis,0.6887,0.6887,0,pending,0
inat_228696913_405861082,echinopsis,echinopsis,0.8191,0.8191,0,pending,0
inat_238236536_424112662,echinopsis,echinopsis,0.8517,0.8517,0,pending,0
inat_238796006_425192369,echinopsis,echinopsis,0.7577,0.7577,0,pending,0
inat_242771084_432824021,echinopsis,echinopsis,0.9461,0.9461,0,pending,0
inat_242878753_433026991,echinopsis,gymnocalycium,0.0176,0.7478,0,blurry,1
inat_242978519_433212620,echinopsis,echinopsis,0.8831,0.8831,0,pending,0
inat_243148639_433531608,echinopsis,echinopsis,0.9295,0.9295,0,pending,0
inat_243749084_434687995,echinopsis,echinopsis,0.932,0.932,0,pending,0
inat_245063899_437240961,echinopsis,echinopsis,0.9357,0.9357,0,pending,0
inat_245094004_437297074,echinopsis,echinopsis,0.9506,0.9506,0,pending,0
inat_245725273_438537819,echinopsis,echinopsis,0.931,0.931,0,pending,0
inat_246488003_440049772,echinopsis,echinopsis,0.8409,0.8409,0,pending,0
inat_246963187_440982122,echinopsis,echinopsis,0.7895,0.7895,0,pending,0
inat_252907191_452780069,echinopsis,echinopsis,0.7991,0.7991,0,pending,0
inat_253139360_453208293,echinopsis,echinopsis,0.8864,0.8864,0,pending,0
inat_253342807_453600714,echinopsis,echinopsis,0.8109,0.8109,0,pending,0
inat_263513599_473409931,echinopsis,echinopsis,0.8247,0.8247,0,blurry,0
inat_266224393_478310412,echinopsis,echinopsis,0.9069,0.9069,0,pending,0
inat_266963277_479697727,echinopsis,echinopsis,0.9317,0.9317,0,pending,0
inat_273475377_491853098,echinopsis,echinopsis,0.8697,0.8697,0,pending,0
inat_273817791_492381550,echinopsis,echinopsis,0.8194,0.8194,0,pending,0
inat_273967600_492617335,echinopsis,gymnocalycium,0.3688,0.4925,0,ok,1
inat_274683763_493756162,echinopsis,echinopsis,0.634,0.634,0,pending,0
inat_275255894_494658270,echinopsis,echinopsis,0.6379,0.6379,0,pending,0
inat_276227775_496106167,echinopsis,echinopsis,0.9714,0.9714,0,pending,0
inat_276340988_496285779,echinopsis,echinopsis,0.8858,0.8858,0,pending,0
inat_276421891_496409108,echinopsis,echinopsis,0.9111,0.9111,0,pending,0
inat_276749516_496969701,echinopsis,echinopsis,0.9609,0.9609,0,pending,0
inat_278109292_499360836,echinopsis,echinopsis,0.886,0.886,0,pending,0
inat_279120609_501207569,echinopsis,echinopsis,0.9283,0.9283,0,ok,0
inat_279373742_501671033,echinopsis,echinopsis,0.8103,0.8103,0,pending,0
inat_279568762_502037003,echinopsis,echinopsis,0.8935,0.8935,0,pending,0
inat_280641238_504059252,echinopsis,echinopsis,0.917,0.917,0,pending,0
inat_280920387_504592603,echinopsis,echinopsis,0.8444,0.8444,0,pending,0
inat_281096905_504920852,echinopsis,echinopsis,0.9143,0.9143,0,not_potted,0
inat_281468364_505626021,echinopsis,echinopsis,0.9607,0.9607,0,pending,0
inat_282581775_507704682,echinopsis,echinopsis,0.7485,0.7485,0,ok,0
inat_283953101_510264711,echinopsis,echinopsis,0.8887,0.8887,0,pending,0
inat_286647749_515339554,echinopsis,echinopsis,0.696,0.696,0,pending,0
inat_287250943_516485997,echinopsis,gymnocalycium,0.2595,0.5237,0,ok,1
inat_287615334_517158744,echinopsis,echinopsis,0.9746,0.9746,0,pending,0
inat_288083143_518037778,echinopsis,echinopsis,0.9618,0.9618,0,pending,0
inat_290698591_522969641,echinopsis,echinopsis,0.9024,0.9024,0,pending,0
inat_294411836_529923353,echinopsis,echinopsis,0.9135,0.9135,0,pending,0
inat_294481326_530054112,echinopsis,echinopsis,0.4995,0.4995,0,ok,1
inat_294496745_530084360,echinopsis,echinopsis,0.9321,0.9321,0,pending,0
inat_294566743_530214739,echinopsis,echinopsis,0.9808,0.9808,0,pending,0
inat_296143042_533207162,echinopsis,echinopsis,0.9006,0.9006,0,pending,0
inat_296260358_533432890,echinopsis,echinopsis,0.9151,0.9151,0,pending,0
inat_296261504_539408937,echinopsis,echinopsis,0.9337,0.9337,0,not_plant,0
inat_296390168_533682326,echinopsis,echinopsis,0.9123,0.9123,0,pending,0
inat_297302642_535416296,echinopsis,echinopsis,0.9542,0.9542,0,ok,0
inat_298555711_537792021,echinopsis,echinopsis,0.9598,0.9598,0,pending,0
inat_303436265_546914138,echinopsis,echinopsis,0.6677,0.6677,0,pending,0
inat_304629726_549189810,echinopsis,echinopsis,0.8916,0.8916,0,pending,0
inat_305608167_551035292,echinopsis,echinopsis,0.8392,0.8392,0,pending,0
inat_306583992_552900103,echinopsis,echinopsis,0.9449,0.9449,0,pending,0
inat_310518818_560435777,echinopsis,echinopsis,0.963,0.963,0,pending,0
inat_311573451_562461845,echinopsis,echinopsis,0.9301,0.9301,0,pending,0
inat_313299902_565768297,echinopsis,echinopsis,0.9458,0.9458,0,pending,0
inat_314626563_568275874,echinopsis,echinopsis,0.5192,0.5192,0,pending,0
inat_316032808_570961335,echinopsis,echinopsis,0.9363,0.9363,0,pending,0
inat_317496309_573721100,echinopsis,echinopsis,0.6789,0.6789,0,pending,0
inat_318562296_575760695,echinopsis,echinopsis,0.9054,0.9054,0,pending,0
inat_319300501_577170912,echinopsis,echinopsis,0.7535,0.7535,0,pending,0
inat_319553922_577655556,echinopsis,echinopsis,0.8873,0.8873,0,pending,0
inat_321982980_582389798,echinopsis,echinopsis,0.9014,0.9014,0,pending,0
inat_323954723_586258306,echinopsis,echinopsis,0.8618,0.8618,0,pending,0
inat_325319428_588988052,echinopsis,echinopsis,0.9301,0.9301,0,pending,0
inat_326612124_591566447,echinopsis,echinopsis,0.8201,0.8201,0,pending,0
inat_326717599_591775530,echinopsis,echinopsis,0.932,0.932,0,pending,0
inat_327479606_593297429,echinopsis,echinopsis,0.5916,0.5916,0,ok,0
inat_327521135_593377647,echinopsis,echinopsis,0.8621,0.8621,0,pending,0
inat_327809113_593929850,echinopsis,echinopsis,0.9168,0.9168,0,pending,0
inat_328181289_594638748,echinopsis,mammillaria,0.0967,0.7823,0,ok,1
inat_329022098_596331176,echinopsis,echinopsis,0.8751,0.8751,0,ok,0
inat_329075280_596432452,echinopsis,echinopsis,0.8531,0.8531,0,pending,0
inat_329293948_596873729,echinopsis,echinopsis,0.8846,0.8846,0,pending,0
inat_330012108_598324345,echinopsis,echinopsis,0.6919,0.6919,0,pending,0
inat_337696685_613948548,echinopsis,echinopsis,0.865,0.865,0,pending,0
inat_338013409_614599742,echinopsis,echinopsis,0.9153,0.9153,0,pending,0
inat_338245641_615074194,echinopsis,echinopsis,0.8504,0.8504,0,pending,0
inat_338821133_616242154,echinopsis,echinopsis,0.9175,0.9175,0,pending,0
inat_339044946_616679455,echinopsis,echinopsis,0.5779,0.5779,0,ok,0
inat_342293117_623302506,echinopsis,echinopsis,0.958,0.958,0,pending,0
inat_342807176_624327382,echinopsis,echinopsis,0.8374,0.8374,0,pending,0
inat_343599884_625934887,echinopsis,echinopsis,0.9542,0.9542,0,pending,0
inat_347779455_634171471,echinopsis,echinopsis,0.856,0.856,0,ok,0
inat_351299703_641054116,echinopsis,gymnocalycium,0.3801,0.4732,0,ok,1
inat_353486394_644966925,echinopsis,echinopsis,0.919,0.919,0,pending,0
inat_355021231_647589266,echinopsis,echinopsis,0.9208,0.9208,0,pending,0
inat_356712749_650533177,echinopsis,echinopsis,0.9089,0.9089,0,pending,0
inat_358074908_653162670,echinopsis,echinopsis,0.8832,0.8832,0,pending,0
inat_358860510_654700467,echinopsis,echinopsis,0.9251,0.9251,0,pending,0
inat_358861233_654701601,echinopsis,echinopsis,0.9084,0.9084,0,ok,0
inat_360728934_658255500,echinopsis,echinopsis,0.9106,0.9106,0,pending,0
inat_361187277_659145650,echinopsis,echinopsis,0.9132,0.9132,0,pending,0
inat_361279992_659320524,echinopsis,echinopsis,0.956,0.956,0,pending,0
inat_364347452_665128022,echinopsis,echinopsis,0.9325,0.9325,0,pending,0
inat_367290649_670734791,echinopsis,echinopsis,0.9223,0.9223,0,pending,0
inat_368046514_672185087,echinopsis,echinocactus,0.0367,0.8878,0,not_potted,1
inat_368911386_673838965,echinopsis,echinopsis,0.9326,0.9326,0,pending,0
inat_371433493_678635301,echinopsis,echinopsis,0.8724,0.8724,0,pending,0
inat_372955164_681547948,echinopsis,echinopsis,0.7807,0.7807,0,pending,0
inat_377941129_691186742,echinopsis,astrophytum,0.2262,0.3185,0,pending,1
inat_378165306_691612956,echinopsis,echinopsis,0.9516,0.9516,0,pending,0
inat_379061133_693343701,echinopsis,echinopsis,0.9014,0.9014,0,ok,0
inat_379231527_693668887,echinopsis,echinopsis,0.9152,0.9152,0,pending,0
inat_387381332_709354876,echinopsis,echinopsis,0.95,0.95,0,pending,0
inat_388571509_711680263,echinopsis,echinopsis,0.9323,0.9323,0,pending,0
inat_389799463_714044887,echinopsis,echinopsis,0.9406,0.9406,0,pending,0
inat_390204177_714845812,echinopsis,echinopsis,0.7938,0.7938,0,pending,0
inat_391635219_717639554,echinopsis,echinopsis,0.9194,0.9194,0,pending,0
inat_393261005_720799382,echinopsis,echinopsis,0.9014,0.9014,0,pending,0
inat_394761343_723741984,echinopsis,echinopsis,0.8632,0.8632,0,pending,0
inat_395438747_725081268,echinopsis,echinopsis,0.9181,0.9181,0,pending,0
inat_396550633_727228209,echinopsis,echinopsis,0.8678,0.8678,0,pending,0
inat_397518641_729102532,echinopsis,echinopsis,0.9519,0.9519,0,pending,0
inat_397663679_729391067,echinopsis,mammillaria,0.2453,0.6027,0,pending,1
inat_398009762_730071718,echinopsis,echinopsis,0.9224,0.9224,0,pending,0
inat_398009850_730071879,echinopsis,echinopsis,0.9083,0.9083,0,pending,0
inat_399001664_732000427,echinopsis,echinopsis,0.9538,0.9538,0,pending,0
inat_401261664_736463230,echinopsis,echinopsis,0.9003,0.9003,0,pending,0
inat_69363517_112523539,echinopsis,echinopsis,0.9198,0.9198,0,pending,0
inat_71438448_116310959,echinopsis,echinopsis,0.9071,0.9071,0,pending,0
inat_87065931_143619704,echinopsis,echinopsis,0.9672,0.9672,0,pending,0
inat_97620333_162382180,echinopsis,echinopsis,0.4594,0.4594,0,pending,1
inat_98365596_163755356,echinopsis,echinopsis,0.8497,0.8497,0,pending,0
inat_99386702_165664846,echinopsis,parodia,0.2713,0.4066,0,pending,1
inat_99455835_165795399,echinopsis,parodia,0.1506,0.6494,0,pending,1
inat_213121208_376633688,gymnocalycium,gymnocalycium,0.9259,0.9259,0,pending,0
inat_215758461_381488750,gymnocalycium,gymnocalycium,0.5363,0.5363,0,ok,0
inat_215995713_381946528,gymnocalycium,gymnocalycium,0.8592,0.8592,0,pending,0
inat_216324892_382570500,gymnocalycium,gymnocalycium,0.8044,0.8044,0,pending,0
inat_222340050_393838301,gymnocalycium,gymnocalycium,0.8903,0.8903,0,pending,0
inat_224590658_398081154,gymnocalycium,gymnocalycium,0.8416,0.8416,0,not_potted,0
inat_227662992_403904238,gymnocalycium,gymnocalycium,0.9061,0.9061,0,pending,0
inat_229118556_406666929,gymnocalycium,gymnocalycium,0.8255,0.8255,0,pending,0
inat_230422156_409141625,gymnocalycium,gymnocalycium,0.9244,0.9244,0,pending,0
inat_232499663_413066260,gymnocalycium,echinopsis,0.0336,0.8165,0,not_plant,1
inat_235554216_418938220,gymnocalycium,gymnocalycium,0.9439,0.9439,0,pending,0
inat_240626680_428697666,gymnocalycium,gymnocalycium,0.3787,0.3787,0,pending,1
inat_244524863_436183561,gymnocalycium,echinopsis,0.1049,0.6883,0,ok,1
inat_251521910_450063810,gymnocalycium,gymnocalycium,0.9189,0.9189,0,pending,0
inat_251788084_450594438,gymnocalycium,gymnocalycium,0.8002,0.8002,0,pending,0
inat_252657887_452321867,gymnocalycium,gymnocalycium,0.9272,0.9272,0,pending,0
inat_252891251_452753002,gymnocalycium,gymnocalycium,0.9323,0.9323,0,pending,0
inat_253661365_454236667,gymnocalycium,gymnocalycium,0.3757,0.3757,0,pending,1
inat_256337040_459573924,gymnocalycium,gymnocalycium,0.8212,0.8212,0,pending,0
inat_259908123_466650841,gymnocalycium,gymnocalycium,0.936,0.936,0,pending,0
inat_260784703_468390065,gymnocalycium,gymnocalycium,0.9055,0.9055,0,pending,0
inat_261355550_469522174,gymnocalycium,gymnocalycium,0.8019,0.8019,0,pending,0
inat_263642564_473665257,gymnocalycium,gymnocalycium,0.7982,0.7982,0,pending,0
inat_268453668_482534439,gymnocalycium,gymnocalycium,0.8839,0.8839,0,pending,0
inat_268791169_483192765,gymnocalycium,gymnocalycium,0.8286,0.8286,0,pending,0
inat_270104566_485719213,gymnocalycium,gymnocalycium,0.8409,0.8409,0,pending,0
inat_270489031_486454172,gymnocalycium,parodia,0.0722,0.8128,0,not_potted,1
inat_270635821_486740405,gymnocalycium,gymnocalycium,0.8972,0.8972,0,pending,0
inat_270641862_486750133,gymnocalycium,gymnocalycium,0.5873,0.5873,0,ok,0
inat_270730477_486915804,gymnocalycium,gymnocalycium,0.911,0.911,0,pending,0
inat_274071314_492779164,gymnocalycium,gymnocalycium,0.9096,0.9096,0,pending,0
inat_274469769_493429776,gymnocalycium,gymnocalycium,0.6013,0.6013,0,pending,0
inat_274796008_493927190,gymnocalycium,gymnocalycium,0.924,0.924,0,pending,0
inat_275525769_495074559,gymnocalycium,gymnocalycium,0.963,0.963,0,pending,0
inat_275580221_495126671,gymnocalycium,gymnocalycium,0.6691,0.6691,0,pending,0
inat_276211851_496080774,gymnocalycium,gymnocalycium,0.8982,0.8982,0,pending,0
inat_277129729_497625851,gymnocalycium,gymnocalycium,0.9088,0.9088,0,pending,0
inat_278285742_499684475,gymnocalycium,gymnocalycium,0.9191,0.9191,0,pending,0
inat_282835648_508181233,gymnocalycium,gymnocalycium,0.9461,0.9461,0,ok,0
inat_284785253_511847511,gymnocalycium,echinopsis,0.1426,0.5499,0,pending,1
inat_288751323_519303912,gymnocalycium,echinopsis,0.0316,0.8764,0,pending,1
inat_294581781_530241287,gymnocalycium,gymnocalycium,0.754,0.754,0,pending,0
inat_297328063_535462061,gymnocalycium,gymnocalycium,0.922,0.922,0,pending,0
inat_299755869_540054077,gymnocalycium,gymnocalycium,0.6206,0.6206,0,pending,0
inat_304172051_548315163,gymnocalycium,gymnocalycium,0.6788,0.6788,0,multi_plant,0
inat_305132702_550135409,gymnocalycium,parodia,0.1492,0.5163,0,ok,1
inat_305414471_550670612,gymnocalycium,gymnocalycium,0.8835,0.8835,0,pending,0
inat_307154912_553983285,gymnocalycium,gymnocalycium,0.8994,0.8994,0,pending,0
inat_308815614_557186849,gymnocalycium,gymnocalycium,0.8815,0.8815,0,pending,0
inat_311559005_562435054,gymnocalycium,gymnocalycium,0.8424,0.8424,0,pending,0
inat_312948668_565090359,gymnocalycium,gymnocalycium,0.8282,0.8282,0,pending,0
inat_314013531_567124192,gymnocalycium,gymnocalycium,0.8513,0.8513,0,pending,0
inat_316662579_572153145,gymnocalycium,mammillaria,0.2689,0.5916,0,pending,1
inat_317752382_574209682,gymnocalycium,gymnocalycium,0.8651,0.8651,0,pending,0
inat_319465990_577487130,gymnocalycium,gymnocalycium,0.9591,0.9591,0,pending,0
inat_320280429_579051349,gymnocalycium,gymnocalycium,0.8899,0.8899,0,pending,0
inat_322637361_583695855,gymnocalycium,gymnocalycium,0.9432,0.9432,0,pending,0
inat_325135332_588625138,gymnocalycium,gymnocalycium,0.8169,0.8169,0,pending,0
inat_330938014_600227688,gymnocalycium,gymnocalycium,0.526,0.526,0,ok,0
inat_335276642_609043877,gymnocalycium,gymnocalycium,0.8003,0.8003,0,pending,0
inat_338259271_615102372,gymnocalycium,gymnocalycium,0.9639,0.9639,0,pending,0
inat_338366967_615325523,gymnocalycium,gymnocalycium,0.9235,0.9235,0,pending,0
inat_340130123_618903619,gymnocalycium,gymnocalycium,0.9418,0.9418,0,pending,0
inat_343580470_625897531,gymnocalycium,parodia,0.0613,0.3029,0,not_potted,1
inat_349315324_637200771,gymnocalycium,gymnocalycium,0.9204,0.9204,0,pending,0
inat_349571195_637708621,gymnocalycium,gymnocalycium,0.8757,0.8757,0,pending,0
inat_351519295_641490721,gymnocalycium,gymnocalycium,0.8541,0.8541,0,pending,0
inat_353169861_644446716,gymnocalycium,gymnocalycium,0.512,0.512,0,pending,0
inat_356121195_649424306,gymnocalycium,gymnocalycium,0.4607,0.4607,0,pending,1
inat_357012523_651101830,gymnocalycium,gymnocalycium,0.7146,0.7146,0,pending,0
inat_362501937_661701330,gymnocalycium,gymnocalycium,0.7334,0.7334,0,pending,0
inat_365000164_666368545,gymnocalycium,echinopsis,0.1396,0.6158,0,not_plant,1
inat_370806464_677446020,gymnocalycium,gymnocalycium,0.537,0.537,0,ok,0
inat_373963674_683387844,gymnocalycium,gymnocalycium,0.7253,0.7253,0,pending,0
inat_373963676_683387843,gymnocalycium,mammillaria,0.1396,0.6683,0,ok,1
inat_387736980_710040538,gymnocalycium,gymnocalycium,0.6426,0.6426,0,pending,0
inat_388420279_711387124,gymnocalycium,gymnocalycium,0.5223,0.5223,0,pending,0
inat_392944272_720180218,gymnocalycium,parodia,0.1897,0.2566,0,pending,1
inat_393789150_721835277,gymnocalycium,gymnocalycium,0.8237,0.8237,0,pending,0
inat_395184576_724583866,gymnocalycium,gymnocalycium,0.9165,0.9165,0,pending,0
inat_100192568_167187879,mammillaria,mammillaria,0.9428,0.9428,0,pending,0
inat_102951337_172203003,mammillaria,mammillaria,0.9572,0.9572,0,pending,0
inat_104641545_175383232,mammillaria,mammillaria,0.9344,0.9344,0,pending,0
inat_105953569_177895413,mammillaria,mammillaria,0.9633,0.9633,0,pending,0
inat_106395464_178721034,mammillaria,mammillaria,0.8931,0.8931,0,pending,0
inat_106624488_179153177,mammillaria,mammillaria,0.9228,0.9228,0,pending,0
inat_11096393_15674021,mammillaria,mammillaria,0.9056,0.9056,0,pending,0
inat_11787215_16858520,mammillaria,mammillaria,0.9191,0.9191,0,pending,0
inat_132539327_225694310,mammillaria,mammillaria,0.9218,0.9218,0,pending,0
inat_144278467_247595268,mammillaria,mammillaria,0.949,0.949,0,pending,0
inat_147976111_254729234,mammillaria,mammillaria,0.9238,0.9238,0,pending,0
inat_148238541_255236316,mammillaria,mammillaria,0.9385,0.9385,0,pending,0
inat_148283657_255390633,mammillaria,mammillaria,0.9345,0.9345,0,pending,0
inat_150016128_258596886,mammillaria,mammillaria,0.9204,0.9204,0,pending,0
inat_151185373_260819241,mammillaria,mammillaria,0.9207,0.9207,0,pending,0
inat_152001850_262353603,mammillaria,mammillaria,0.9078,0.9078,0,pending,0
inat_153174341_264524942,mammillaria,mammillaria,0.8917,0.8917,0,pending,0
inat_157307314_272001894,mammillaria,mammillaria,0.6935,0.6935,0,pending,0
inat_158712413_274251443,mammillaria,mammillaria,0.9204,0.9204,0,pending,0
inat_159065048_274817186,mammillaria,mammillaria,0.88,0.88,0,pending,0
inat_159521666_275614377,mammillaria,mammillaria,0.9526,0.9526,0,pending,0
inat_159887764_276272393,mammillaria,mammillaria,0.9303,0.9303,0,pending,0
inat_161007644_278262526,mammillaria,mammillaria,0.8236,0.8236,0,pending,0
inat_162532851_281041495,mammillaria,mammillaria,0.9242,0.9242,0,pending,0
inat_167032900_289305412,mammillaria,mammillaria,0.9127,0.9127,0,pending,0
inat_172543067_299542112,mammillaria,mammillaria,0.9412,0.9412,0,pending,0
inat_177393190_308520139,mammillaria,mammillaria,0.9333,0.9333,0,pending,0
inat_192320688_337589380,mammillaria,mammillaria,0.9301,0.9301,0,pending,0
inat_195222166_343382932,mammillaria,mammillaria,0.9007,0.9007,0,pending,0
inat_196301603_345563259,mammillaria,mammillaria,0.8157,0.8157,0,pending,0
inat_196447850_345865534,mammillaria,mammillaria,0.9219,0.9219,0,pending,0
inat_196467491_345905121,mammillaria,mammillaria,0.9328,0.9328,0,pending,0
inat_196840700_346533102,mammillaria,mammillaria,0.9142,0.9142,0,pending,0
inat_198967085_350791647,mammillaria,mammillaria,0.9386,0.9386,0,pending,0
inat_200225251_353218467,mammillaria,mammillaria,0.9198,0.9198,0,pending,0
inat_201711518_356113820,mammillaria,mammillaria,0.8819,0.8819,0,pending,0
inat_201875936_356437183,mammillaria,mammillaria,0.9273,0.9273,0,pending,0
inat_202397884_357452990,mammillaria,mammillaria,0.9044,0.9044,0,pending,0
inat_203670582_359880347,mammillaria,mammillaria,0.9664,0.9664,0,pending,0
inat_204904373_362236482,mammillaria,mammillaria,0.8886,0.8886,0,pending,0
inat_205533007_363430818,mammillaria,mammillaria,0.9499,0.9499,0,pending,0
inat_206447753_367530093,mammillaria,mammillaria,0.9239,0.9239,0,pending,0
inat_207637338_367293730,mammillaria,mammillaria,0.9384,0.9384,0,pending,0
inat_207716458_367447442,mammillaria,mammillaria,0.95,0.95,0,pending,0
inat_209267594_370333910,mammillaria,mammillaria,0.892,0.892,0,pending,0
inat_209769228_371144315,mammillaria,mammillaria,0.9015,0.9015,0,pending,0
inat_210739755_372708417,mammillaria,mammillaria,0.9128,0.9128,0,pending,0
inat_211506311_373924236,mammillaria,mammillaria,0.9572,0.9572,0,pending,0
inat_211673890_374175007,mammillaria,mammillaria,0.9461,0.9461,0,pending,0
inat_211704018_374220218,mammillaria,mammillaria,0.8375,0.8375,0,pending,0
inat_212105139_374850316,mammillaria,mammillaria,0.9435,0.9435,0,pending,0
inat_212620857_375739665,mammillaria,mammillaria,0.9011,0.9011,0,pending,0
inat_213586384_377476261,mammillaria,mammillaria,0.8811,0.8811,0,pending,0
inat_214701543_379521487,mammillaria,mammillaria,0.9418,0.9418,0,pending,0
inat_214734679_379586911,mammillaria,mammillaria,0.9443,0.9443,0,pending,0
inat_215291434_380616455,mammillaria,mammillaria,0.9475,0.9475,0,pending,0
inat_216273706_382478679,mammillaria,mammillaria,0.9099,0.9099,0,pending,0
inat_217618825_385004184,mammillaria,mammillaria,0.8836,0.8836,0,pending,0
inat_227256980_403139471,mammillaria,mammillaria,0.9204,0.9204,0,pending,0
inat_227514767_403624805,mammillaria,mammillaria,0.9438,0.9438,0,pending,0
inat_23116541_35836616,mammillaria,mammillaria,0.9393,0.9393,0,pending,0
inat_231210990_410620224,mammillaria,mammillaria,0.925,0.925,0,pending,0
inat_236204816_420195546,mammillaria,mammillaria,0.9721,0.9721,0,pending,0
inat_240628803_428727603,mammillaria,mammillaria,0.921,0.921,0,pending,0
inat_241655139_430714377,mammillaria,mammillaria,0.8377,0.8377,0,pending,0
inat_24422473_37766773,mammillaria,mammillaria,0.9418,0.9418,0,pending,0
inat_244515773_436164296,mammillaria,mammillaria,0.9108,0.9108,0,pending,0
inat_24629843_38081616,mammillaria,mammillaria,0.8821,0.8821,0,pending,0
inat_24629848_38081690,mammillaria,mammillaria,0.841,0.841,0,pending,0
inat_246688395_440440568,mammillaria,mammillaria,0.8803,0.8803,0,pending,0
inat_251347185_449717539,mammillaria,mammillaria,0.903,0.903,0,pending,0
inat_253747193_454404593,mammillaria,mammillaria,0.7566,0.7566,0,pending,0
inat_253747206_454404641,mammillaria,mammillaria,0.9305,0.9305,0,pending,0
inat_255776485_458446831,mammillaria,mammillaria,0.8453,0.8453,0,pending,0
inat_259097615_465025330,mammillaria,mammillaria,0.7793,0.7793,0,pending,0
inat_260629590_468083924,mammillaria,mammillaria,0.9032,0.9032,0,pending,0
inat_265765085_477423938,mammillaria,mammillaria,0.9318,0.9318,0,pending,0
inat_268107950_481885545,mammillaria,mammillaria,0.9594,0.9594,0,pending,0
inat_268111904_481892808,mammillaria,mammillaria,0.9108,0.9108,0,pending,0
inat_268113313_481891003,mammillaria,mammillaria,0.9349,0.9349,0,pending,0
inat_268453641_482529915,mammillaria,mammillaria,0.9101,0.9101,0,pending,0
inat_268453666_482534091,mammillaria,mammillaria,0.9187,0.9187,0,pending,0
inat_26884106_41770429,mammillaria,mammillaria,0.8647,0.8647,0,pending,0
inat_269130133_483856862,mammillaria,mammillaria,0.9289,0.9289,0,pending,0
inat_270629068_486727261,mammillaria,mammillaria,0.9333,0.9333,0,pending,0
inat_270882296_487205470,mammillaria,mammillaria,0.8824,0.8824,0,pending,0
inat_271408416_488204496,mammillaria,mammillaria,0.9354,0.9354,0,pending,0
inat_272046511_489406814,mammillaria,mammillaria,0.8745,0.8745,0,pending,0
inat_273537226_491954566,mammillaria,mammillaria,0.9596,0.9596,0,pending,0
inat_274706178_493790265,mammillaria,mammillaria,0.8577,0.8577,0,pending,0
inat_274823211_493969567,mammillaria,mammillaria,0.8738,0.8738,0,pending,0
inat_275091531_494395818,mammillaria,mammillaria,0.8979,0.8979,0,pending,0
inat_275165538_494510606,mammillaria,mammillaria,0.9143,0.9143,0,pending,0
inat_275324538_494771258,mammillaria,mammillaria,0.8345,0.8345,0,pending,0
inat_275805712_495473606,mammillaria,mammillaria,0.8897,0.8897,0,pending,0
inat_275833370_495513637,mammillaria,mammillaria,0.9117,0.9117,0,pending,0
inat_276200951_496063549,mammillaria,mammillaria,0.9036,0.9036,0,pending,0
inat_276369526_496329600,mammillaria,astrophytum,0.1659,0.63,0,pending,1
inat_276454678_496459503,mammillaria,mammillaria,0.8953,0.8953,0,pending,0
inat_277106349_497583590,mammillaria,mammillaria,0.906,0.906,0,pending,0
inat_277945746_499076258,mammillaria,echinopsis,0.2895,0.6572,0,pending,1
inat_279532941_501967537,mammillaria,mammillaria,0.9101,0.9101,0,pending,0
inat_280858359_504470328,mammillaria,mammillaria,0.9454,0.9454,0,pending,0
inat_282017569_506650378,mammillaria,mammillaria,0.9011,0.9011,0,pending,0
inat_282444478_507444281,mammillaria,mammillaria,0.9342,0.9342,0,pending,0
inat_282836135_508175487,mammillaria,mammillaria,0.9333,0.9333,0,pending,0
inat_284048289_510439395,mammillaria,mammillaria,0.9295,0.9295,0,pending,0
inat_285719221_513574861,mammillaria,mammillaria,0.4966,0.4966,0,pending,1
inat_288839852_519467265,mammillaria,mammillaria,0.9334,0.9334,0,pending,0
inat_289427947_520574417,mammillaria,mammillaria,0.9257,0.9257,0,pending,0
inat_289986304_521620639,mammillaria,mammillaria,0.9205,0.9205,0,pending,0
inat_294700142_530463522,mammillaria,mammillaria,0.9213,0.9213,0,pending,0
inat_299770538_540083198,mammillaria,mammillaria,0.9408,0.9408,0,pending,0
inat_303430604_546904119,mammillaria,echinopsis,0.0306,0.4898,0,pending,1
inat_304995848_549875903,mammillaria,mammillaria,0.8455,0.8455,0,pending,0
inat_305745279_551304160,mammillaria,mammillaria,0.931,0.931,0,pending,0
inat_306758045_553226199,mammillaria,mammillaria,0.9376,0.9376,0,pending,0
inat_310626528_560638863,mammillaria,mammillaria,0.8669,0.8669,0,pending,0
inat_311327661_561995264,mammillaria,mammillaria,0.9307,0.9307,0,pending,0
inat_311558982_562435009,mammillaria,mammillaria,0.9328,0.9328,0,pending,0
inat_311559020_562435092,mammillaria,mammillaria,0.9476,0.9476,0,pending,0
inat_311573307_562461528,mammillaria,mammillaria,0.8237,0.8237,0,pending,0
inat_314149379_567383691,mammillaria,mammillaria,0.945,0.945,0,pending,0
inat_314906752_568817428,mammillaria,mammillaria,0.8522,0.8522,0,pending,0
inat_316288112_571439923,mammillaria,mammillaria,0.9169,0.9169,0,pending,0
inat_316416120_571679940,mammillaria,mammillaria,0.4758,0.4758,0,pending,1
inat_316836431_572467915,mammillaria,mammillaria,0.9225,0.9225,0,pending,0
inat_318474345_575589053,mammillaria,mammillaria,0.8833,0.8833,0,pending,0
inat_318515359_575669358,mammillaria,mammillaria,0.9064,0.9064,0,pending,0
inat_318559099_575754856,mammillaria,mammillaria,0.9121,0.9121,0,pending,0
inat_319608069_577756369,mammillaria,parodia,0.2934,0.5141,0,pending,1
inat_322154901_582732072,mammillaria,mammillaria,0.9245,0.9245,0,pending,0
inat_323300377_584954232,mammillaria,mammillaria,0.9461,0.9461,0,pending,0
inat_323840908_586033742,mammillaria,mammillaria,0.9348,0.9348,0,pending,0
inat_323857453_586061220,mammillaria,mammillaria,0.9291,0.9291,0,pending,0
inat_323857462_586061381,mammillaria,mammillaria,0.9157,0.9157,0,pending,0
inat_324800300_587957489,mammillaria,mammillaria,0.9375,0.9375,0,pending,0
inat_324830961_588021269,mammillaria,mammillaria,0.9188,0.9188,0,pending,0
inat_326504579_591347615,mammillaria,parodia,0.2999,0.6605,0,pending,1
inat_328013759_594301147,mammillaria,mammillaria,0.7726,0.7726,0,pending,0
inat_328407117_595085711,mammillaria,mammillaria,0.8728,0.8728,0,pending,0
inat_330303338_598918467,mammillaria,mammillaria,0.9339,0.9339,0,pending,0
inat_331919924_602246120,mammillaria,mammillaria,0.7018,0.7018,0,pending,0
inat_332454492_603344308,mammillaria,mammillaria,0.8389,0.8389,0,pending,0
inat_332744861_603936715,mammillaria,echinopsis,0.3199,0.3424,0,ok,1
inat_335785063_610072175,mammillaria,mammillaria,0.9285,0.9285,0,pending,0
inat_335847831_610199298,mammillaria,mammillaria,0.9688,0.9688,0,pending,0
inat_336576805_611661324,mammillaria,mammillaria,0.7532,0.7532,0,pending,0
inat_337264736_613061685,mammillaria,mammillaria,0.91,0.91,0,pending,0
inat_338515716_615637319,mammillaria,mammillaria,0.8364,0.8364,0,pending,0
inat_339276430_617152860,mammillaria,echinopsis,0.0277,0.5873,0,ok,1
inat_339893603_618412270,mammillaria,mammillaria,0.8449,0.8449,0,pending,0
inat_339977421_618585051,mammillaria,mammillaria,0.8313,0.8313,0,ok,0
inat_34058402_53555543,mammillaria,mammillaria,0.9091,0.9091,0,pending,0
inat_34058409_53555565,mammillaria,mammillaria,0.8635,0.8635,0,pending,0
inat_34058418_53555597,mammillaria,mammillaria,0.7847,0.7847,0,pending,0
inat_340700649_620053365,mammillaria,mammillaria,0.8591,0.8591,0,pending,0
inat_341756230_622217055,mammillaria,mammillaria,0.9231,0.9231,0,pending,0
inat_342457130_623635525,mammillaria,mammillaria,0.8745,0.8745,0,pending,0
inat_343490675_625710889,mammillaria,mammillaria,0.9191,0.9191,0,pending,0
inat_343599853_625934409,mammillaria,mammillaria,0.9625,0.9625,0,pending,0
inat_343599855_625934444,mammillaria,mammillaria,0.4526,0.4526,0,pending,1
inat_343599869_625934651,mammillaria,mammillaria,0.6895,0.6895,0,pending,0
inat_343772134_626282014,mammillaria,mammillaria,0.915,0.915,0,pending,0
inat_344421767_627556682,mammillaria,mammillaria,0.9257,0.9257,0,ok,0
inat_345313146_629286443,mammillaria,mammillaria,0.8259,0.8259,0,pending,0
inat_345401761_629462983,mammillaria,mammillaria,0.8948,0.8948,0,pending,0
inat_345518080_629689451,mammillaria,mammillaria,0.9052,0.9052,0,ok,0
inat_346244273_631120302,mammillaria,mammillaria,0.8605,0.8605,0,pending,0
inat_346552405_631734880,mammillaria,mammillaria,0.386,0.386,0,not_potted,1
inat_346991985_636603835,mammillaria,mammillaria,0.9222,0.9222,0,pending,0
inat_347058934_632735638,mammillaria,mammillaria,0.9377,0.9377,0,pending,0
inat_348348942_635296078,mammillaria,mammillaria,0.9067,0.9067,0,pending,0
inat_348859882_636313221,mammillaria,mammillaria,0.9264,0.9264,0,pending,0
inat_351315677_641085349,mammillaria,mammillaria,0.9224,0.9224,0,pending,0
inat_351411156_641285572,mammillaria,mammillaria,0.935,0.935,0,pending,0
inat_352202152_642824985,mammillaria,echinopsis,0.221,0.5509,0,not_potted,1
inat_352639704_643571542,mammillaria,mammillaria,0.8687,0.8687,0,pending,0
inat_352647476_643582772,mammillaria,mammillaria,0.8459,0.8459,0,pending,0
inat_353175208_644457072,mammillaria,mammillaria,0.9368,0.9368,0,pending,0
inat_353945360_645746535,mammillaria,echinopsis,0.2939,0.4867,0,pending,1
inat_354171983_646153964,mammillaria,mammillaria,0.95,0.95,0,pending,0
inat_354215367_646222545,mammillaria,mammillaria,0.8977,0.8977,0,pending,0
inat_356147416_649471688,mammillaria,mammillaria,0.7644,0.7644,0,pending,0
inat_356640242_650394106,mammillaria,mammillaria,0.7862,0.7862,0,pending,0
inat_357139223_665737341,mammillaria,mammillaria,0.9253,0.9253,0,pending,0
inat_357661394_665752708,mammillaria,parodia,0.1351,0.3441,0,pending,1
inat_358038411_653092467,mammillaria,mammillaria,0.9308,0.9308,0,pending,0
inat_358794381_654570952,mammillaria,mammillaria,0.9369,0.9369,0,pending,0
inat_359859464_656608025,mammillaria,mammillaria,0.8895,0.8895,0,pending,0
inat_361486836_659714181,mammillaria,mammillaria,0.7111,0.7111,0,pending,0
inat_363083777_662742500,mammillaria,mammillaria,0.8113,0.8113,0,ok,0
inat_363088044_662750771,mammillaria,mammillaria,0.9468,0.9468,0,pending,0
inat_363249067_663063747,mammillaria,mammillaria,0.9549,0.9549,0,pending,0
inat_364557129_665530938,mammillaria,mammillaria,0.9531,0.9531,0,pending,0
inat_365940736_668163714,mammillaria,mammillaria,0.9343,0.9343,0,pending,0
inat_368231777_672542471,mammillaria,mammillaria,0.8923,0.8923,0,pending,0
inat_368264330_672606451,mammillaria,mammillaria,0.5855,0.5855,0,ok,0
inat_368976161_673948447,mammillaria,parodia,0.0918,0.8076,0,ok,1
inat_370302664_676484216,mammillaria,mammillaria,0.8994,0.8994,0,pending,0
inat_370366433_676601024,mammillaria,mammillaria,0.9475,0.9475,0,pending,0
inat_370368770_676605425,mammillaria,mammillaria,0.9192,0.9192,0,pending,0
inat_371214204_678223153,mammillaria,mammillaria,0.7491,0.7491,0,ok,0
inat_372165107_680044383,mammillaria,mammillaria,0.9289,0.9289,0,pending,0
inat_372166746_680047977,mammillaria,mammillaria,0.8741,0.8741,0,pending,0
inat_37256463_59031158,mammillaria,mammillaria,0.9495,0.9495,0,pending,0
inat_374383364_684293681,mammillaria,mammillaria,0.9551,0.9551,0,pending,0
inat_377006810_689374338,mammillaria,mammillaria,0.9125,0.9125,0,pending,0
inat_378644766_692537975,mammillaria,mammillaria,0.8556,0.8556,0,pending,0
inat_380502942_696130859,mammillaria,mammillaria,0.8765,0.8765,0,pending,0
inat_380948166_696995800,mammillaria,mammillaria,0.6971,0.6971,0,pending,0
inat_381735618_698518520,mammillaria,mammillaria,0.8837,0.8837,0,pending,0
inat_381952109_698943024,mammillaria,mammillaria,0.8958,0.8958,0,pending,0
inat_383118777_701175903,mammillaria,mammillaria,0.9128,0.9128,0,pending,0
inat_385195125_705187380,mammillaria,mammillaria,0.8016,0.8016,0,pending,0
inat_388666645_711866473,mammillaria,mammillaria,0.8908,0.8908,0,pending,0
inat_388894428_712313264,mammillaria,mammillaria,0.746,0.746,0,pending,0
inat_389085719_712660004,mammillaria,mammillaria,0.689,0.689,0,ok,0
inat_389481321_713427914,mammillaria,mammillaria,0.9399,0.9399,0,ok,0
inat_390590607_715598888,mammillaria,mammillaria,0.8337,0.8337,0,pending,0
inat_393215546_720711549,mammillaria,mammillaria,0.9347,0.9347,0,pending,0
inat_397663699_729393054,mammillaria,mammillaria,0.9188,0.9188,0,pending,0
inat_41373280_65628968,mammillaria,mammillaria,0.9207,0.9207,0,pending,0
inat_43621634_69199983,mammillaria,mammillaria,0.8885,0.8885,0,pending,0
inat_47527172_75381763,mammillaria,mammillaria,0.9024,0.9024,0,pending,0
inat_51046360_81085349,mammillaria,mammillaria,0.9296,0.9296,0,pending,0
inat_58690605_93721509,mammillaria,mammillaria,0.9458,0.9458,0,pending,0
inat_63682791_102247872,mammillaria,mammillaria,0.9129,0.9129,0,pending,0
inat_69868129_113472881,mammillaria,mammillaria,0.8994,0.8994,0,pending,0
inat_75943883_124254352,mammillaria,mammillaria,0.926,0.926,0,pending,0
inat_77904673_127439944,mammillaria,mammillaria,0.896,0.896,0,pending,0
inat_77905577_127441125,mammillaria,mammillaria,0.8594,0.8594,0,pending,0
inat_88759974_146483353,mammillaria,mammillaria,0.8512,0.8512,0,pending,0
inat_90232834_149104950,mammillaria,mammillaria,0.9022,0.9022,0,pending,0
inat_96869675_160994718,mammillaria,mammillaria,0.9331,0.9331,0,pending,0
inat_98504213_164015990,mammillaria,mammillaria,0.9448,0.9448,0,pending,0
inat_99378357_165650027,mammillaria,mammillaria,0.9248,0.9248,0,pending,0
inat_277190201_497732673,opuntia,opuntia,0.9504,0.9504,0,pending,0
inat_277342505_498000479,opuntia,opuntia,0.933,0.933,0,ok,0
inat_277747773_498711610,opuntia,opuntia,0.8131,0.8131,0,pending,0
inat_278531912_500125458,opuntia,opuntia,0.8231,0.8231,0,pending,0
inat_280646563_504068527,opuntia,opuntia,0.9108,0.9108,0,pending,0
inat_281088433_504904468,opuntia,opuntia,0.835,0.835,0,not_potted,0
inat_282995872_508484389,opuntia,opuntia,0.9113,0.9113,0,pending,0
inat_283379019_509185779,opuntia,opuntia,0.7853,0.7853,0,pending,0
inat_283671442_509726808,opuntia,opuntia,0.9513,0.9513,0,not_potted,0
inat_283758381_509890942,opuntia,opuntia,0.9212,0.9212,0,pending,0
inat_284442150_511190391,opuntia,opuntia,0.9166,0.9166,0,pending,0
inat_286388198_514849323,opuntia,opuntia,0.9343,0.9343,0,pending,0
inat_286856528_515738497,opuntia,opuntia,0.8776,0.8776,0,pending,0
inat_289153121_520048201,opuntia,echinopsis,0.3789,0.3872,0,pending,1
inat_290844862_523247705,opuntia,opuntia,0.9032,0.9032,0,pending,0
inat_293378796_528042210,opuntia,opuntia,0.9342,0.9342,0,ok,0
inat_294480464_530052290,opuntia,opuntia,0.8706,0.8706,0,pending,0
inat_297191293_535206299,opuntia,opuntia,0.9337,0.9337,0,pending,0
inat_299561517_539688071,opuntia,opuntia,0.9197,0.9197,0,pending,0
inat_299667857_539885077,opuntia,opuntia,0.9406,0.9406,0,pending,0
inat_303123337_546328160,opuntia,opuntia,0.9388,0.9388,0,pending,0
inat_305105846_550083104,opuntia,opuntia,0.9266,0.9266,0,pending,0
inat_309997977_559434663,opuntia,opuntia,0.9381,0.9381,0,pending,0
inat_310939285_561243319,opuntia,opuntia,0.9114,0.9114,0,not_potted,0
inat_312399407_564028695,opuntia,opuntia,0.8427,0.8427,0,pending,0
inat_313015470_565217824,opuntia,opuntia,0.6825,0.6825,0,pending,0
inat_314763331_568542723,opuntia,opuntia,0.9483,0.9483,0,pending,0
inat_316020375_570939492,opuntia,opuntia,0.9528,0.9528,0,pending,0
inat_316805887_572407903,opuntia,opuntia,0.9212,0.9212,0,pending,0
inat_318271272_575197298,opuntia,opuntia,0.9187,0.9187,0,pending,0
inat_318390948_575430131,opuntia,opuntia,0.8652,0.8652,0,pending,0
inat_318484959_575610431,opuntia,opuntia,0.9182,0.9182,0,pending,0
inat_319752650_578039890,opuntia,opuntia,0.8775,0.8775,0,pending,0
inat_320900924_580273116,opuntia,opuntia,0.8905,0.8905,0,pending,0
inat_322620590_583662385,opuntia,opuntia,0.9178,0.9178,0,pending,0
inat_324243194_586831865,opuntia,opuntia,0.9511,0.9511,0,pending,0
inat_325354542_589057179,opuntia,opuntia,0.7971,0.7971,0,pending,0
inat_327513428_593362891,opuntia,opuntia,0.9227,0.9227,0,pending,0
inat_328026879_594327628,opuntia,opuntia,0.9429,0.9429,0,pending,0
inat_330898665_600145191,opuntia,opuntia,0.9062,0.9062,0,pending,0
inat_332197940_602819857,opuntia,opuntia,0.9239,0.9239,0,pending,0
inat_332649436_603744944,opuntia,opuntia,0.9241,0.9241,0,pending,0
inat_336036014_610573079,opuntia,opuntia,0.9117,0.9117,0,pending,0
inat_337380251_613299335,opuntia,opuntia,0.8551,0.8551,0,pending,0
inat_337932260_614434285,opuntia,opuntia,0.8939,0.8939,0,pending,0
inat_339329718_617268320,opuntia,opuntia,0.914,0.914,0,pending,0
inat_339525167_617665363,opuntia,opuntia,0.9548,0.9548,0,pending,0
inat_339787743_618193573,opuntia,opuntia,0.9327,0.9327,0,pending,0
inat_341272628_621228109,opuntia,opuntia,0.581,0.581,0,pending,0
inat_343687930_626114075,opuntia,opuntia,0.9424,0.9424,0,pending,0
inat_345328018_629314299,opuntia,opuntia,0.9504,0.9504,0,pending,0
inat_349499473_637569452,opuntia,opuntia,0.9581,0.9581,0,pending,0
inat_350471939_639472265,opuntia,opuntia,0.9019,0.9019,0,pending,0
inat_350842291_640186552,opuntia,opuntia,0.9233,0.9233,0,pending,0
inat_351635189_641717963,opuntia,opuntia,0.829,0.829,0,pending,0
inat_351928966_642293989,opuntia,opuntia,0.9294,0.9294,0,ok,0
inat_355771630_648798110,opuntia,opuntia,0.9234,0.9234,0,pending,0
inat_356452491_650040993,opuntia,opuntia,0.8852,0.8852,0,pending,0
inat_356685750_650479506,opuntia,opuntia,0.8393,0.8393,0,pending,0
inat_359921207_656721339,opuntia,opuntia,0.7849,0.7849,0,pending,0
inat_359967849_656811699,opuntia,opuntia,0.7922,0.7922,0,ok,0
inat_360438577_657700281,opuntia,opuntia,0.9232,0.9232,0,pending,0
inat_361139362_659058710,opuntia,opuntia,0.9104,0.9104,0,pending,0
inat_363649232_663820172,opuntia,opuntia,0.8266,0.8266,0,pending,0
inat_377124309_689602738,opuntia,opuntia,0.8374,0.8374,0,pending,0
inat_377579113_690484981,opuntia,opuntia,0.8843,0.8843,0,not_potted,0
inat_378168004_691617097,opuntia,opuntia,0.8687,0.8687,0,pending,0
inat_378745114_692729615,opuntia,opuntia,0.9575,0.9575,0,pending,0
inat_378883837_692993012,opuntia,opuntia,0.9545,0.9545,0,pending,0
inat_379588863_694361701,opuntia,opuntia,0.9309,0.9309,0,pending,0
inat_379723093_694620944,opuntia,opuntia,0.9157,0.9157,0,pending,0
inat_380352170_695847265,opuntia,opuntia,0.8778,0.8778,0,pending,0
inat_382280039_699571448,opuntia,opuntia,0.8892,0.8892,0,ok,0
inat_387400218_709391575,opuntia,opuntia,0.9353,0.9353,0,pending,0
inat_390011507_714466674,opuntia,opuntia,0.9006,0.9006,0,pending,0
inat_391864098_718072394,opuntia,opuntia,0.7755,0.7755,0,pending,0
inat_392732116_719765578,opuntia,opuntia,0.9274,0.9274,0,not_potted,0
inat_398838097_731684609,opuntia,opuntia,0.899,0.899,0,pending,0
inat_400046449_734032300,opuntia,opuntia,0.8942,0.8942,0,pending,0
inat_400559463_735079805,opuntia,opuntia,0.9313,0.9313,0,pending,0
inat_100094090_167011438,parodia,echinopsis,0.0942,0.3364,0,pending,1
inat_101259054_169087869,parodia,parodia,0.8851,0.8851,0,pending,0
inat_103609561_173448739,parodia,parodia,0.9351,0.9351,0,pending,0
inat_108146040_182026064,parodia,parodia,0.922,0.922,0,pending,0
inat_108146041_182026068,parodia,mammillaria,0.1823,0.7066,0,pending,1
inat_120016851_202943242,parodia,parodia,0.9077,0.9077,0,pending,0
inat_125892434_213547992,parodia,parodia,0.9109,0.9109,0,pending,0
inat_139519088_238647664,parodia,parodia,0.7102,0.7102,0,pending,0
inat_143115747_245377381,parodia,parodia,0.7787,0.7787,0,pending,0
inat_145437455_249809945,parodia,parodia,0.9119,0.9119,0,pending,0
inat_150338068_259209045,parodia,parodia,0.9521,0.9521,0,pending,0
inat_150902806_260290311,parodia,echinopsis,0.0556,0.8371,0,pending,1
inat_157594626_272461895,parodia,echinocactus,0.1871,0.6309,0,pending,1
inat_161921067_279924377,parodia,parodia,0.9071,0.9071,0,pending,0
inat_162399696_280801769,parodia,parodia,0.9396,0.9396,0,pending,0
inat_167193374_289606238,parodia,parodia,0.9097,0.9097,0,pending,0
inat_16769533_25309514,parodia,parodia,0.857,0.857,0,pending,0
inat_170391766_295528307,parodia,parodia,0.8889,0.8889,0,pending,0
inat_174147021_302494897,parodia,parodia,0.9231,0.9231,0,pending,0
inat_174147030_302497029,parodia,parodia,0.925,0.925,0,pending,0
inat_175576297_305141872,parodia,parodia,0.5934,0.5934,0,pending,0
inat_175641259_305259961,parodia,parodia,0.8098,0.8098,0,pending,0
inat_175649448_305274966,parodia,parodia,0.9389,0.9389,0,pending,0
inat_178623762_311178680,parodia,parodia,0.8503,0.8503,0,pending,0
inat_192380105_337703045,parodia,parodia,0.9384,0.9384,0,pending,0
inat_192763246_338467707,parodia,parodia,0.9169,0.9169,0,pending,0
inat_193558756_340029680,parodia,astrophytum,0.0243,0.6322,0,pending,1
inat_193788550_340468169,parodia,parodia,0.9285,0.9285,0,pending,0
inat_195046304_343028174,parodia,parodia,0.9135,0.9135,0,pending,0
inat_199884913_352562618,parodia,parodia,0.8359,0.8359,0,pending,0
inat_202110457_356891242,parodia,parodia,0.9336,0.9336,0,pending,0
inat_202342995_357345738,parodia,parodia,0.9304,0.9304,0,pending,0
inat_202348593_357356480,parodia,parodia,0.874,0.874,0,pending,0
inat_204200513_360898969,parodia,parodia,0.9222,0.9222,0,pending,0
inat_205163204_362723380,parodia,parodia,0.9488,0.9488,0,pending,0
inat_209736701_371092279,parodia,parodia,0.6072,0.6072,0,pending,0
inat_212460165_375457694,parodia,parodia,0.9361,0.9361,0,pending,0
inat_212671303_375827706,parodia,parodia,0.8377,0.8377,0,pending,0
inat_214570442_379278749,parodia,parodia,0.951,0.951,0,pending,0
inat_216944841_383727489,parodia,parodia,0.8711,0.8711,0,pending,0
inat_219383973_388306179,parodia,parodia,0.8423,0.8423,0,pending,0
inat_224020431_396990134,parodia,echinocactus,0.0232,0.876,0,pending,1
inat_224269781_397465043,parodia,parodia,0.93,0.93,0,pending,0
inat_226161132_401064988,parodia,parodia,0.9038,0.9038,0,pending,0
inat_231181701_410566599,parodia,parodia,0.9035,0.9035,0,pending,0
inat_236730800_421600002,parodia,parodia,0.9166,0.9166,0,pending,0
inat_243147526_433529613,parodia,parodia,0.6997,0.6997,0,ok,0
inat_243736558_434662135,parodia,parodia,0.8719,0.8719,0,pending,0
inat_244526577_436186260,parodia,parodia,0.9088,0.9088,0,pending,0
inat_246281098_439635850,parodia,parodia,0.8493,0.8493,0,pending,0
inat_248301188_443629545,parodia,parodia,0.4946,0.4946,0,multi_plant,1
inat_253352585_453621222,parodia,parodia,0.938,0.938,0,pending,0
inat_256247540_459393638,parodia,parodia,0.9162,0.9162,0,ok,0
inat_256873084_460661212,parodia,parodia,0.602,0.602,0,pending,0
inat_259349850_465537450,parodia,parodia,0.7274,0.7274,0,pending,0
inat_265337174_476585555,parodia,parodia,0.6928,0.6928,0,pending,0
inat_265687548_477274206,parodia,parodia,0.9479,0.9479,0,pending,0
inat_266491943_478821682,parodia,parodia,0.9114,0.9114,0,ok,0
inat_269878978_485293861,parodia,parodia,0.9136,0.9136,0,pending,0
inat_271585392_488527785,parodia,parodia,0.8639,0.8639,0,pending,0
inat_273299304_491567791,parodia,parodia,0.9024,0.9024,0,pending,0
inat_275097522_497603271,parodia,parodia,0.8881,0.8881,0,pending,0
inat_275192252_494553221,parodia,parodia,0.71,0.71,0,pending,0
inat_275424733_494930521,parodia,parodia,0.9267,0.9267,0,ok,0
inat_276110682_495925865,parodia,parodia,0.9582,0.9582,0,pending,0
inat_277129906_497626053,parodia,parodia,0.8224,0.8224,0,pending,0
inat_277474268_498223731,parodia,parodia,0.6987,0.6987,0,ok,0
inat_278675171_500391059,parodia,parodia,0.8866,0.8866,0,pending,0
inat_279231479_501408406,parodia,parodia,0.868,0.868,0,not_potted,0
inat_280255427_503328884,parodia,parodia,0.8938,0.8938,0,pending,0
inat_284153982_510646225,parodia,parodia,0.8869,0.8869,0,pending,0
inat_286743639_515529971,parodia,parodia,0.9175,0.9175,0,pending,0
inat_288041259_517955678,parodia,parodia,0.6701,0.6701,0,ok,0
inat_290530136_522657882,parodia,parodia,0.5788,0.5788,0,ok,0
inat_291181012_523880313,parodia,parodia,0.9142,0.9142,0,pending,0
inat_293554482_528366247,parodia,parodia,0.9382,0.9382,0,pending,0
inat_295721550_532394860,parodia,parodia,0.9628,0.9628,0,pending,0
inat_298293487_537288098,parodia,parodia,0.9086,0.9086,0,pending,0
inat_29878905_46654444,parodia,parodia,0.6754,0.6754,0,pending,0
inat_302666702_545479745,parodia,parodia,0.9173,0.9173,0,pending,0
inat_305814201_551430299,parodia,parodia,0.8501,0.8501,0,pending,0
inat_308891112_557331610,parodia,mammillaria,0.1014,0.7289,0,not_potted,1
inat_309443232_558400467,parodia,parodia,0.898,0.898,0,pending,0
inat_312936055_565065365,parodia,parodia,0.9066,0.9066,0,pending,0
inat_312943792_565081143,parodia,parodia,0.9281,0.9281,0,pending,0
inat_313251249_565669469,parodia,parodia,0.9355,0.9355,0,pending,0
inat_313984907_567066913,parodia,parodia,0.9462,0.9462,0,pending,0
inat_315260719_569499938,parodia,parodia,0.9243,0.9243,0,pending,0
inat_316357350_571567746,parodia,parodia,0.9346,0.9346,0,pending,0
inat_317195135_573149121,parodia,parodia,0.8859,0.8859,0,pending,0
inat_320516029_579597925,parodia,parodia,0.9485,0.9485,0,pending,0
inat_322842158_584094223,parodia,parodia,0.4852,0.4852,0,pending,1
inat_322994041_584392288,parodia,parodia,0.8936,0.8936,0,pending,0
inat_328005813_594287050,parodia,parodia,0.8456,0.8456,0,pending,0
inat_329165693_596617251,parodia,parodia,0.9095,0.9095,0,pending,0
inat_33098484_51955891,parodia,opuntia,0.1047,0.6116,0,pending,1
inat_334660552_607786565,parodia,parodia,0.8966,0.8966,0,pending,0
inat_334747887_607963241,parodia,parodia,0.4759,0.4759,0,not_potted,1
inat_334889414_608257430,parodia,parodia,0.9343,0.9343,0,pending,0
inat_336405816_611312341,parodia,echinocactus,0.1731,0.7487,0,not_potted,1
inat_336489860_611470766,parodia,parodia,0.7593,0.7593,0,pending,0
inat_336610781_611731668,parodia,parodia,0.9318,0.9318,0,pending,0
inat_337521408_613591311,parodia,parodia,0.9273,0.9273,0,pending,0
inat_337660890_613877506,parodia,parodia,0.71,0.71,0,pending,0
inat_338623288_615845711,parodia,parodia,0.8987,0.8987,0,pending,0
inat_340496234_619694833,parodia,echinopsis,0.0169,0.8977,0,wrong_label,1
inat_341747383_622201089,parodia,parodia,0.8107,0.8107,0,pending,0
inat_342811393_624334567,parodia,mammillaria,0.0865,0.8176,0,ok,1
inat_344802239_628285069,parodia,parodia,0.9449,0.9449,0,pending,0
inat_344807343_628293825,parodia,parodia,0.9393,0.9393,0,pending,0
inat_347225759_633070877,parodia,parodia,0.8591,0.8591,0,pending,0
inat_352953210_644074874,parodia,parodia,0.9211,0.9211,0,pending,0
inat_355800470_648850746,parodia,parodia,0.8984,0.8984,0,pending,0
inat_357155427_651379762,parodia,parodia,0.9279,0.9279,0,ok,0
inat_35788477_56475384,parodia,parodia,0.8833,0.8833,0,pending,0
inat_359333084_655594900,parodia,parodia,0.9265,0.9265,0,pending,0
inat_360253570_657352475,parodia,parodia,0.887,0.887,0,pending,0
inat_360628664_658059498,parodia,parodia,0.8093,0.8093,0,pending,0
inat_360772775_658346714,parodia,parodia,0.6853,0.6853,0,pending,0
inat_361500271_659739954,parodia,parodia,0.9036,0.9036,0,pending,0
inat_361962900_660618131,parodia,parodia,0.6523,0.6523,0,pending,0
inat_363079775_662734462,parodia,parodia,0.8936,0.8936,0,pending,0
inat_37239380_59003474,parodia,parodia,0.9415,0.9415,0,pending,0
inat_375866894_687163915,parodia,parodia,0.4546,0.4546,0,ok,1
inat_382065397_699154890,parodia,parodia,0.9145,0.9145,0,pending,0
inat_38279131_60813688,parodia,parodia,0.9078,0.9078,0,pending,0
inat_389153510_712791872,parodia,parodia,0.6463,0.6463,0,ok,0
inat_393197028_720676583,parodia,parodia,0.9087,0.9087,0,pending,0
inat_393334411_720947886,parodia,parodia,0.938,0.938,0,pending,0
inat_396530076_727187268,parodia,parodia,0.9033,0.9033,0,pending,0
inat_398107546_730258546,parodia,parodia,0.8739,0.8739,0,pending,0
inat_399064073_732121310,parodia,parodia,0.8666,0.8666,0,pending,0
inat_41373472_65629318,parodia,parodia,0.953,0.953,0,pending,0
inat_45833386_72689258,parodia,parodia,0.9169,0.9169,0,pending,0
inat_59871170_95698576,parodia,parodia,0.8744,0.8744,0,pending,0
inat_65108056_104755293,parodia,parodia,0.7968,0.7968,0,pending,0
inat_65293450_105064536,parodia,parodia,0.7896,0.7896,0,pending,0
inat_69383930_112561648,parodia,parodia,0.9395,0.9395,0,pending,0
inat_71122231_115743502,parodia,gymnocalycium,0.0372,0.7293,0,pending,1
inat_74907768_122487842,parodia,parodia,0.8793,0.8793,0,pending,0
inat_76733968_125498613,parodia,parodia,0.9165,0.9165,0,pending,0
inat_80229587_131480762,parodia,parodia,0.8633,0.8633,0,pending,0
inat_82326582_135067252,parodia,parodia,0.7781,0.7781,0,pending,0
inat_91837133_151790072,parodia,parodia,0.8829,0.8829,0,pending,0
inat_93234428_154499542,parodia,parodia,0.9216,0.9216,0,pending,0
inat_93295549_154607274,parodia,parodia,0.9486,0.9486,0,pending,0
inat_98015688_163108945,parodia,parodia,0.9103,0.9103,0,pending,0
inat_98828407_164630066,parodia,parodia,0.5645,0.5645,0,pending,0
inat_100317639_167415641,astrophytum,astrophytum,0.9361,0.9361,1,pending,0
inat_103502641_173242310,astrophytum,astrophytum,0.8104,0.8104,1,pending,0
inat_104459923_175038100,astrophytum,astrophytum,0.9057,0.9057,1,pending,0
inat_105502510_177032191,astrophytum,astrophytum,0.9135,0.9135,1,pending,0
inat_112262532_189619956,astrophytum,astrophytum,0.9341,0.9341,1,pending,0
inat_112529173_190072006,astrophytum,parodia,0.3768,0.4156,1,pending,1
inat_113166713_191208372,astrophytum,astrophytum,0.8957,0.8957,1,pending,0
inat_115657357_195200894,astrophytum,astrophytum,0.9472,0.9472,1,pending,0
inat_11625772_16603937,astrophytum,astrophytum,0.8236,0.8236,1,pending,0
inat_11791786_16866115,astrophytum,astrophytum,0.5851,0.5851,1,pending,0
inat_119166063_201417145,astrophytum,astrophytum,0.9166,0.9166,1,pending,0
inat_119228201_201528670,astrophytum,astrophytum,0.9697,0.9697,1,pending,0
inat_122236212_206938384,astrophytum,astrophytum,0.9355,0.9355,1,pending,0
inat_122237269_206940281,astrophytum,astrophytum,0.8907,0.8907,1,pending,0
inat_12338612_17765564,astrophytum,echinopsis,0.0627,0.5167,1,pending,1
inat_123911764_209965974,astrophytum,astrophytum,0.9159,0.9159,1,pending,0
inat_125936076_213616929,astrophytum,astrophytum,0.769,0.769,1,pending,0
inat_125936089_213619449,astrophytum,astrophytum,0.8907,0.8907,1,pending,0
inat_129550323_220174280,astrophytum,astrophytum,0.8805,0.8805,1,pending,0
inat_133371709_227167426,astrophytum,astrophytum,0.6617,0.6617,1,pending,0
inat_136267463_232540680,astrophytum,astrophytum,0.8886,0.8886,1,pending,0
inat_136943927_233797684,astrophytum,astrophytum,0.8694,0.8694,1,pending,0
inat_140413878_240351550,astrophytum,astrophytum,0.8882,0.8882,1,pending,0
inat_143250720_245653609,astrophytum,astrophytum,0.9343,0.9343,1,pending,0
inat_143250745_245653798,astrophytum,astrophytum,0.5421,0.5421,1,pending,0
inat_145001157_248995916,astrophytum,astrophytum,0.9076,0.9076,1,pending,0
inat_145332437_249632969,astrophytum,astrophytum,0.9169,0.9169,1,pending,0
inat_145332491_249633467,astrophytum,astrophytum,0.932,0.932,1,pending,0
inat_147509917_253839497,astrophytum,astrophytum,0.8654,0.8654,1,pending,0
inat_151734089_261850126,astrophytum,astrophytum,0.8752,0.8752,1,pending,0
inat_152785028_263789552,astrophytum,astrophytum,0.9045,0.9045,1,pending,0
inat_153895371_265859434,astrophytum,astrophytum,0.8517,0.8517,1,pending,0
inat_153985799_266020686,astrophytum,astrophytum,0.8883,0.8883,1,pending,0
inat_15441048_23161117,astrophytum,astrophytum,0.9466,0.9466,1,pending,0
inat_154489377_266941598,astrophytum,astrophytum,0.9657,0.9657,1,pending,0
inat_154777483_267469958,astrophytum,astrophytum,0.9327,0.9327,1,pending,0
inat_155461971_268733832,astrophytum,astrophytum,0.9544,0.9544,1,pending,0
inat_155672962_269121163,astrophytum,astrophytum,0.8663,0.8663,1,pending,0
inat_156476398_270578701,astrophytum,astrophytum,0.9297,0.9297,1,pending,0
inat_158970649_274662839,astrophytum,parodia,0.0261,0.4926,1,pending,1
inat_159003903_274716214,astrophytum,astrophytum,0.8816,0.8816,1,pending,0
inat_159648797_275843373,astrophytum,astrophytum,0.9076,0.9076,1,pending,0
inat_159702906_275927222,astrophytum,astrophytum,0.8557,0.8557,1,pending,0
inat_159748683_276020691,astrophytum,astrophytum,0.8193,0.8193,1,pending,0
inat_160631899_277586143,astrophytum,astrophytum,0.9156,0.9156,1,pending,0
inat_162486423_280960019,astrophytum,astrophytum,0.9048,0.9048,1,pending,0
inat_166811970_288899503,astrophytum,astrophytum,0.4684,0.4684,1,pending,1
inat_168764364_292522125,astrophytum,astrophytum,0.9144,0.9144,1,pending,0
inat_172600852_299653568,astrophytum,astrophytum,0.9214,0.9214,1,pending,0
inat_175156840_304378230,astrophytum,astrophytum,0.9109,0.9109,1,pending,0
inat_175641265_305260620,astrophytum,astrophytum,0.8871,0.8871,1,pending,0
inat_175667081_305311332,astrophytum,astrophytum,0.7949,0.7949,1,pending,0
inat_178611691_336216210,astrophytum,astrophytum,0.8281,0.8281,1,pending,0
inat_179405197_312307728,astrophytum,astrophytum,0.4172,0.4172,1,pending,1
inat_179405208_312309101,astrophytum,astrophytum,0.8389,0.8389,1,pending,0
inat_187210503_338300698,astrophytum,astrophytum,0.9143,0.9143,1,pending,0
inat_187538783_327988616,astrophytum,astrophytum,0.9301,0.9301,1,pending,0
inat_188462878_329859206,astrophytum,astrophytum,0.9332,0.9332,1,pending,0
inat_18995997_29128266,astrophytum,mammillaria,0.0372,0.7739,1,pending,1
inat_190451873_333868598,astrophytum,astrophytum,0.907,0.907,1,pending,0
inat_190908453_334779789,astrophytum,opuntia,0.1719,0.2169,1,pending,1
inat_193966667_340828504,astrophytum,echinopsis,0.1629,0.453,1,pending,1
inat_195032328_342999879,astrophytum,astrophytum,0.8911,0.8911,1,pending,0
inat_196421982_345812489,astrophytum,astrophytum,0.9208,0.9208,1,pending,0
inat_197578576_348029343,astrophytum,astrophytum,0.8818,0.8818,1,pending,0
inat_198967204_350791823,astrophytum,astrophytum,0.8733,0.8733,1,pending,0
inat_199170183_351196538,astrophytum,astrophytum,0.9072,0.9072,1,pending,0
inat_199846559_352489168,astrophytum,astrophytum,0.7906,0.7906,1,pending,0
inat_200643276_354035222,astrophytum,astrophytum,0.9505,0.9505,1,pending,0
inat_200676152_354099279,astrophytum,astrophytum,0.8105,0.8105,1,pending,0
inat_20069128_30988951,astrophytum,astrophytum,0.9539,0.9539,1,pending,0
inat_200919105_354575440,astrophytum,astrophytum,0.9189,0.9189,1,pending,0
inat_201781193_356251521,astrophytum,astrophytum,0.9533,0.9533,1,pending,0
inat_208040151_368051418,astrophytum,astrophytum,0.8825,0.8825,1,pending,0
inat_208040670_368052457,astrophytum,astrophytum,0.9012,0.9012,1,not_potted,0
inat_217175670_384163116,astrophytum,astrophytum,0.9191,0.9191,1,pending,0
inat_219041959_387668460,astrophytum,astrophytum,0.6834,0.6834,1,pending,0
inat_219863114_415585182,astrophytum,astrophytum,0.8828,0.8828,1,pending,0
inat_220927375_391185238,astrophytum,astrophytum,0.8541,0.8541,1,pending,0
inat_222284808_393733375,astrophytum,astrophytum,0.9782,0.9782,1,pending,0
inat_226987131_402623535,astrophytum,astrophytum,0.8879,0.8879,1,pending,0
inat_227896753_404345230,astrophytum,astrophytum,0.925,0.925,1,pending,0
inat_232230171_412558315,astrophytum,astrophytum,0.9186,0.9186,1,ok,0
inat_23266553_36051625,astrophytum,astrophytum,0.5694,0.5694,1,pending,0
inat_232842950_413727615,astrophytum,astrophytum,0.9624,0.9624,1,pending,0
inat_236726012_421190482,astrophytum,astrophytum,0.9037,0.9037,1,pending,0
inat_240505604_428492746,astrophytum,astrophytum,0.9324,0.9324,1,pending,0
inat_24331601_37622423,astrophytum,astrophytum,0.932,0.932,1,pending,0
inat_247122173_441298381,astrophytum,astrophytum,0.8762,0.8762,1,pending,0
inat_24900193_38516632,astrophytum,astrophytum,0.8773,0.8773,1,pending,0
inat_260184625_467200313,astrophytum,astrophytum,0.9061,0.9061,1,pending,0
inat_260330731_467494904,astrophytum,astrophytum,0.8627,0.8627,1,pending,0
inat_260654188_468131649,astrophytum,astrophytum,0.8847,0.8847,1,pending,0
inat_268634720_482894173,astrophytum,astrophytum,0.8401,0.8401,1,pending,0
inat_270045365_485604690,astrophytum,astrophytum,0.8961,0.8961,1,pending,0
inat_270882948_487206545,astrophytum,astrophytum,0.9463,0.9463,1,pending,0
inat_272762656_490759032,astrophytum,astrophytum,0.8961,0.8961,1,pending,0
inat_274071829_492780147,astrophytum,astrophytum,0.9086,0.9086,1,pending,0
inat_274192562_492975594,astrophytum,astrophytum,0.8975,0.8975,1,pending,0
inat_275006940_494261486,astrophytum,astrophytum,0.8938,0.8938,1,pending,0
inat_276162519_496006137,astrophytum,astrophytum,0.8952,0.8952,1,pending,0
inat_276374167_496335705,astrophytum,astrophytum,0.8929,0.8929,1,pending,0
inat_276428363_496418566,astrophytum,astrophytum,0.9004,0.9004,1,pending,0
inat_277747774_498711710,astrophytum,astrophytum,0.9562,0.9562,1,pending,0
inat_283932224_510225677,astrophytum,astrophytum,0.8815,0.8815,1,pending,0
inat_284607196_511503816,astrophytum,astrophytum,0.9119,0.9119,1,pending,0
inat_284656953_511596003,astrophytum,astrophytum,0.8201,0.8201,1,pending,0
inat_290237947_522097790,astrophytum,astrophytum,0.9667,0.9667,1,pending,0
inat_292417261_526217372,astrophytum,astrophytum,0.925,0.925,1,pending,0
inat_299421754_539428658,astrophytum,astrophytum,0.8543,0.8543,1,pending,0
inat_300308182_541084400,astrophytum,astrophytum,0.8881,0.8881,1,pending,0
inat_306924240_553546521,astrophytum,astrophytum,0.9305,0.9305,1,pending,0
inat_309358067_558481014,astrophytum,astrophytum,0.9,0.9,1,pending,0
inat_310896346_561158644,astrophytum,astrophytum,0.6512,0.6512,1,pending,0
inat_311559302_562435603,astrophytum,astrophytum,0.9643,0.9643,1,pending,0
inat_313562632_566267002,astrophytum,astrophytum,0.9508,0.9508,1,pending,0
inat_314467807_567974103,astrophytum,astrophytum,0.9097,0.9097,1,pending,0
inat_315637087_570207864,astrophytum,astrophytum,0.9177,0.9177,1,pending,0
inat_317666418_574045855,astrophytum,astrophytum,0.6668,0.6668,1,ok,0
inat_319787854_578104079,astrophytum,astrophytum,0.8489,0.8489,1,pending,0
inat_320357257_579205402,astrophytum,astrophytum,0.8223,0.8223,1,pending,0
inat_321977300_582377714,astrophytum,astrophytum,0.8034,0.8034,1,pending,0
inat_323782150_585922950,astrophytum,astrophytum,0.9026,0.9026,1,pending,0
inat_326917010_592175511,astrophytum,astrophytum,0.9191,0.9191,1,pending,0
inat_327436468_593209770,astrophytum,astrophytum,0.8784,0.8784,1,pending,0
inat_328537413_595354206,astrophytum,astrophytum,0.9073,0.9073,1,pending,0
inat_328724232_595735490,astrophytum,astrophytum,0.9095,0.9095,1,pending,0
inat_328765256_595816174,astrophytum,astrophytum,0.9419,0.9419,1,pending,0
inat_331715593_601825312,astrophytum,astrophytum,0.9242,0.9242,1,ok,0
inat_332457471_603357994,astrophytum,astrophytum,0.8818,0.8818,1,not_potted,0
inat_336576380_611660271,astrophytum,astrophytum,0.9144,0.9144,1,pending,0
inat_33735081_53014826,astrophytum,echinopsis,0.2597,0.3483,1,pending,1
inat_337800942_614158983,astrophytum,astrophytum,0.9119,0.9119,1,pending,0
inat_338083191_614743409,astrophytum,astrophytum,0.8465,0.8465,1,pending,0
inat_339276343_617151875,astrophytum,astrophytum,0.9392,0.9392,1,pending,0
inat_345401562_629462482,astrophytum,astrophytum,0.9354,0.9354,1,pending,0
inat_346691620_632005214,astrophytum,astrophytum,0.8612,0.8612,1,pending,0
inat_352249680_642913953,astrophytum,astrophytum,0.7777,0.7777,1,ok,0
inat_35714187_56349758,astrophytum,astrophytum,0.9733,0.9733,1,pending,0
inat_359265448_655465315,astrophytum,astrophytum,0.9454,0.9454,1,pending,0
inat_360791794_658507835,astrophytum,astrophytum,0.9043,0.9043,1,pending,0
inat_363086777_662748226,astrophytum,astrophytum,0.9438,0.9438,1,ok,0
inat_366442873_669107752,astrophytum,astrophytum,0.8432,0.8432,1,pending,0
inat_370884333_677598370,astrophytum,astrophytum,0.9494,0.9494,1,pending,0
inat_385081018_705130973,astrophytum,astrophytum,0.9248,0.9248,1,pending,0
inat_387067417_708747664,astrophytum,astrophytum,0.8511,0.8511,1,ok,0
inat_388279545_711078203,astrophytum,astrophytum,0.9524,0.9524,1,pending,0
inat_388279560_711083601,astrophytum,astrophytum,0.9386,0.9386,1,pending,0
inat_388989364_712500277,astrophytum,astrophytum,0.8495,0.8495,1,multi_plant,0
inat_39369338_62449221,astrophytum,astrophytum,0.9759,0.9759,1,pending,0
inat_395848055_725866670,astrophytum,astrophytum,0.9092,0.9092,1,pending,0
inat_4894495_5953456,astrophytum,astrophytum,0.887,0.887,1,pending,0
inat_55508089_88391939,astrophytum,astrophytum,0.8814,0.8814,1,pending,0
inat_77096620_126077963,astrophytum,astrophytum,0.8208,0.8208,1,pending,0
inat_7712669_10114671,astrophytum,astrophytum,0.8704,0.8704,1,pending,0
inat_80752171_132379183,astrophytum,astrophytum,0.8477,0.8477,1,pending,0
inat_8304872_11023574,astrophytum,astrophytum,0.9171,0.9171,1,pending,0
inat_9215208_12465452,astrophytum,astrophytum,0.9576,0.9576,1,pending,0
inat_92855536_153809830,astrophytum,astrophytum,0.9265,0.9265,1,pending,0
inat_93619991_155189040,astrophytum,astrophytum,0.8796,0.8796,1,pending,0
inat_94217518_156267193,astrophytum,astrophytum,0.8803,0.8803,1,pending,0
inat_97035541_161295879,astrophytum,astrophytum,0.9308,0.9308,1,pending,0
inat_97118757_161451232,astrophytum,astrophytum,0.9219,0.9219,1,pending,0
inat_98447064_163906724,astrophytum,astrophytum,0.9124,0.9124,1,pending,0
inat_369882180_675675734,echinocactus,echinocactus,0.9113,0.9113,1,pending,0
inat_369915793_675742538,echinocactus,echinocactus,0.9191,0.9191,1,pending,0
inat_369984190_675872866,echinocactus,echinocactus,0.887,0.887,1,pending,0
inat_370615517_677075018,echinocactus,echinocactus,0.9218,0.9218,1,pending,0
inat_371123289_678057766,echinocactus,echinocactus,0.8366,0.8366,1,pending,0
inat_372217853_680150221,echinocactus,echinocactus,0.931,0.931,1,pending,0
inat_372551255_680788264,echinocactus,echinocactus,0.9296,0.9296,1,pending,0
inat_372731879_681126416,echinocactus,echinocactus,0.91,0.91,1,pending,0
inat_373024064_681680656,echinocactus,echinocactus,0.6767,0.6767,1,pending,0
inat_373049810_681730574,echinocactus,echinocactus,0.9048,0.9048,1,pending,0
inat_374840235_685183788,echinocactus,echinocactus,0.8556,0.8556,1,pending,0
inat_375639488_686802684,echinocactus,echinocactus,0.9349,0.9349,1,pending,0
inat_376059196_687546235,echinocactus,echinocactus,0.9162,0.9162,1,pending,0
inat_376969369_689298888,echinocactus,echinocactus,0.9253,0.9253,1,pending,0
inat_377052481_689466093,echinocactus,echinocactus,0.8169,0.8169,1,not_potted,0
inat_377368150_690077201,echinocactus,echinocactus,0.9053,0.9053,1,pending,0
inat_377378000_690094812,echinocactus,parodia,0.3092,0.6113,1,pending,1
inat_377384008_690108077,echinocactus,parodia,0.1212,0.7323,1,pending,1
inat_378074200_691437130,echinocactus,echinocactus,0.8504,0.8504,1,pending,0
inat_378512840_692277418,echinocactus,echinocactus,0.779,0.779,1,pending,0
inat_378690395_692625223,echinocactus,echinocactus,0.8523,0.8523,1,pending,0
inat_378710665_692663426,echinocactus,echinocactus,0.9615,0.9615,1,pending,0
inat_378795182_692821568,echinocactus,echinocactus,0.9355,0.9355,1,pending,0
inat_378875724_692977466,echinocactus,echinocactus,0.9432,0.9432,1,pending,0
inat_379277691_693759920,echinocactus,echinocactus,0.8667,0.8667,1,pending,0
inat_380428185_695984839,echinocactus,echinocactus,0.9155,0.9155,1,pending,0
inat_380696385_696504754,echinocactus,echinocactus,0.9806,0.9806,1,pending,0
inat_380820206_696740818,echinocactus,echinocactus,0.6465,0.6465,1,pending,0
inat_381970433_698975583,echinocactus,echinocactus,0.9216,0.9216,1,pending,0
inat_382336432_699674685,echinocactus,echinocactus,0.8515,0.8515,1,pending,0
inat_382933111_700823992,echinocactus,echinocactus,0.9062,0.9062,1,pending,0
inat_384562419_703966149,echinocactus,echinocactus,0.9556,0.9556,1,pending,0
inat_384744852_704316774,echinocactus,echinocactus,0.9242,0.9242,1,not_potted,0
inat_384810146_704443379,echinocactus,echinocactus,0.9309,0.9309,1,pending,0
inat_385567382_705879886,echinocactus,echinocactus,0.9492,0.9492,1,pending,0
inat_385597364_705937001,echinocactus,mammillaria,0.0506,0.8817,1,not_potted,1
inat_386119973_706938919,echinocactus,echinocactus,0.2873,0.2873,1,blurry,1
inat_386314898_707312636,echinocactus,echinocactus,0.9147,0.9147,1,pending,0
inat_386787978_708215768,echinocactus,echinocactus,0.932,0.932,1,not_potted,0
inat_387018842_708652430,echinocactus,echinocactus,0.9181,0.9181,1,pending,0
inat_387386650_709365461,echinocactus,echinocactus,0.9228,0.9228,1,pending,0
inat_387515709_709614872,echinocactus,echinocactus,0.9204,0.9204,1,pending,0
inat_387805353_710175979,echinocactus,echinocactus,0.8637,0.8637,1,pending,0
inat_388331582_711208700,echinocactus,echinocactus,0.5007,0.5007,1,pending,0
inat_388364193_711275036,echinocactus,parodia,0.3137,0.5464,1,pending,1
inat_389651939_713761069,echinocactus,echinocactus,0.8768,0.8768,1,pending,0
inat_391503953_717379815,echinocactus,echinocactus,0.8952,0.8952,1,pending,0
inat_392833270_719965367,echinocactus,echinocactus,0.9758,0.9758,1,ok,0
inat_393227540_720734286,echinocactus,echinocactus,0.9015,0.9015,1,pending,0
inat_393285565_720848245,echinocactus,echinocactus,0.943,0.943,1,pending,0
inat_393844356_721939613,echinocactus,echinocactus,0.8495,0.8495,1,pending,0
inat_393849220_721949802,echinocactus,parodia,0.0442,0.8299,1,ok,1
inat_393905386_722043448,echinocactus,echinocactus,0.8817,0.8817,1,pending,0
inat_394210834_722663387,echinocactus,echinocactus,0.9321,0.9321,1,pending,0
inat_394276975_722795141,echinocactus,echinocactus,0.5466,0.5466,1,pending,0
inat_394397611_723037881,echinocactus,echinocactus,0.9472,0.9472,1,pending,0
inat_394402168_723045627,echinocactus,echinocactus,0.9304,0.9304,1,pending,0
inat_394469516_723173321,echinocactus,echinocactus,0.9424,0.9424,1,pending,0
inat_394876872_723975933,echinocactus,echinocactus,0.8831,0.8831,1,pending,0
inat_395487299_725175752,echinocactus,echinocactus,0.9158,0.9158,1,pending,0
inat_395606563_725391622,echinocactus,echinocactus,0.9297,0.9297,1,pending,0
inat_395722862_725621891,echinocactus,echinocactus,0.9571,0.9571,1,pending,0
inat_395856003_725881818,echinocactus,echinocactus,0.8596,0.8596,1,pending,0
inat_396006048_726180217,echinocactus,echinocactus,0.881,0.881,1,pending,0
inat_396359854_726884380,echinocactus,echinocactus,0.9544,0.9544,1,pending,0
inat_397235452_728551275,echinocactus,echinocactus,0.8906,0.8906,1,pending,0
inat_397290869_728660240,echinocactus,echinocactus,0.9577,0.9577,1,pending,0
inat_398107572_730258614,echinocactus,echinocactus,0.9444,0.9444,1,pending,0
inat_398209891_730456092,echinocactus,echinocactus,0.8953,0.8953,1,pending,0
inat_398363017_730766440,echinocactus,echinocactus,0.9166,0.9166,1,pending,0
inat_398482328_730988481,echinocactus,echinocactus,0.9372,0.9372,1,pending,0
inat_398890797_731793997,echinocactus,mammillaria,0.082,0.7698,1,multi_plant,1
inat_399304233_732581508,echinocactus,echinocactus,0.9433,0.9433,1,pending,0
inat_399329323_732631157,echinocactus,echinocactus,0.9015,0.9015,1,pending,0
inat_399387388_732746740,echinocactus,echinocactus,0.9118,0.9118,1,pending,0
inat_399481503_732935870,echinocactus,echinocactus,0.4685,0.4685,1,pending,1
inat_399525057_733017901,echinocactus,echinocactus,0.7363,0.7363,1,pending,0
inat_399675573_733284226,echinocactus,echinocactus,0.9174,0.9174,1,pending,0
inat_400019034_733977632,echinocactus,echinocactus,0.9283,0.9283,1,pending,0
inat_400044998_734029663,echinocactus,echinocactus,0.9051,0.9051,1,ok,0
inat_100583140_167898203,echinopsis,opuntia,0.1908,0.4175,1,pending,1
inat_105799368_177599893,echinopsis,echinopsis,0.8491,0.8491,1,pending,0
inat_107957489_181668647,echinopsis,echinopsis,0.9262,0.9262,1,pending,0
inat_111083542_187480917,echinopsis,echinocactus,0.256,0.2646,1,pending,1
inat_111790922_188761942,echinopsis,echinopsis,0.9122,0.9122,1,pending,0
inat_132304808_225287814,echinopsis,echinopsis,0.8245,0.8245,1,pending,0
inat_139314659_238259164,echinopsis,echinopsis,0.4815,0.4815,1,pending,1
inat_143687152_246466186,echinopsis,echinopsis,0.7076,0.7076,1,pending,0
inat_159752937_276028877,echinopsis,echinopsis,0.7598,0.7598,1,pending,0
inat_163245238_282331712,echinopsis,echinopsis,0.8796,0.8796,1,pending,0
inat_164446754_284529840,echinopsis,echinopsis,0.8266,0.8266,1,pending,0
inat_166118305_287633897,echinopsis,echinopsis,0.5923,0.5923,1,pending,0
inat_170881916_296451491,echinopsis,echinopsis,0.9243,0.9243,1,pending,0
inat_179653576_312807707,echinopsis,echinopsis,0.954,0.954,1,pending,0
inat_185084397_323183486,echinopsis,echinopsis,0.8042,0.8042,1,pending,0
inat_186890764_326707455,echinopsis,echinopsis,0.9332,0.9332,1,pending,0
inat_187148474_327221528,echinopsis,echinopsis,0.7683,0.7683,1,pending,0
inat_189275908_331519462,echinopsis,echinopsis,0.7403,0.7403,1,pending,0
inat_198724425_350322618,echinopsis,echinopsis,0.891,0.891,1,pending,0
inat_200005550_352789118,echinopsis,echinopsis,0.92,0.92,1,pending,0
inat_201390708_355497378,echinopsis,echinopsis,0.7874,0.7874,1,pending,0
inat_207893571_367780487,echinopsis,echinopsis,0.7807,0.7807,1,pending,0
inat_215796837_381569636,echinopsis,echinopsis,0.9074,0.9074,1,pending,0
inat_217691912_385128959,echinopsis,echinopsis,0.939,0.939,1,pending,0
inat_218256378_386196020,echinopsis,echinopsis,0.6892,0.6892,1,pending,0
inat_221218775_391750899,echinopsis,echinopsis,0.4948,0.4948,1,pending,1
inat_229674997_407716288,echinopsis,echinopsis,0.8568,0.8568,1,pending,0
inat_238340122_424309640,echinopsis,echinopsis,0.9299,0.9299,1,pending,0
inat_244156448_435486491,echinopsis,echinopsis,0.8916,0.8916,1,ok,0
inat_245598571_438289903,echinopsis,echinopsis,0.9221,0.9221,1,pending,0
inat_248222922_443476597,echinopsis,echinopsis,0.8929,0.8929,1,pending,0
inat_252766302_452523049,echinopsis,echinopsis,0.9322,0.9322,1,ok,0
inat_253345264_453605646,echinopsis,echinopsis,0.7779,0.7779,1,pending,0
inat_253398755_453712261,echinopsis,echinopsis,0.6634,0.6634,1,not_plant,0
inat_254179564_455224917,echinopsis,echinopsis,0.8459,0.8459,1,pending,0
inat_255019827_456921914,echinopsis,echinopsis,0.6824,0.6824,1,not_plant,0
inat_257681177_462291902,echinopsis,echinopsis,0.9514,0.9514,1,pending,0
inat_261015228_468847087,echinopsis,echinopsis,0.4095,0.4095,1,pending,1
inat_262306397_471249283,echinopsis,echinopsis,0.7355,0.7355,1,pending,0
inat_263662737_473704162,echinopsis,echinopsis,0.7183,0.7183,1,ok,0
inat_266362186_478575909,echinopsis,echinopsis,0.9332,0.9332,1,pending,0
inat_268489891_482619558,echinopsis,echinopsis,0.7656,0.7656,1,ok,0
inat_270882531_487205853,echinopsis,echinopsis,0.7858,0.7858,1,ok,0
inat_272523611_490296086,echinopsis,echinopsis,0.6959,0.6959,1,not_potted,0
inat_275085642_494385318,echinopsis,echinopsis,0.9306,0.9306,1,pending,0
inat_275729731_495364812,echinopsis,echinopsis,0.9498,0.9498,1,pending,0
inat_275729803_495364976,echinopsis,echinopsis,0.9369,0.9369,1,ok,0
inat_276253480_496145639,echinopsis,echinopsis,0.82,0.82,1,ok,0
inat_277004700_497406194,echinopsis,echinopsis,0.7774,0.7774,1,pending,0
inat_277240674_497826473,echinopsis,echinopsis,0.9495,0.9495,1,pending,0
inat_280486372_503771297,echinopsis,echinopsis,0.9204,0.9204,1,pending,0
inat_281018961_504777577,echinopsis,echinopsis,0.8589,0.8589,1,pending,0
inat_281614483_505897983,echinopsis,echinopsis,0.7718,0.7718,1,pending,0
inat_281834518_506306488,echinopsis,echinopsis,0.829,0.829,1,pending,0
inat_282315317_507211324,echinopsis,echinopsis,0.9361,0.9361,1,pending,0
inat_283017481_508513707,echinopsis,echinopsis,0.9014,0.9014,1,pending,0
inat_283595764_509599615,echinopsis,echinopsis,0.9319,0.9319,1,not_potted,0
inat_284278131_510878289,echinopsis,echinopsis,0.9462,0.9462,1,pending,0
inat_285646915_513441961,echinopsis,echinopsis,0.6923,0.6923,1,pending,0
inat_285693595_513499056,echinopsis,echinopsis,0.9331,0.9331,1,pending,0
inat_285796720_513720764,echinopsis,echinopsis,0.8842,0.8842,1,pending,0
inat_287096984_516193139,echinopsis,echinopsis,0.9648,0.9648,1,pending,0
inat_291956973_525340860,echinopsis,echinopsis,0.9637,0.9637,1,pending,0
inat_293848001_528861015,echinopsis,echinopsis,0.8835,0.8835,1,pending,0
inat_295293192_531585735,echinopsis,echinopsis,0.8531,0.8531,1,pending,0
inat_295382940_531754840,echinopsis,echinopsis,0.9344,0.9344,1,pending,0
inat_296363848_533630773,echinopsis,echinopsis,0.6059,0.6059,1,pending,0
inat_296857627_534572324,echinopsis,echinopsis,0.9367,0.9367,1,pending,0
inat_301560812_543414947,echinopsis,echinopsis,0.9361,0.9361,1,pending,0
inat_303132270_546344547,echinopsis,echinopsis,0.5228,0.5228,1,ok,0
inat_304677809_549281236,echinopsis,echinopsis,0.9037,0.9037,1,ok,0
inat_308044891_555706173,echinopsis,echinopsis,0.8365,0.8365,1,pending,0
inat_309862689_559199270,echinopsis,echinopsis,0.9332,0.9332,1,pending,0
inat_310567804_560528485,echinopsis,echinopsis,0.8023,0.8023,1,pending,0
inat_312989339_565165523,echinopsis,mammillaria,0.2669,0.5491,1,pending,1
inat_313765725_566650148,echinopsis,echinopsis,0.3719,0.3719,1,pending,1
inat_315040713_569075428,echinopsis,echinopsis,0.8607,0.8607,1,pending,0
inat_316414040_571675440,echinopsis,echinopsis,0.9468,0.9468,1,pending,0
inat_317280167_573304582,echinopsis,echinopsis,0.9129,0.9129,1,pending,0
inat_317358832_573451326,echinopsis,parodia,0.1139,0.3681,1,pending,1
inat_317410468_573553563,echinopsis,echinopsis,0.8495,0.8495,1,pending,0
inat_318158987_574989731,echinopsis,echinopsis,0.909,0.909,1,pending,0
inat_318910860_576424782,echinopsis,echinopsis,0.8971,0.8971,1,pending,0
inat_318934768_576469018,echinopsis,echinopsis,0.8265,0.8265,1,pending,0
inat_320810248_580095399,echinopsis,echinopsis,0.3021,0.3021,1,blurry,1
inat_321327495_581108076,echinopsis,echinopsis,0.6358,0.6358,1,pending,0
inat_321374703_581203412,echinopsis,echinopsis,0.755,0.755,1,pending,0
inat_321525342_581495811,echinopsis,echinopsis,0.6494,0.6494,1,pending,0
inat_322891229_584197951,echinopsis,echinopsis,0.908,0.908,1,pending,0
inat_323201033_584804823,echinopsis,echinopsis,0.9056,0.9056,1,pending,0
inat_323258306_584890365,echinopsis,echinopsis,0.3695,0.3695,1,pending,1
inat_323519348_585398937,echinopsis,echinopsis,0.933,0.933,1,pending,0
inat_323954234_586257332,echinopsis,echinopsis,0.9687,0.9687,1,pending,0
inat_325043028_588439744,echinopsis,echinopsis,0.815,0.815,1,pending,0
inat_326143800_590635453,echinopsis,echinopsis,0.6008,0.6008,1,pending,0
inat_326640988_591621435,echinopsis,echinopsis,0.943,0.943,1,pending,0
inat_327140016_592610813,echinopsis,echinopsis,0.9842,0.9842,1,pending,0
inat_329226620_596736867,echinopsis,echinopsis,0.9513,0.9513,1,pending,0
inat_329571601_597436410,echinopsis,echinopsis,0.9163,0.9163,1,pending,0
inat_330416555_599152703,echinopsis,echinopsis,0.8178,0.8178,1,pending,0
inat_331034815_600429939,echinopsis,echinopsis,0.8977,0.8977,1,pending,0
inat_332679653_603807741,echinopsis,echinopsis,0.9688,0.9688,1,pending,0
inat_332679842_603808266,echinopsis,echinopsis,0.8183,0.8183,1,pending,0
inat_332734779_603917462,echinopsis,echinopsis,0.766,0.766,1,pending,0
inat_333163732_604797866,echinopsis,echinopsis,0.9537,0.9537,1,ok,0
inat_333285169_605045577,echinopsis,echinopsis,0.822,0.822,1,pending,0
inat_334486559_607438751,echinopsis,echinopsis,0.8748,0.8748,1,pending,0
inat_336110631_610722451,echinopsis,echinopsis,0.6222,0.6222,1,pending,0
inat_337218714_612970046,echinopsis,echinopsis,0.8484,0.8484,1,pending,0
inat_340428069_619507774,echinopsis,echinopsis,0.863,0.863,1,pending,0
inat_340456994_619564368,echinopsis,parodia,0.0887,0.7309,1,pending,1
inat_340507331_619659953,echinopsis,echinopsis,0.9472,0.9472,1,pending,0
inat_343463129_625656956,echinopsis,echinopsis,0.8789,0.8789,1,pending,0
inat_343832190_626400042,echinopsis,echinopsis,0.9535,0.9535,1,pending,0
inat_345542921_629736893,echinopsis,echinopsis,0.9388,0.9388,1,ok,0
inat_345586163_629825638,echinopsis,echinopsis,0.6064,0.6064,1,pending,0
inat_345596060_629844895,echinopsis,echinopsis,0.4777,0.4777,1,pending,1
inat_345921739_630486327,echinopsis,echinopsis,0.5218,0.5218,1,pending,0
inat_350497110_639519931,echinopsis,echinopsis,0.9237,0.9237,1,pending,0
inat_350887136_640266642,echinopsis,echinopsis,0.9297,0.9297,1,pending,0
inat_351299396_641053507,echinopsis,echinopsis,0.8052,0.8052,1,pending,0
inat_352358588_643113602,echinopsis,echinopsis,0.9047,0.9047,1,pending,0
inat_353058412_644250128,echinopsis,echinopsis,0.9411,0.9411,1,pending,0
inat_353911496_645683684,echinopsis,echinopsis,0.9153,0.9153,1,pending,0
inat_354742388_647091797,echinopsis,echinopsis,0.7739,0.7739,1,multi_plant,0
inat_355294866_648009281,echinopsis,echinopsis,0.9063,0.9063,1,pending,0
inat_357119546_651314124,echinopsis,echinopsis,0.887,0.887,1,pending,0
inat_358559147_654116760,echinopsis,echinocactus,0.4355,0.4544,1,ok,1
inat_358754931_654490355,echinopsis,mammillaria,0.2782,0.4812,1,pending,1
inat_358825156_654630048,echinopsis,echinopsis,0.807,0.807,1,pending,0
inat_358831778_654643921,echinopsis,echinopsis,0.4561,0.4561,1,ok,1
inat_359857400_656604200,echinopsis,echinopsis,0.6553,0.6553,1,ok,0
inat_360462024_657747792,echinopsis,echinopsis,0.8598,0.8598,1,ok,0
inat_360498315_657810880,echinopsis,echinopsis,0.5764,0.5764,1,pending,0
inat_361646907_660029177,echinopsis,echinopsis,0.6265,0.6265,1,pending,0
inat_361779677_660271754,echinopsis,mammillaria,0.1887,0.6814,1,pending,1
inat_361908025_660512825,echinopsis,echinopsis,0.9425,0.9425,1,pending,0
inat_362001069_660686896,echinopsis,echinopsis,0.9236,0.9236,1,pending,0
inat_362079928_660830872,echinopsis,echinopsis,0.8034,0.8034,1,pending,0
inat_362409987_661457403,echinopsis,echinopsis,0.9197,0.9197,1,pending,0
inat_363955902_664397132,echinopsis,echinopsis,0.9029,0.9029,1,pending,0
inat_365342992_667025621,echinopsis,echinopsis,0.9478,0.9478,1,pending,0
inat_365426105_667180974,echinopsis,echinopsis,0.7958,0.7958,1,pending,0
inat_365988472_668255159,echinopsis,echinopsis,0.8419,0.8419,1,pending,0
inat_366433078_669099819,echinopsis,opuntia,0.2346,0.2673,1,pending,1
inat_367468185_671074875,echinopsis,echinopsis,0.9338,0.9338,1,pending,0
inat_368179185_672439127,echinopsis,echinopsis,0.9028,0.9028,1,pending,0
inat_369693578_675317160,echinopsis,echinopsis,0.9679,0.9679,1,pending,0
inat_370344742_676561008,echinopsis,echinopsis,0.8723,0.8723,1,pending,0
inat_372165350_680044733,echinopsis,echinopsis,0.9743,0.9743,1,pending,0
inat_372655928_680981031,echinopsis,parodia,0.2134,0.6433,1,pending,1
inat_374161231_683862617,echinopsis,echinopsis,0.8922,0.8922,1,pending,0
inat_374243476_684024087,echinopsis,echinopsis,0.943,0.943,1,pending,0
inat_379244233_693691050,echinopsis,echinopsis,0.475,0.475,1,pending,1
inat_385373705_705503760,echinopsis,echinopsis,0.9583,0.9583,1,ok,0
inat_388623807_711782228,echinopsis,echinopsis,0.8691,0.8691,1,pending,0
inat_391350704_717082415,echinopsis,echinopsis,0.9512,0.9512,1,pending,0
inat_392469527_719255117,echinopsis,echinopsis,0.8102,0.8102,1,pending,0
inat_394380881_723004175,echinopsis,echinopsis,0.9669,0.9669,1,pending,0
inat_395169499_724553610,echinopsis,echinopsis,0.9651,0.9651,1,pending,0
inat_395932312_726027391,echinopsis,echinopsis,0.8891,0.8891,1,pending,0
inat_395973023_726113077,echinopsis,echinopsis,0.8538,0.8538,1,pending,0
inat_396327741_726821206,echinopsis,echinopsis,0.7245,0.7245,1,pending,0
inat_396489167_727103661,echinopsis,echinopsis,0.5841,0.5841,1,pending,0
inat_396612089_727334039,echinopsis,echinopsis,0.9235,0.9235,1,pending,0
inat_398350868_730741494,echinopsis,echinopsis,0.7412,0.7412,1,blurry,0
inat_401209865_736368463,echinopsis,echinopsis,0.7414,0.7414,1,ok,0
inat_71683792_116746082,echinopsis,echinopsis,0.9585,0.9585,1,pending,0
inat_77045127_125995016,echinopsis,echinopsis,0.9299,0.9299,1,pending,0
inat_77075694_126044385,echinopsis,echinopsis,0.8142,0.8142,1,pending,0
inat_98716548_164419704,echinopsis,echinopsis,0.8034,0.8034,1,pending,0
inat_216195771_382325628,gymnocalycium,gymnocalycium,0.9034,0.9034,1,pending,0
inat_218184793_386062115,gymnocalycium,gymnocalycium,0.32,0.32,1,ok,1
inat_218990310_387566925,gymnocalycium,gymnocalycium,0.8955,0.8955,1,pending,0
inat_220738060_390840395,gymnocalycium,gymnocalycium,0.6925,0.6925,1,pending,0
inat_221529568_392322158,gymnocalycium,gymnocalycium,0.9139,0.9139,1,pending,0
inat_226798484_402271949,gymnocalycium,gymnocalycium,0.9093,0.9093,1,pending,0
inat_227586307_403758439,gymnocalycium,gymnocalycium,0.8606,0.8606,1,pending,0
inat_233448279_414885359,gymnocalycium,gymnocalycium,0.8785,0.8785,1,pending,0
inat_233509031_418936061,gymnocalycium,gymnocalycium,0.912,0.912,1,pending,0
inat_237659466_422993122,gymnocalycium,gymnocalycium,0.9717,0.9717,1,pending,0
inat_238045676_423739914,gymnocalycium,gymnocalycium,0.769,0.769,1,ok,0
inat_239443292_426451861,gymnocalycium,gymnocalycium,0.7729,0.7729,1,ok,0
inat_240507949_428502091,gymnocalycium,gymnocalycium,0.8993,0.8993,1,pending,0
inat_242586052_432472414,gymnocalycium,gymnocalycium,0.9237,0.9237,1,pending,0
inat_242866579_433004373,gymnocalycium,mammillaria,0.1262,0.3737,1,ok,1
inat_245432683_437961117,gymnocalycium,gymnocalycium,0.9352,0.9352,1,pending,0
inat_250999570_449024280,gymnocalycium,gymnocalycium,0.8338,0.8338,1,pending,0
inat_259993234_466821388,gymnocalycium,gymnocalycium,0.9136,0.9136,1,pending,0
inat_263774452_473922724,gymnocalycium,gymnocalycium,0.923,0.923,1,pending,0
inat_266109210_478091298,gymnocalycium,gymnocalycium,0.889,0.889,1,pending,0
inat_267171967_480104738,gymnocalycium,echinopsis,0.3685,0.4052,1,ok,1
inat_267980831_481643726,gymnocalycium,echinopsis,0.2512,0.4829,1,ok,1
inat_268923212_483451667,gymnocalycium,gymnocalycium,0.9156,0.9156,1,ok,0
inat_272343533_489962895,gymnocalycium,gymnocalycium,0.9257,0.9257,1,pending,0
inat_273582534_492029389,gymnocalycium,gymnocalycium,0.8985,0.8985,1,pending,0
inat_274073692_492783240,gymnocalycium,echinopsis,0.2382,0.3528,1,pending,1
inat_275026082_494291149,gymnocalycium,gymnocalycium,0.8977,0.8977,1,pending,0
inat_275141821_494472766,gymnocalycium,gymnocalycium,0.8027,0.8027,1,pending,0
inat_276320177_496250704,gymnocalycium,gymnocalycium,0.9404,0.9404,1,pending,0
inat_277166072_497691468,gymnocalycium,gymnocalycium,0.5625,0.5625,1,ok,0
inat_277397968_498093776,gymnocalycium,gymnocalycium,0.8897,0.8897,1,pending,0
inat_278902994_500810745,gymnocalycium,echinopsis,0.0433,0.891,1,ok,1
inat_280103574_503042411,gymnocalycium,gymnocalycium,0.9209,0.9209,1,pending,0
inat_280392350_503539084,gymnocalycium,astrophytum,0.0844,0.7167,1,not_potted,1
inat_282836119_508175442,gymnocalycium,gymnocalycium,0.7885,0.7885,1,pending,0
inat_285205832_512628637,gymnocalycium,gymnocalycium,0.8447,0.8447,1,pending,0
inat_285586178_513335556,gymnocalycium,gymnocalycium,0.8718,0.8718,1,ok,0
inat_291087978_523700911,gymnocalycium,gymnocalycium,0.862,0.862,1,ok,0
inat_294567198_530215474,gymnocalycium,gymnocalycium,0.6032,0.6032,1,ok,0
inat_300615539_541664278,gymnocalycium,astrophytum,0.1226,0.4838,1,not_potted,1
inat_300616738_541666573,gymnocalycium,gymnocalycium,0.9102,0.9102,1,pending,0
inat_309478532_558466338,gymnocalycium,gymnocalycium,0.9304,0.9304,1,pending,0
inat_309749896_558982857,gymnocalycium,gymnocalycium,0.89,0.89,1,pending,0
inat_311559063_562435125,gymnocalycium,gymnocalycium,0.9093,0.9093,1,pending,0
inat_316440450_571728784,gymnocalycium,gymnocalycium,0.9432,0.9432,1,pending,0
inat_318514687_575668469,gymnocalycium,gymnocalycium,0.7328,0.7328,1,pending,0
inat_319684659_577906861,gymnocalycium,gymnocalycium,0.9099,0.9099,1,pending,0
inat_330009599_598318983,gymnocalycium,gymnocalycium,0.8809,0.8809,1,pending,0
inat_334867599_608211971,gymnocalycium,gymnocalycium,0.9007,0.9007,1,pending,0
inat_335209172_608911001,gymnocalycium,gymnocalycium,0.4732,0.4732,1,pending,1
inat_336009580_610519483,gymnocalycium,gymnocalycium,0.8657,0.8657,1,pending,0
inat_338012832_614598455,gymnocalycium,mammillaria,0.0226,0.629,1,ok,1
inat_338530580_615669468,gymnocalycium,gymnocalycium,0.9713,0.9713,1,pending,0
inat_338810260_616218833,gymnocalycium,gymnocalycium,0.8564,0.8564,1,pending,0
inat_339276392_617152474,gymnocalycium,mammillaria,0.0778,0.5814,1,pending,1
inat_339276395_617152489,gymnocalycium,gymnocalycium,0.8102,0.8102,1,pending,0
inat_339276396_617152495,gymnocalycium,mammillaria,0.2534,0.4185,1,pending,1
inat_340092977_619391711,gymnocalycium,gymnocalycium,0.8938,0.8938,1,pending,0
inat_345572622_629791826,gymnocalycium,gymnocalycium,0.8515,0.8515,1,pending,0
inat_346296765_631227914,gymnocalycium,gymnocalycium,0.9069,0.9069,1,pending,0
inat_346863692_632344596,gymnocalycium,gymnocalycium,0.8531,0.8531,1,pending,0
inat_348650325_635895858,gymnocalycium,gymnocalycium,0.8789,0.8789,1,pending,0
inat_351980712_642391959,gymnocalycium,gymnocalycium,0.7283,0.7283,1,pending,0
inat_352377165_643169354,gymnocalycium,gymnocalycium,0.8184,0.8184,1,pending,0
inat_352395842_643185153,gymnocalycium,gymnocalycium,0.9316,0.9316,1,pending,0
inat_353171822_644450754,gymnocalycium,mammillaria,0.1486,0.5331,1,ok,1
inat_357436244_651938194,gymnocalycium,gymnocalycium,0.9396,0.9396,1,pending,0
inat_357436272_651938265,gymnocalycium,gymnocalycium,0.8832,0.8832,1,pending,0
inat_371870029_679473435,gymnocalycium,gymnocalycium,0.755,0.755,1,pending,0
inat_374305263_684142570,gymnocalycium,astrophytum,0.0465,0.7869,1,ok,1
inat_375653552_686765923,gymnocalycium,gymnocalycium,0.866,0.866,1,pending,0
inat_380490149_696105334,gymnocalycium,gymnocalycium,0.9345,0.9345,1,pending,0
inat_388279628_711098255,gymnocalycium,gymnocalycium,0.6786,0.6786,1,pending,0
inat_388576360_711684234,gymnocalycium,gymnocalycium,0.8807,0.8807,1,pending,0
inat_391827727_718001059,gymnocalycium,gymnocalycium,0.9091,0.9091,1,ok,0
inat_392180163_718686684,gymnocalycium,gymnocalycium,0.909,0.909,1,pending,0
inat_392925206_721824348,gymnocalycium,mammillaria,0.014,0.9224,1,not_potted,1
inat_397223643_728527824,gymnocalycium,gymnocalycium,0.8304,0.8304,1,pending,0
inat_397673115_729411754,gymnocalycium,gymnocalycium,0.87,0.87,1,pending,0
inat_397834414_729713782,gymnocalycium,gymnocalycium,0.8722,0.8722,1,pending,0
inat_101947556_170324761,mammillaria,echinopsis,0.1617,0.7711,1,pending,1
inat_101984957_170394384,mammillaria,mammillaria,0.9528,0.9528,1,pending,0
inat_102265277_170911032,mammillaria,mammillaria,0.8936,0.8936,1,pending,0
inat_104369509_174866105,mammillaria,mammillaria,0.8355,0.8355,1,pending,0
inat_106010068_177999983,mammillaria,mammillaria,0.9262,0.9262,1,pending,0
inat_107961773_181677337,mammillaria,mammillaria,0.8362,0.8362,1,pending,0
inat_109215554_184033779,mammillaria,mammillaria,0.9197,0.9197,1,pending,0
inat_119867250_202678052,mammillaria,mammillaria,0.9311,0.9311,1,pending,0
inat_140581446_240662077,mammillaria,mammillaria,0.9686,0.9686,1,pending,0
inat_141841504_243081869,mammillaria,mammillaria,0.9146,0.9146,1,pending,0
inat_143833697_246746458,mammillaria,mammillaria,0.9108,0.9108,1,pending,0
inat_146694099_252255735,mammillaria,mammillaria,0.9355,0.9355,1,pending,0
inat_147043003_252947690,mammillaria,mammillaria,0.9108,0.9108,1,pending,0
inat_149361368_257358860,mammillaria,mammillaria,0.9126,0.9126,1,pending,0
inat_150917179_260318250,mammillaria,mammillaria,0.9389,0.9389,1,pending,0
inat_150934538_260349725,mammillaria,mammillaria,0.9019,0.9019,1,pending,0
inat_150945647_260369260,mammillaria,mammillaria,0.9214,0.9214,1,pending,0
inat_15301117_22904990,mammillaria,mammillaria,0.8853,0.8853,1,pending,0
inat_157653436_272550768,mammillaria,mammillaria,0.9204,0.9204,1,pending,0
inat_158016735_273144037,mammillaria,mammillaria,0.9028,0.9028,1,pending,0
inat_158840119_274454433,mammillaria,mammillaria,0.9296,0.9296,1,pending,0
inat_158946667_274623309,mammillaria,mammillaria,0.9197,0.9197,1,pending,0
inat_159150676_274963061,mammillaria,mammillaria,0.9292,0.9292,1,pending,0
inat_159702911_275927274,mammillaria,mammillaria,0.9357,0.9357,1,pending,0
inat_164622066_284858004,mammillaria,mammillaria,0.8379,0.8379,1,pending,0
inat_169422666_293723715,mammillaria,mammillaria,0.9294,0.9294,1,pending,0
inat_170159383_295334378,mammillaria,mammillaria,0.9177,0.9177,1,pending,0
inat_171158168_296972406,mammillaria,mammillaria,0.9401,0.9401,1,pending,0
inat_175570407_305131725,mammillaria,mammillaria,0.9131,0.9131,1,pending,0
inat_176001305_305933526,mammillaria,mammillaria,0.8943,0.8943,1,pending,0
inat_181241914_315844291,mammillaria,mammillaria,0.8107,0.8107,1,pending,0
inat_184771640_322578873,mammillaria,mammillaria,0.9149,0.9149,1,pending,0
inat_184778303_322590703,mammillaria,mammillaria,0.4658,0.4658,1,pending,1
inat_187789800_328490664,mammillaria,mammillaria,0.8776,0.8776,1,pending,0
inat_189355752_331688659,mammillaria,mammillaria,0.9331,0.9331,1,pending,0
inat_192891173_338723629,mammillaria,mammillaria,0.9188,0.9188,1,pending,0
inat_195313450_343567606,mammillaria,mammillaria,0.7878,0.7878,1,pending,0
inat_199110664_351074417,mammillaria,mammillaria,0.9181,0.9181,1,pending,0
inat_201848071_356381047,mammillaria,mammillaria,0.9617,0.9617,1,pending,0
inat_202525766_357696820,mammillaria,mammillaria,0.9436,0.9436,1,pending,0
inat_207609447_367243276,mammillaria,mammillaria,0.8636,0.8636,1,pending,0
inat_211023455_373148301,mammillaria,mammillaria,0.9186,0.9186,1,pending,0
inat_211467475_373864745,mammillaria,mammillaria,0.9322,0.9322,1,pending,0
inat_212019177_374704118,mammillaria,mammillaria,0.8863,0.8863,1,pending,0
inat_212068306_374780480,mammillaria,mammillaria,0.8294,0.8294,1,pending,0
inat_212082638_374813990,mammillaria,mammillaria,0.9577,0.9577,1,pending,0
inat_213962484_378146000,mammillaria,mammillaria,0.9025,0.9025,1,pending,0
inat_214345178_378863270,mammillaria,mammillaria,0.917,0.917,1,pending,0
inat_217885185_385508375,mammillaria,mammillaria,0.7302,0.7302,1,pending,0
inat_218155966_386008078,mammillaria,mammillaria,0.8764,0.8764,1,pending,0
inat_218269864_386223500,mammillaria,mammillaria,0.9499,0.9499,1,pending,0
inat_220013272_389719569,mammillaria,mammillaria,0.9258,0.9258,1,pending,0
inat_22002158_34104563,mammillaria,mammillaria,0.9505,0.9505,1,pending,0
inat_220034082_389508337,mammillaria,mammillaria,0.889,0.889,1,pending,0
inat_220308950_390039369,mammillaria,mammillaria,0.9499,0.9499,1,pending,0
inat_228270415_405053089,mammillaria,mammillaria,0.8801,0.8801,1,pending,0
inat_230164509_408645499,mammillaria,mammillaria,0.9272,0.9272,1,pending,0
inat_232034049_412185685,mammillaria,mammillaria,0.9174,0.9174,1,pending,0
inat_233782007_415511829,mammillaria,mammillaria,0.9123,0.9123,1,pending,0
inat_239009706_426084251,mammillaria,mammillaria,0.9435,0.9435,1,pending,0
inat_243191202_433613262,mammillaria,mammillaria,0.8198,0.8198,1,pending,0
inat_243374892_433965024,mammillaria,mammillaria,0.9259,0.9259,1,pending,0
inat_243734881_434659091,mammillaria,mammillaria,0.8785,0.8785,1,pending,0
inat_244817299_436758205,mammillaria,mammillaria,0.9421,0.9421,1,pending,0
inat_245291519_437682026,mammillaria,mammillaria,0.8631,0.8631,1,pending,0
inat_24541224_37947301,mammillaria,mammillaria,0.9264,0.9264,1,pending,0
inat_245505126_438100510,mammillaria,mammillaria,0.8173,0.8173,1,pending,0
inat_245725259_438537773,mammillaria,mammillaria,0.9119,0.9119,1,pending,0
inat_24629844_38081650,mammillaria,mammillaria,0.8845,0.8845,1,pending,0
inat_24629845_38081675,mammillaria,mammillaria,0.9182,0.9182,1,pending,0
inat_246900399_440864321,mammillaria,mammillaria,0.9413,0.9413,1,pending,0
inat_248185736_443402845,mammillaria,mammillaria,0.89,0.89,1,pending,0
inat_253352324_453620546,mammillaria,mammillaria,0.9312,0.9312,1,pending,0
inat_253747191_454404597,mammillaria,mammillaria,0.9532,0.9532,1,pending,0
inat_255671341_458233740,mammillaria,mammillaria,0.8745,0.8745,1,pending,0
inat_256873048_460661143,mammillaria,mammillaria,0.9133,0.9133,1,pending,0
inat_260180391_467192340,mammillaria,mammillaria,0.9154,0.9154,1,pending,0
inat_260358779_467549963,mammillaria,mammillaria,0.8666,0.8666,1,pending,0
inat_264968519_475856208,mammillaria,mammillaria,0.9689,0.9689,1,pending,0
inat_267287235_480322430,mammillaria,mammillaria,0.8951,0.8951,1,pending,0
inat_267443083_480619965,mammillaria,mammillaria,0.9241,0.9241,1,pending,0
inat_269955395_485439491,mammillaria,mammillaria,0.9375,0.9375,1,pending,0
inat_271128444_487670243,mammillaria,mammillaria,0.6804,0.6804,1,pending,0
inat_271154466_487725213,mammillaria,echinopsis,0.0294,0.7966,1,pending,1
inat_273242384_491478057,mammillaria,mammillaria,0.9397,0.9397,1,pending,0
inat_273406699_491738545,mammillaria,mammillaria,0.8897,0.8897,1,pending,0
inat_273453937_491817315,mammillaria,mammillaria,0.9593,0.9593,1,pending,0
inat_273896022_492502059,mammillaria,mammillaria,0.9107,0.9107,1,pending,0
inat_274926680_494132689,mammillaria,mammillaria,0.9096,0.9096,1,pending,0
inat_275973921_495719763,mammillaria,mammillaria,0.8905,0.8905,1,pending,0
inat_278112516_499366675,mammillaria,mammillaria,0.9208,0.9208,1,pending,0
inat_278856837_500722134,mammillaria,mammillaria,0.6901,0.6901,1,pending,0
inat_278867954_500744412,mammillaria,mammillaria,0.9371,0.9371,1,pending,0
inat_279149470_501265019,mammillaria,mammillaria,0.9325,0.9325,1,pending,0
inat_279186553_501330042,mammillaria,mammillaria,0.8144,0.8144,1,pending,0
inat_279541434_501985184,mammillaria,mammillaria,0.7891,0.7891,1,pending,0
inat_280347051_503498010,mammillaria,mammillaria,0.9441,0.9441,1,pending,0
inat_282944056_508375514,mammillaria,mammillaria,0.9501,0.9501,1,pending,0
inat_283951054_510261009,mammillaria,mammillaria,0.9272,0.9272,1,pending,0
inat_284002439_510978449,mammillaria,mammillaria,0.8992,0.8992,1,pending,0
inat_284868646_511998015,mammillaria,mammillaria,0.9409,0.9409,1,pending,0
inat_285350176_512898694,mammillaria,mammillaria,0.8706,0.8706,1,pending,0
inat_288628600_519075665,mammillaria,mammillaria,0.9087,0.9087,1,pending,0
inat_2887727_3300809,mammillaria,mammillaria,0.9079,0.9079,1,pending,0
inat_292641131_526644441,mammillaria,mammillaria,0.954,0.954,1,pending,0
inat_296482099_533855737,mammillaria,mammillaria,0.4834,0.4834,1,pending,1
inat_296517741_533921287,mammillaria,mammillaria,0.9704,0.9704,1,pending,0
inat_297772168_536301518,mammillaria,mammillaria,0.9236,0.9236,1,pending,0
inat_299591898_539743535,mammillaria,mammillaria,0.9444,0.9444,1,pending,0
inat_301461590_543234424,mammillaria,mammillaria,0.8744,0.8744,1,pending,0
inat_303436729_546914669,mammillaria,mammillaria,0.9295,0.9295,1,pending,0
inat_307762613_555162223,mammillaria,mammillaria,0.9052,0.9052,1,pending,0
inat_308886677_557325428,mammillaria,mammillaria,0.9176,0.9176,1,pending,0
inat_315444367_569842999,mammillaria,mammillaria,0.8519,0.8519,1,pending,0
inat_316413294_571674555,mammillaria,mammillaria,0.908,0.908,1,pending,0
inat_316637048_572101119,mammillaria,mammillaria,0.9415,0.9415,1,pending,0
inat_317708855_574127928,mammillaria,mammillaria,0.8888,0.8888,1,pending,0
inat_318514871_575668652,mammillaria,mammillaria,0.5136,0.5136,1,pending,0
inat_320515450_579513936,mammillaria,mammillaria,0.8848,0.8848,1,pending,0
inat_32118078_50343304,mammillaria,mammillaria,0.9048,0.9048,1,pending,0
inat_321293034_581038007,mammillaria,mammillaria,0.9249,0.9249,1,pending,0
inat_323562222_585484618,mammillaria,mammillaria,0.9457,0.9457,1,pending,0
inat_324969164_588293412,mammillaria,mammillaria,0.9374,0.9374,1,pending,0
inat_326915427_592172856,mammillaria,mammillaria,0.9425,0.9425,1,pending,0
inat_326918774_592179184,mammillaria,mammillaria,0.6919,0.6919,1,pending,0
inat_330756430_599855668,mammillaria,mammillaria,0.9615,0.9615,1,pending,0
inat_330896701_600141601,mammillaria,mammillaria,0.9098,0.9098,1,pending,0
inat_330926825_600204757,mammillaria,mammillaria,0.9088,0.9088,1,pending,0
inat_332030467_602472626,mammillaria,mammillaria,0.8928,0.8928,1,pending,0
inat_332908846_604276209,mammillaria,mammillaria,0.9581,0.9581,1,pending,0
inat_333850639_606142676,mammillaria,mammillaria,0.8977,0.8977,1,pending,0
inat_334665492_607798639,mammillaria,mammillaria,0.9286,0.9286,1,pending,0
inat_334747883_607963234,mammillaria,mammillaria,0.8343,0.8343,1,pending,0
inat_335833570_610171659,mammillaria,mammillaria,0.9474,0.9474,1,pending,0
inat_336069947_610640017,mammillaria,mammillaria,0.9579,0.9579,1,pending,0
inat_336602494_611714238,mammillaria,mammillaria,0.9502,0.9502,1,pending,0
inat_336998963_612527113,mammillaria,mammillaria,0.9345,0.9345,1,pending,0
inat_337223792_612977065,mammillaria,mammillaria,0.9191,0.9191,1,pending,0
inat_337507840_613564352,mammillaria,mammillaria,0.5941,0.5941,1,ok,0
inat_337522558_613593611,mammillaria,mammillaria,0.807,0.807,1,ok,0
inat_3376270_3899708,mammillaria,mammillaria,0.9465,0.9465,1,pending,0
inat_337904918_614377538,mammillaria,mammillaria,0.8998,0.8998,1,ok,0
inat_338358712_615307837,mammillaria,mammillaria,0.91,0.91,1,pending,0
inat_339578398_617772759,mammillaria,mammillaria,0.791,0.791,1,ok,0
inat_339739938_618096461,mammillaria,mammillaria,0.8643,0.8643,1,pending,0
inat_339878800_618382463,mammillaria,mammillaria,0.8977,0.8977,1,pending,0
inat_339971074_618570839,mammillaria,mammillaria,0.739,0.739,1,ok,0
inat_339971809_618572292,mammillaria,mammillaria,0.9238,0.9238,1,pending,0
inat_340326216_619299191,mammillaria,mammillaria,0.8078,0.8078,1,pending,0
inat_340334567_619317448,mammillaria,mammillaria,0.854,0.854,1,pending,0
inat_340864313_620387416,mammillaria,mammillaria,0.8995,0.8995,1,pending,0
inat_341340446_621370671,mammillaria,mammillaria,0.9342,0.9342,1,pending,0
inat_341823187_622354441,mammillaria,mammillaria,0.9202,0.9202,1,pending,0
inat_342082100_622877855,mammillaria,mammillaria,0.9544,0.9544,1,pending,0
inat_342227194_623169861,mammillaria,mammillaria,0.8259,0.8259,1,ok,0
inat_342735929_703837410,mammillaria,mammillaria,0.9462,0.9462,1,pending,0
inat_343056593_624830004,mammillaria,mammillaria,0.8796,0.8796,1,pending,0
inat_343184139_625085131,mammillaria,mammillaria,0.8865,0.8865,1,pending,0
inat_343832321_626400107,mammillaria,parodia,0.1071,0.4205,1,ok,1
inat_343902326_626538359,mammillaria,mammillaria,0.9452,0.9452,1,pending,0
inat_343989643_626711951,mammillaria,mammillaria,0.8611,0.8611,1,ok,0
inat_344469659_627646646,mammillaria,mammillaria,0.948,0.948,1,ok,0
inat_345090296_628848490,mammillaria,mammillaria,0.9118,0.9118,1,pending,0
inat_345404504_629468817,mammillaria,mammillaria,0.2312,0.2312,1,not_plant,1
inat_345404780_629469479,mammillaria,mammillaria,0.8782,0.8782,1,ok,0
inat_346106445_630848565,mammillaria,mammillaria,0.9535,0.9535,1,pending,0
inat_346119551_630874247,mammillaria,mammillaria,0.8585,0.8585,1,pending,0
inat_346130529_630895127,mammillaria,parodia,0.2806,0.3694,1,ok,1
inat_346270877_631174796,mammillaria,mammillaria,0.9021,0.9021,1,pending,0
inat_346330885_631297149,mammillaria,mammillaria,0.8772,0.8772,1,ok,0
inat_347695926_633990520,mammillaria,mammillaria,0.9253,0.9253,1,pending,0
inat_347705950_634019627,mammillaria,mammillaria,0.8732,0.8732,1,pending,0
inat_348663889_635924173,mammillaria,mammillaria,0.9244,0.9244,1,pending,0
inat_348837365_636266553,mammillaria,mammillaria,0.9501,0.9501,1,pending,0
inat_349101278_636778875,mammillaria,echinocactus,0.1041,0.5631,1,multi_plant,1
inat_351945139_642323798,mammillaria,mammillaria,0.9572,0.9572,1,pending,0
inat_352010490_642447150,mammillaria,mammillaria,0.7457,0.7457,1,pending,0
inat_352032757_642488834,mammillaria,mammillaria,0.9051,0.9051,1,pending,0
inat_352378831_643151903,mammillaria,mammillaria,0.9221,0.9221,1,pending,0
inat_354381710_646490010,mammillaria,mammillaria,0.9028,0.9028,1,pending,0
inat_354766095_647138415,mammillaria,mammillaria,0.8636,0.8636,1,pending,0
inat_354980027_647516671,mammillaria,mammillaria,0.9138,0.9138,1,pending,0
inat_355173578_647826932,mammillaria,mammillaria,0.9285,0.9285,1,pending,0
inat_355525983_648369970,mammillaria,mammillaria,0.895,0.895,1,pending,0
inat_35607619_56165537,mammillaria,mammillaria,0.9145,0.9145,1,pending,0
inat_356277780_649712987,mammillaria,mammillaria,0.8633,0.8633,1,pending,0
inat_357589501_652225831,mammillaria,mammillaria,0.854,0.854,1,pending,0
inat_358092004_653196637,mammillaria,mammillaria,0.9093,0.9093,1,pending,0
inat_360243486_657334168,mammillaria,mammillaria,0.8813,0.8813,1,ok,0
inat_360584450_657975659,mammillaria,mammillaria,0.5251,0.5251,1,pending,0
inat_361499257_659738016,mammillaria,mammillaria,0.949,0.949,1,pending,0
inat_363080067_662735268,mammillaria,mammillaria,0.9458,0.9458,1,pending,0
inat_363099601_662770501,mammillaria,mammillaria,0.8985,0.8985,1,pending,0
inat_365279686_666898189,mammillaria,mammillaria,0.7245,0.7245,1,pending,0
inat_366605187_669428248,mammillaria,mammillaria,0.7755,0.7755,1,pending,0
inat_370107585_676103082,mammillaria,mammillaria,0.8566,0.8566,1,pending,0
inat_370367573_676603151,mammillaria,mammillaria,0.8961,0.8961,1,pending,0
inat_370677077_677189844,mammillaria,mammillaria,0.769,0.769,1,pending,0
inat_371669548_679084701,mammillaria,mammillaria,0.9721,0.9721,1,pending,0
inat_372979504_681593807,mammillaria,mammillaria,0.888,0.888,1,pending,0
inat_373507394_682611535,mammillaria,parodia,0.095,0.7644,1,ok,1
inat_373560322_682710808,mammillaria,astrophytum,0.3882,0.4,1,ok,1
inat_374602499_684722146,mammillaria,mammillaria,0.8572,0.8572,1,pending,0
inat_37573692_59590137,mammillaria,mammillaria,0.8925,0.8925,1,pending,0
inat_376124898_687677090,mammillaria,mammillaria,0.9581,0.9581,1,pending,0
inat_379297762_693802717,mammillaria,mammillaria,0.887,0.887,1,pending,0
inat_379806323_694779043,mammillaria,mammillaria,0.8765,0.8765,1,pending,0
inat_386107292_706914839,mammillaria,mammillaria,0.8933,0.8933,1,pending,0
inat_387796604_710159179,mammillaria,mammillaria,0.92,0.92,1,pending,0
inat_388925769_712375590,mammillaria,mammillaria,0.9008,0.9008,1,pending,0
inat_391505974_717383832,mammillaria,mammillaria,0.473,0.473,1,pending,1
inat_393217754_720715840,mammillaria,mammillaria,0.9112,0.9112,1,pending,0
inat_39893608_63339241,mammillaria,mammillaria,0.9034,0.9034,1,pending,0
inat_399011851_732019389,mammillaria,mammillaria,0.6774,0.6774,1,pending,0
inat_40105281_63698455,mammillaria,mammillaria,0.9112,0.9112,1,pending,0
inat_41473883_65794922,mammillaria,mammillaria,0.9131,0.9131,1,pending,0
inat_43226865_68610975,mammillaria,mammillaria,0.8854,0.8854,1,pending,0
inat_43521896_69050694,mammillaria,mammillaria,0.942,0.942,1,pending,0
inat_43961746_69711967,mammillaria,mammillaria,0.9139,0.9139,1,pending,0
inat_46312863_73451632,mammillaria,mammillaria,0.9796,0.9796,1,pending,0
inat_59592076_95225841,mammillaria,mammillaria,0.9013,0.9013,1,pending,0
inat_60753317_97165119,mammillaria,mammillaria,0.9443,0.9443,1,pending,0
inat_65419912_105291414,mammillaria,mammillaria,0.9223,0.9223,1,pending,0
inat_68175520_110324470,mammillaria,mammillaria,0.8823,0.8823,1,pending,0
inat_68408473_110761647,mammillaria,mammillaria,0.8658,0.8658,1,pending,0
inat_68506728_110943500,mammillaria,mammillaria,0.949,0.949,1,pending,0
inat_68934836_111743811,mammillaria,mammillaria,0.9161,0.9161,1,pending,0
inat_71234064_115942203,mammillaria,mammillaria,0.8631,0.8631,1,pending,0
inat_76373838_124933471,mammillaria,mammillaria,0.8879,0.8879,1,pending,0
inat_77592185_126909464,mammillaria,mammillaria,0.8875,0.8875,1,pending,0
inat_83375090_136927309,mammillaria,mammillaria,0.9171,0.9171,1,pending,0
inat_85986468_141571957,mammillaria,mammillaria,0.9046,0.9046,1,pending,0
inat_8668795_11612474,mammillaria,mammillaria,0.8517,0.8517,1,pending,0
inat_8897324_11972021,mammillaria,mammillaria,0.8642,0.8642,1,pending,0
inat_95830076_159138857,mammillaria,mammillaria,0.9104,0.9104,1,pending,0
inat_99355437_165607543,mammillaria,mammillaria,0.9288,0.9288,1,pending,0
inat_276729128_496921192,opuntia,opuntia,0.8872,0.8872,1,pending,0
inat_276868922_497154402,opuntia,opuntia,0.9361,0.9361,1,pending,0
inat_277003479_497403382,opuntia,opuntia,0.9228,0.9228,1,pending,0
inat_277235322_497817058,opuntia,opuntia,0.8796,0.8796,1,pending,0
inat_277462752_498208422,opuntia,opuntia,0.8928,0.8928,1,pending,0
inat_278299059_499707707,opuntia,opuntia,0.9413,0.9413,1,pending,0
inat_278858849_500725488,opuntia,opuntia,0.9462,0.9462,1,pending,0
inat_279517296_501938096,opuntia,opuntia,0.91,0.91,1,pending,0
inat_280935264_504608543,opuntia,opuntia,0.8527,0.8527,1,pending,0
inat_281424386_505539357,opuntia,opuntia,0.9019,0.9019,1,pending,0
inat_282255507_507093640,opuntia,opuntia,0.9187,0.9187,1,pending,0
inat_285206883_512630824,opuntia,opuntia,0.9177,0.9177,1,pending,0
inat_288361340_518556061,opuntia,opuntia,0.7808,0.7808,1,pending,0
inat_294324799_529761963,opuntia,opuntia,0.9669,0.9669,1,pending,0
inat_295175626_531361359,opuntia,opuntia,0.7878,0.7878,1,blurry,0
inat_295280602_531600490,opuntia,opuntia,0.9083,0.9083,1,pending,0
inat_295520659_532013864,opuntia,opuntia,0.9278,0.9278,1,pending,0
inat_296143074_533207232,opuntia,opuntia,0.883,0.883,1,pending,0
inat_298265138_537233424,opuntia,opuntia,0.938,0.938,1,pending,0
inat_301225299_542791042,opuntia,opuntia,0.9172,0.9172,1,pending,0
inat_303677795_547373714,opuntia,opuntia,0.8587,0.8587,1,pending,0
inat_305106292_550083815,opuntia,opuntia,0.9451,0.9451,1,pending,0
inat_308334739_556267355,opuntia,opuntia,0.7158,0.7158,1,pending,0
inat_312261481_563761973,opuntia,opuntia,0.3885,0.3885,1,not_potted,1
inat_314843022_568691138,opuntia,opuntia,0.8795,0.8795,1,pending,0
inat_316860879_572517187,opuntia,opuntia,0.7251,0.7251,1,pending,0
inat_318092124_574854852,opuntia,opuntia,0.9201,0.9201,1,pending,0
inat_318299041_575250387,opuntia,opuntia,0.8702,0.8702,1,pending,0
inat_318492604_575624755,opuntia,opuntia,0.9497,0.9497,1,pending,0
inat_321394553_581243786,opuntia,opuntia,0.915,0.915,1,pending,0
inat_322049256_582522795,opuntia,opuntia,0.9341,0.9341,1,pending,0
inat_322609509_583640776,opuntia,opuntia,0.8316,0.8316,1,pending,0
inat_323293406_584952106,opuntia,opuntia,0.4155,0.4155,1,ok,1
inat_325325991_589002484,opuntia,opuntia,0.7268,0.7268,1,pending,0
inat_326359530_591058722,opuntia,opuntia,0.9027,0.9027,1,pending,0
inat_329566271_597425295,opuntia,opuntia,0.924,0.924,1,pending,0
inat_329831002_597959838,opuntia,opuntia,0.9543,0.9543,1,pending,0
inat_330042708_598386645,opuntia,opuntia,0.8181,0.8181,1,pending,0
inat_333764426_605964565,opuntia,opuntia,0.8387,0.8387,1,pending,0
inat_336175416_610847206,opuntia,opuntia,0.9511,0.9511,1,pending,0
inat_337443783_613432817,opuntia,opuntia,0.8733,0.8733,1,pending,0
inat_341761076_622227289,opuntia,opuntia,0.897,0.897,1,pending,0
inat_342227241_623169984,opuntia,opuntia,0.8553,0.8553,1,pending,0
inat_342235071_623184927,opuntia,opuntia,0.7633,0.7633,1,pending,0
inat_342774867_624261849,opuntia,opuntia,0.6482,0.6482,1,pending,0
inat_343832344_626400145,opuntia,opuntia,0.8831,0.8831,1,pending,0
inat_344692301_628081153,opuntia,opuntia,0.9148,0.9148,1,pending,0
inat_344810172_628299627,opuntia,opuntia,0.9498,0.9498,1,pending,0
inat_346673340_631968345,opuntia,opuntia,0.4767,0.4767,1,pending,1
inat_347539194_633690413,opuntia,opuntia,0.9052,0.9052,1,ok,0
inat_349345747_637258506,opuntia,opuntia,0.906,0.906,1,pending,0
inat_351772410_641984948,opuntia,opuntia,0.9259,0.9259,1,not_potted,0
inat_351797986_642031339,opuntia,opuntia,0.7241,0.7241,1,pending,0
inat_351929421_642294727,opuntia,opuntia,0.4437,0.4437,1,pending,1
inat_354722256_647059760,opuntia,opuntia,0.8659,0.8659,1,pending,0
inat_355885579_649000416,opuntia,opuntia,0.8654,0.8654,1,pending,0
inat_356189822_649552710,opuntia,opuntia,0.9349,0.9349,1,pending,0
inat_358754011_654488589,opuntia,mammillaria,0.1772,0.4138,1,pending,1
inat_359002073_654961596,opuntia,opuntia,0.9355,0.9355,1,pending,0
inat_359590424_656094189,opuntia,opuntia,0.5686,0.5686,1,pending,0
inat_360207238_657268493,opuntia,opuntia,0.9373,0.9373,1,pending,0
inat_361467971_659679240,opuntia,opuntia,0.882,0.882,1,pending,0
inat_363445910_663430507,opuntia,opuntia,0.9,0.9,1,pending,0
inat_363485470_663507534,opuntia,opuntia,0.8796,0.8796,1,pending,0
inat_363841873_664186219,opuntia,opuntia,0.9081,0.9081,1,pending,0
inat_367112142_670422294,opuntia,opuntia,0.9217,0.9217,1,pending,0
inat_374934381_685360095,opuntia,opuntia,0.9342,0.9342,1,pending,0
inat_377609111_690544389,opuntia,opuntia,0.9467,0.9467,1,pending,0
inat_378746076_692731289,opuntia,opuntia,0.9313,0.9313,1,pending,0
inat_379959969_695081295,opuntia,opuntia,0.9197,0.9197,1,pending,0
inat_380150959_695452138,opuntia,opuntia,0.9452,0.9452,1,pending,0
inat_380632979_696382271,opuntia,opuntia,0.9258,0.9258,1,pending,0
inat_381569958_698199216,opuntia,opuntia,0.9329,0.9329,1,pending,0
inat_386699751_708040767,opuntia,opuntia,0.947,0.947,1,pending,0
inat_388315831_711177559,opuntia,opuntia,0.8597,0.8597,1,not_potted,0
inat_392505865_719324920,opuntia,opuntia,0.9133,0.9133,1,pending,0
inat_393714449_721690148,opuntia,opuntia,0.934,0.934,1,pending,0
inat_393814157_721884336,opuntia,opuntia,0.927,0.927,1,pending,0
inat_397660519_729387012,opuntia,opuntia,0.8907,0.8907,1,pending,0
inat_400429544_735305663,opuntia,opuntia,0.8612,0.8612,1,pending,0
inat_100013244_166859017,parodia,parodia,0.9197,0.9197,1,pending,0
inat_110082209_185644047,parodia,parodia,0.723,0.723,1,pending,0
inat_110224690_185904594,parodia,parodia,0.9341,0.9341,1,pending,0
inat_117351641_198176275,parodia,parodia,0.9251,0.9251,1,pending,0
inat_118681224_200547729,parodia,parodia,0.8252,0.8252,1,pending,0
inat_132233706_225157461,parodia,parodia,0.9695,0.9695,1,pending,0
inat_146468505_251822144,parodia,parodia,0.7282,0.7282,1,pending,0
inat_147169336_253188636,parodia,parodia,0.9048,0.9048,1,pending,0
inat_151939956_262236790,parodia,mammillaria,0.0937,0.6135,1,pending,1
inat_156366352_270383176,parodia,parodia,0.9695,0.9695,1,pending,0
inat_158485375_273899846,parodia,parodia,0.9479,0.9479,1,pending,0
inat_162123719_280300834,parodia,parodia,0.9616,0.9616,1,pending,0
inat_169900410_294604339,parodia,parodia,0.9397,0.9397,1,pending,0
inat_172124047_298760479,parodia,parodia,0.914,0.914,1,pending,0
inat_175145384_304357957,parodia,parodia,0.9179,0.9179,1,pending,0
inat_175374289_304773839,parodia,parodia,0.3679,0.3679,1,pending,1
inat_175649451_305275027,parodia,parodia,0.9372,0.9372,1,pending,0
inat_177343828_308429925,parodia,parodia,0.545,0.545,1,pending,0
inat_177734077_309159505,parodia,mammillaria,0.3121,0.3475,1,pending,1
inat_179208817_311954247,parodia,parodia,0.9493,0.9493,1,pending,0
inat_188132949_329182830,parodia,parodia,0.9421,0.9421,1,pending,0
inat_188752227_330452280,parodia,parodia,0.6454,0.6454,1,pending,0
inat_188857246_330670416,parodia,parodia,0.9015,0.9015,1,pending,0
inat_191855456_336676006,parodia,parodia,0.9187,0.9187,1,pending,0
inat_192152741_337260368,parodia,parodia,0.7487,0.7487,1,pending,0
inat_192203632_337360215,parodia,parodia,0.8816,0.8816,1,pending,0
inat_192610858_338164040,parodia,parodia,0.9317,0.9317,1,pending,0
inat_193661310_340219668,parodia,parodia,0.7026,0.7026,1,pending,0
inat_193809903_340513796,parodia,parodia,0.9026,0.9026,1,pending,0
inat_199771739_352535316,parodia,astrophytum,0.1788,0.2996,1,pending,1
inat_200088005_352952887,parodia,parodia,0.8767,0.8767,1,pending,0
inat_202110225_356890610,parodia,parodia,0.8892,0.8892,1,pending,0
inat_202348817_357356909,parodia,parodia,0.864,0.864,1,pending,0
inat_203149396_358866298,parodia,parodia,0.8683,0.8683,1,pending,0
inat_203238008_359054769,parodia,parodia,0.9011,0.9011,1,pending,0
inat_203821080_360796444,parodia,parodia,0.9381,0.9381,1,pending,0
inat_206319694_364906686,parodia,parodia,0.9784,0.9784,1,pending,0
inat_208216998_368380655,parodia,parodia,0.9005,0.9005,1,pending,0
inat_214849734_379796329,parodia,parodia,0.5817,0.5817,1,pending,0
inat_215283660_380602568,parodia,parodia,0.9106,0.9106,1,pending,0
inat_215993514_381942223,parodia,mammillaria,0.0591,0.8803,1,pending,1
inat_217847025_385439122,parodia,parodia,0.9204,0.9204,1,pending,0
inat_217903785_385541270,parodia,parodia,0.8761,0.8761,1,pending,0
inat_219104375_387785021,parodia,parodia,0.6812,0.6812,1,pending,0
inat_220517884_390431369,parodia,parodia,0.9029,0.9029,1,pending,0
inat_225915048_400595572,parodia,parodia,0.7732,0.7732,1,ok,0
inat_226156125_401043301,parodia,parodia,0.9515,0.9515,1,pending,0
inat_226944177_402542406,parodia,echinopsis,0.0539,0.4377,1,ok,1
inat_228287320_405084379,parodia,parodia,0.6636,0.6636,1,pending,0
inat_232282091_412654722,parodia,parodia,0.9539,0.9539,1,pending,0
inat_235111412_418080561,parodia,parodia,0.9047,0.9047,1,pending,0
inat_236201088_420188438,parodia,parodia,0.9159,0.9159,1,ok,0
inat_239320520_426213668,parodia,parodia,0.8292,0.8292,1,pending,0
inat_244523800_436181288,parodia,parodia,0.9439,0.9439,1,pending,0
inat_255354081_457599353,parodia,parodia,0.9632,0.9632,1,pending,0
inat_256247533_459393620,parodia,parodia,0.8703,0.8703,1,pending,0
inat_256696158_460304359,parodia,parodia,0.782,0.782,1,ok,0
inat_263133636_472661773,parodia,parodia,0.9024,0.9024,1,pending,0
inat_263203559_472799519,parodia,parodia,0.907,0.907,1,pending,0
inat_265612158_477122506,parodia,parodia,0.923,0.923,1,pending,0
inat_266097695_478070825,parodia,parodia,0.8548,0.8548,1,pending,0
inat_268453635_482529607,parodia,parodia,0.9376,0.9376,1,pending,0
inat_269735410_485024537,parodia,parodia,0.9387,0.9387,1,pending,0
inat_273028197_491154728,parodia,parodia,0.8979,0.8979,1,pending,0
inat_274946226_494163692,parodia,parodia,0.936,0.936,1,pending,0
inat_275089469_494390617,parodia,parodia,0.7772,0.7772,1,pending,0
inat_275818761_495492827,parodia,parodia,0.9368,0.9368,1,pending,0
inat_276778995_497010254,parodia,parodia,0.9125,0.9125,1,not_potted,0
inat_279767576_502411666,parodia,parodia,0.7026,0.7026,1,not_potted,0
inat_280010214_502862847,parodia,parodia,0.9423,0.9423,1,pending,0
inat_280392688_503540656,parodia,parodia,0.8849,0.8849,1,pending,0
inat_281459779_505610023,parodia,parodia,0.8886,0.8886,1,pending,0
inat_281609641_505889559,parodia,parodia,0.8972,0.8972,1,pending,0
inat_283390695_509207084,parodia,parodia,0.9391,0.9391,1,pending,0
inat_284195843_510729752,parodia,parodia,0.9191,0.9191,1,pending,0
inat_284548200_511396565,parodia,parodia,0.9011,0.9011,1,pending,0
inat_289492939_520695642,parodia,astrophytum,0.107,0.4362,1,ok,1
inat_292494897_526367457,parodia,parodia,0.8724,0.8724,1,pending,0
inat_307140861_553954082,parodia,parodia,0.9119,0.9119,1,pending,0
inat_311784743_562858523,parodia,parodia,0.8892,0.8892,1,pending,0
inat_317993123_574668284,parodia,parodia,0.6347,0.6347,1,ok,0
inat_318390906_575429545,parodia,parodia,0.9295,0.9295,1,pending,0
inat_318514905_575668711,parodia,parodia,0.9397,0.9397,1,ok,0
inat_318558584_575753612,parodia,parodia,0.9286,0.9286,1,pending,0
inat_318611632_575850193,parodia,parodia,0.8942,0.8942,1,pending,0
inat_318933900_576467706,parodia,parodia,0.8804,0.8804,1,ok,0
inat_319874128_578269531,parodia,parodia,0.7647,0.7647,1,pending,0
inat_319984030_578480347,parodia,parodia,0.8945,0.8945,1,pending,0
inat_320421373_579330141,parodia,parodia,0.784,0.784,1,blurry,0
inat_323670837_585699792,parodia,parodia,0.8967,0.8967,1,pending,0
inat_32433173_50868032,parodia,astrophytum,0.2817,0.5836,1,pending,1
inat_324336806_587015129,parodia,parodia,0.8222,0.8222,1,pending,0
inat_324596095_587537138,parodia,parodia,0.9206,0.9206,1,pending,0
inat_326612023_591566253,parodia,parodia,0.7876,0.7876,1,ok,0
inat_327304486_592944778,parodia,parodia,0.6438,0.6438,1,pending,0
inat_328048447_594372341,parodia,parodia,0.8358,0.8358,1,ok,0
inat_331527372_601445220,parodia,parodia,0.6537,0.6537,1,pending,0
inat_332280608_602988941,parodia,parodia,0.9068,0.9068,1,pending,0
inat_336992802_612506365,parodia,parodia,0.907,0.907,1,pending,0
inat_3375881_3899094,parodia,parodia,0.9077,0.9077,1,pending,0
inat_337878782_614321945,parodia,parodia,0.9171,0.9171,1,pending,0
inat_339066751_616724022,parodia,parodia,0.919,0.919,1,pending,0
inat_340086751_618810196,parodia,parodia,0.573,0.573,1,not_potted,0
inat_341261454_621195832,parodia,mammillaria,0.178,0.5903,1,not_potted,1
inat_341747431_622201203,parodia,parodia,0.9118,0.9118,1,pending,0
inat_343363340_625450906,parodia,parodia,0.9458,0.9458,1,pending,0
inat_344801528_628283799,parodia,parodia,0.9221,0.9221,1,not_potted,0
inat_344801560_628283849,parodia,parodia,0.9286,0.9286,1,pending,0
inat_345821109_630286663,parodia,parodia,0.9511,0.9511,1,pending,0
inat_346286473_631206994,parodia,parodia,0.8405,0.8405,1,pending,0
inat_346715958_632055172,parodia,parodia,0.8849,0.8849,1,pending,0
inat_351479208_641416486,parodia,parodia,0.7823,0.7823,1,ok,0
inat_351577183_641602047,parodia,parodia,0.9418,0.9418,1,not_potted,0
inat_357305236_651671246,parodia,parodia,0.9212,0.9212,1,pending,0
inat_357444244_651953110,parodia,parodia,0.9426,0.9426,1,pending,0
inat_36002387_56851494,parodia,parodia,0.926,0.926,1,pending,0
inat_365812448_667913042,parodia,parodia,0.9638,0.9638,1,pending,0
inat_370846042_677525859,parodia,parodia,0.9447,0.9447,1,ok,0
inat_372051833_679821861,parodia,echinopsis,0.0228,0.7146,1,ok,1
inat_381858570_698758099,parodia,parodia,0.9476,0.9476,1,pending,0
inat_382016959_699063192,parodia,parodia,0.8667,0.8667,1,pending,0
inat_386546202_707758718,parodia,parodia,0.9606,0.9606,1,pending,0
inat_388467697_711476621,parodia,parodia,0.9506,0.9506,1,pending,0
inat_389905220_714260457,parodia,parodia,0.9267,0.9267,1,pending,0
inat_392184811_718695198,parodia,parodia,0.4854,0.4854,1,ok,1
inat_394956142_724111107,parodia,parodia,0.9514,0.9514,1,pending,0
inat_396110569_726390236,parodia,parodia,0.9448,0.9448,1,pending,0
inat_396570483_727269100,parodia,parodia,0.9031,0.9031,1,pending,0
inat_4317511_5189100,parodia,parodia,0.812,0.812,1,pending,0
inat_47616625_75527058,parodia,parodia,0.9167,0.9167,1,pending,0
inat_55741835_88779251,parodia,parodia,0.8899,0.8899,1,pending,0
inat_586167_745383,parodia,parodia,0.8712,0.8712,1,pending,0
inat_64197639_103164739,parodia,parodia,0.8876,0.8876,1,pending,0
inat_65943738_106218770,parodia,parodia,0.9152,0.9152,1,pending,0
inat_69698837_113150031,parodia,parodia,0.9334,0.9334,1,pending,0
inat_7031586_9019987,parodia,parodia,0.7673,0.7673,1,pending,0
inat_73173099_119431816,parodia,parodia,0.9243,0.9243,1,pending,0
inat_73173151_119431928,parodia,parodia,0.9353,0.9353,1,pending,0
inat_73173386_119432475,parodia,parodia,0.9469,0.9469,1,pending,0
inat_73173536_119432705,parodia,parodia,0.7582,0.7582,1,pending,0
inat_74293492_121403217,parodia,parodia,0.9078,0.9078,1,pending,0
inat_78110105_127789004,parodia,parodia,0.2792,0.2792,1,pending,1
inat_80487357_131921792,parodia,parodia,0.7558,0.7558,1,pending,0
inat_81921147_134402889,parodia,parodia,0.9177,0.9177,1,pending,0
inat_82110962_134739475,parodia,parodia,0.9125,0.9125,1,pending,0
inat_91617409_151578133,parodia,parodia,0.9399,0.9399,1,pending,0
inat_92860183_153819015,parodia,parodia,0.9177,0.9177,1,pending,0
inat_94089412_156036351,parodia,parodia,0.9093,0.9093,1,pending,0
inat_101287863_169142075,astrophytum,astrophytum,0.9293,0.9293,2,pending,0
inat_101439128_169412338,astrophytum,astrophytum,0.9147,0.9147,2,pending,0
inat_101498353_169518624,astrophytum,astrophytum,0.923,0.923,2,pending,0
inat_102583595_171516765,astrophytum,astrophytum,0.839,0.839,2,pending,0
inat_10656123_14871289,astrophytum,astrophytum,0.8783,0.8783,2,pending,0
inat_106986622_183979792,astrophytum,astrophytum,0.9177,0.9177,2,pending,0
inat_116602176_196832706,astrophytum,astrophytum,0.9468,0.9468,2,pending,0
inat_119797680_202552984,astrophytum,astrophytum,0.9457,0.9457,2,pending,0
inat_122237407_206940554,astrophytum,astrophytum,0.9181,0.9181,2,pending,0
inat_122584099_207562716,astrophytum,astrophytum,0.9479,0.9479,2,pending,0
inat_123853425_209862088,astrophytum,astrophytum,0.8773,0.8773,2,pending,0
inat_125936095_213619515,astrophytum,astrophytum,0.8961,0.8961,2,pending,0
inat_135353531_230846496,astrophytum,astrophytum,0.8925,0.8925,2,pending,0
inat_135747821_231577299,astrophytum,astrophytum,0.9486,0.9486,2,pending,0
inat_136775128_233486102,astrophytum,astrophytum,0.9344,0.9344,2,pending,0
inat_137332480_234519577,astrophytum,astrophytum,0.9544,0.9544,2,pending,0
inat_137909591_235648323,astrophytum,astrophytum,0.94,0.94,2,pending,0
inat_139858419_239297502,astrophytum,astrophytum,0.859,0.859,2,pending,0
inat_141657503_242730095,astrophytum,astrophytum,0.8871,0.8871,2,pending,0
inat_144206966_247459797,astrophytum,astrophytum,0.9121,0.9121,2,pending,0
inat_145699120_250323204,astrophytum,astrophytum,0.9044,0.9044,2,pending,0
inat_151640159_262474819,astrophytum,astrophytum,0.9223,0.9223,2,pending,0
inat_152083685_262496790,astrophytum,astrophytum,0.9365,0.9365,2,pending,0
inat_154124742_266277199,astrophytum,astrophytum,0.8082,0.8082,2,pending,0
inat_154776857_267468834,astrophytum,astrophytum,0.8917,0.8917,2,pending,0
inat_155658815_269093543,astrophytum,astrophytum,0.9311,0.9311,2,pending,0
inat_155995591_269702968,astrophytum,astrophytum,0.9272,0.9272,2,pending,0
inat_156026012_269760804,astrophytum,astrophytum,0.8678,0.8678,2,pending,0
inat_156772042_271117966,astrophytum,astrophytum,0.8794,0.8794,2,pending,0
inat_15846862_23692283,astrophytum,astrophytum,0.9176,0.9176,2,pending,0
inat_160426177_277214982,astrophytum,astrophytum,0.8815,0.8815,2,pending,0
inat_162986830_281856527,astrophytum,astrophytum,0.9352,0.9352,2,pending,0
inat_163552026_282887023,astrophytum,astrophytum,0.9069,0.9069,2,pending,0
inat_164339003_284331957,astrophytum,astrophytum,0.8989,0.8989,2,pending,0
inat_164936541_285446836,astrophytum,astrophytum,0.8554,0.8554,2,pending,0
inat_165057054_285849746,astrophytum,astrophytum,0.967,0.967,2,pending,0
inat_165793906_287030241,astrophytum,astrophytum,0.9361,0.9361,2,pending,0
inat_165892434_287217353,astrophytum,astrophytum,0.9115,0.9115,2,pending,0
inat_168523462_292070287,astrophytum,astrophytum,0.9315,0.9315,2,pending,0
inat_175655382_305288451,astrophytum,astrophytum,0.867,0.867,2,pending,0
inat_176028856_305986885,astrophytum,astrophytum,0.9202,0.9202,2,pending,0
inat_180321887_314069848,astrophytum,astrophytum,0.9348,0.9348,2,pending,0
inat_187561219_327954125,astrophytum,astrophytum,0.9648,0.9648,2,pending,0
inat_188761918_330476313,astrophytum,astrophytum,0.9114,0.9114,2,pending,0
inat_189302619_331575874,astrophytum,astrophytum,0.9246,0.9246,2,pending,0
inat_191156906_335273710,astrophytum,astrophytum,0.8971,0.8971,2,pending,0
inat_191380705_335724083,astrophytum,astrophytum,0.963,0.963,2,pending,0
inat_191815564_336596684,astrophytum,astrophytum,0.9482,0.9482,2,pending,0
inat_193271756_339494587,astrophytum,astrophytum,0.9209,0.9209,2,pending,0
inat_194880619_342685675,astrophytum,astrophytum,0.9406,0.9406,2,pending,0
inat_195032333_342999889,astrophytum,astrophytum,0.9562,0.9562,2,ok,0
inat_196255883_345473920,astrophytum,mammillaria,0.3213,0.5041,2,ok,1
inat_196832644_346516439,astrophytum,astrophytum,0.9495,0.9495,2,not_potted,0
inat_19719613_30380767,astrophytum,astrophytum,0.7037,0.7037,2,pending,0
inat_198459836_349800522,astrophytum,astrophytum,0.9272,0.9272,2,not_potted,0
inat_198519220_349917299,astrophytum,astrophytum,0.9448,0.9448,2,pending,0
inat_199335837_351522139,astrophytum,astrophytum,0.9556,0.9556,2,pending,0
inat_200467721_353693277,astrophytum,astrophytum,0.9423,0.9423,2,pending,0
inat_20069129_30988974,astrophytum,astrophytum,0.4762,0.4762,2,pending,1
inat_201353733_355429226,astrophytum,astrophytum,0.9299,0.9299,2,pending,0
inat_201984585_356644559,astrophytum,astrophytum,0.9183,0.9183,2,pending,0
inat_202035171_356744407,astrophytum,astrophytum,0.9314,0.9314,2,pending,0
inat_202213099_357089365,astrophytum,astrophytum,0.4318,0.4318,2,pending,1
inat_203025058_358649124,astrophytum,astrophytum,0.9246,0.9246,2,pending,0
inat_208577158_369049896,astrophytum,astrophytum,0.768,0.768,2,pending,0
inat_211170335_373385561,astrophytum,astrophytum,0.9432,0.9432,2,pending,0
inat_213311013_376975837,astrophytum,astrophytum,0.9388,0.9388,2,pending,0
inat_213572242_377412965,astrophytum,astrophytum,0.9187,0.9187,2,pending,0
inat_214946663_379982911,astrophytum,astrophytum,0.9389,0.9389,2,pending,0
inat_215295937_382568722,astrophytum,astrophytum,0.8973,0.8973,2,ok,0
inat_218719335_387060814,astrophytum,astrophytum,0.8355,0.8355,2,pending,0
inat_219626852_388759340,astrophytum,astrophytum,0.9209,0.9209,2,ok,0
inat_221210166_391731273,astrophytum,astrophytum,0.9398,0.9398,2,pending,0
inat_221885267_392980690,astrophytum,astrophytum,0.7821,0.7821,2,pending,0
inat_22469997_34807239,astrophytum,astrophytum,0.9367,0.9367,2,pending,0
inat_226202884_401141785,astrophytum,astrophytum,0.8895,0.8895,2,pending,0
inat_226349857_401423476,astrophytum,astrophytum,0.9416,0.9416,2,ok,0
inat_229979614_408295471,astrophytum,astrophytum,0.9131,0.9131,2,pending,0
inat_230417049_409130218,astrophytum,echinopsis,0.3298,0.3499,2,pending,1
inat_233850560_415644817,astrophytum,astrophytum,0.9595,0.9595,2,pending,0
inat_240274402_428054342,astrophytum,astrophytum,0.9384,0.9384,2,pending,0
inat_240505598_428491529,astrophytum,astrophytum,0.9008,0.9008,2,pending,0
inat_24306738_37586097,astrophytum,astrophytum,0.8627,0.8627,2,pending,0
inat_24307254_37586821,astrophytum,astrophytum,0.9244,0.9244,2,pending,0
inat_24307257_37586846,astrophytum,astrophytum,0.946,0.946,2,pending,0
inat_245725270_438537814,astrophytum,astrophytum,0.9375,0.9375,2,ok,0
inat_24898142_38513293,astrophytum,astrophytum,0.8652,0.8652,2,pending,0
inat_252201139_451425938,astrophytum,astrophytum,0.8554,0.8554,2,pending,0
inat_255148779_457182376,astrophytum,astrophytum,0.9096,0.9096,2,pending,0
inat_256696215_460304531,astrophytum,astrophytum,0.9404,0.9404,2,pending,0
inat_261261103_469336204,astrophytum,astrophytum,0.8191,0.8191,2,pending,0
inat_261328043_469469150,astrophytum,astrophytum,0.792,0.792,2,pending,0
inat_263380958_473149564,astrophytum,astrophytum,0.958,0.958,2,pending,0
inat_266039212_477957699,astrophytum,astrophytum,0.8824,0.8824,2,pending,0
inat_267643185_481003805,astrophytum,astrophytum,0.9418,0.9418,2,pending,0
inat_270049436_485612818,astrophytum,astrophytum,0.9622,0.9622,2,pending,0
inat_271594324_488550066,astrophytum,astrophytum,0.9174,0.9174,2,pending,0
inat_274624293_493664049,astrophytum,astrophytum,0.9185,0.9185,2,pending,0
inat_276129795_495757299,astrophytum,astrophytum,0.9411,0.9411,2,pending,0
inat_280392701_503540938,astrophytum,astrophytum,0.8941,0.8941,2,pending,0
inat_282759049_508032742,astrophytum,astrophytum,0.4266,0.4266,2,blurry,1
inat_282838705_508187178,astrophytum,astrophytum,0.9377,0.9377,2,pending,0
inat_290847062_523252338,astrophytum,astrophytum,0.9348,0.9348,2,pending,0
inat_297839971_536431891,astrophytum,astrophytum,0.7735,0.7735,2,pending,0
inat_299421498_539428466,astrophytum,astrophytum,0.8839,0.8839,2,not_potted,0
inat_300826964_542053879,astrophytum,astrophytum,0.943,0.943,2,pending,0
inat_305215981_550293707,astrophytum,astrophytum,0.7984,0.7984,2,ok,0
inat_309606856_558703907,astrophytum,astrophytum,0.489,0.489,2,pending,1
inat_313561426_566264593,astrophytum,astrophytum,0.8927,0.8927,2,pending,0
inat_313561661_566265017,astrophytum,astrophytum,0.8059,0.8059,2,pending,0
inat_313599083_566332781,astrophytum,astrophytum,0.6362,0.6362,2,pending,0
inat_315316324_569603333,astrophytum,astrophytum,0.9548,0.9548,2,not_potted,0
inat_317297322_573337499,astrophytum,astrophytum,0.9207,0.9207,2,pending,0
inat_318549808_575737424,astrophytum,astrophytum,0.8472,0.8472,2,pending,0
inat_319342859_577245930,astrophytum,astrophytum,0.9099,0.9099,2,pending,0
inat_320424131_579336229,astrophytum,astrophytum,0.9175,0.9175,2,ok,0
inat_321825598_582076827,astrophytum,astrophytum,0.9626,0.9626,2,pending,0
inat_322526263_583476309,astrophytum,astrophytum,0.8812,0.8812,2,pending,0
inat_324028721_586402712,astrophytum,astrophytum,0.8988,0.8988,2,pending,0
inat_32750907_51390471,astrophytum,astrophytum,0.9182,0.9182,2,pending,0
inat_329165628_596617039,astrophytum,astrophytum,0.8642,0.8642,2,blurry,0
inat_329643108_597578064,astrophytum,astrophytum,0.9154,0.9154,2,pending,0
inat_333438043_605355078,astrophytum,astrophytum,0.9232,0.9232,2,pending,0
inat_334378918_607219693,astrophytum,astrophytum,0.9387,0.9387,2,pending,0
inat_336103769_610709104,astrophytum,astrophytum,0.9124,0.9124,2,pending,0
inat_33735080_53014769,astrophytum,astrophytum,0.9685,0.9685,2,pending,0
inat_339276339_617151831,astrophytum,astrophytum,0.94,0.94,2,pending,0
inat_339276340_617151842,astrophytum,astrophytum,0.927,0.927,2,pending,0
inat_340130116_618903591,astrophytum,astrophytum,0.8791,0.8791,2,pending,0
inat_340130163_618903763,astrophytum,astrophytum,0.9244,0.9244,2,pending,0
inat_342490247_623699243,astrophytum,astrophytum,0.9635,0.9635,2,pending,0
inat_344465751_627638961,astrophytum,astrophytum,0.8686,0.8686,2,pending,0
inat_344665301_628027639,astrophytum,astrophytum,0.9416,0.9416,2,pending,0
inat_346202654_631037598,astrophytum,astrophytum,0.9201,0.9201,2,pending,0
inat_346938037_632493591,astrophytum,astrophytum,0.8974,0.8974,2,pending,0
inat_349408793_637383661,astrophytum,astrophytum,0.9162,0.9162,2,pending,0
inat_350098398_638732141,astrophytum,astrophytum,0.94,0.94,2,pending,0
inat_352405871_643204726,astrophytum,astrophytum,0.9545,0.9545,2,pending,0
inat_358240856_653495877,astrophytum,astrophytum,0.965,0.965,2,pending,0
inat_35855011_56592179,astrophytum,astrophytum,0.9296,0.9296,2,pending,0
inat_369580879_712319196,astrophytum,astrophytum,0.8192,0.8192,2,pending,0
inat_372210708_680135972,astrophytum,astrophytum,0.9524,0.9524,2,pending,0
inat_374997243_685480207,astrophytum,astrophytum,0.9763,0.9763,2,pending,0
inat_375124653_685729650,astrophytum,astrophytum,0.9067,0.9067,2,pending,0
inat_376952349_689266748,astrophytum,astrophytum,0.9196,0.9196,2,pending,0
inat_398132421_730304970,astrophytum,astrophytum,0.9114,0.9114,2,pending,0
inat_398513456_731046731,astrophytum,mammillaria,0.0892,0.7219,2,ok,1
inat_41150035_65254676,astrophytum,astrophytum,0.9453,0.9453,2,pending,0
inat_4632386_5604876,astrophytum,astrophytum,0.9028,0.9028,2,pending,0
inat_46992997_74525227,astrophytum,astrophytum,0.927,0.927,2,pending,0
inat_4892906_5950864,astrophytum,astrophytum,0.8976,0.8976,2,pending,0
inat_49911451_79246007,astrophytum,astrophytum,0.6546,0.6546,2,pending,0
inat_54357529_86490378,astrophytum,astrophytum,0.9264,0.9264,2,pending,0
inat_55750124_88792987,astrophytum,astrophytum,0.907,0.907,2,pending,0
inat_5582902_6892191,astrophytum,astrophytum,0.9153,0.9153,2,pending,0
inat_57700653_92060725,astrophytum,astrophytum,0.8423,0.8423,2,pending,0
inat_65294182_105065529,astrophytum,astrophytum,0.9195,0.9195,2,pending,0
inat_71428162_116293273,astrophytum,astrophytum,0.9613,0.9613,2,pending,0
inat_76491141_125122286,astrophytum,astrophytum,0.8035,0.8035,2,pending,0
inat_79742923_130637229,astrophytum,echinopsis,0.0628,0.7382,2,pending,1
inat_89955413_148601787,astrophytum,astrophytum,0.907,0.907,2,pending,0
inat_94946475_157572943,astrophytum,astrophytum,0.9014,0.9014,2,pending,0
inat_95192036_158001862,astrophytum,astrophytum,0.9265,0.9265,2,pending,0
inat_95653050_158819898,astrophytum,astrophytum,0.8868,0.8868,2,pending,0
inat_369805050_675528017,echinocactus,echinocactus,0.8905,0.8905,2,pending,0
inat_369865153_675640250,echinocactus,echinocactus,0.9248,0.9248,2,pending,0
inat_370605665_677056428,echinocactus,echinocactus,0.9273,0.9273,2,pending,0
inat_371006564_677830062,echinocactus,echinocactus,0.789,0.789,2,pending,0
inat_371966837_679659315,echinocactus,echinocactus,0.4522,0.4522,2,ok,1
inat_372190838_680095957,echinocactus,echinocactus,0.9314,0.9314,2,pending,0
inat_372218351_680150971,echinocactus,echinocactus,0.9074,0.9074,2,pending,0
inat_372296143_680294044,echinocactus,echinocactus,0.9244,0.9244,2,pending,0
inat_372367689_680426807,echinocactus,echinocactus,0.8923,0.8923,2,not_potted,0
inat_372931305_681504407,echinocactus,echinocactus,0.8819,0.8819,2,pending,0
inat_372938073_681517037,echinocactus,echinocactus,0.9134,0.9134,2,pending,0
inat_373219344_684137571,echinocactus,echinocactus,0.9488,0.9488,2,pending,0
inat_373515011_682625410,echinocactus,echinocactus,0.8368,0.8368,2,not_potted,0
inat_374219798_683978861,echinocactus,echinocactus,0.8318,0.8318,2,pending,0
inat_374856042_685214284,echinocactus,echinocactus,0.8779,0.8779,2,pending,0
inat_375011499_685508333,echinocactus,echinocactus,0.9429,0.9429,2,pending,0
inat_375052446_685585549,echinocactus,echinocactus,0.912,0.912,2,pending,0
inat_375126668_685733917,echinocactus,echinocactus,0.8944,0.8944,2,pending,0
inat_375312620_686095563,echinocactus,echinocactus,0.8849,0.8849,2,pending,0
inat_375623330_686706704,echinocactus,echinocactus,0.8895,0.8895,2,pending,0
inat_376466608_688331279,echinocactus,parodia,0.3119,0.3764,2,pending,1
inat_376541525_688472792,echinocactus,echinocactus,0.6436,0.6436,2,pending,0
inat_377116206_689587396,echinocactus,echinocactus,0.8517,0.8517,2,pending,0
inat_377311796_689964555,echinocactus,echinocactus,0.9493,0.9493,2,pending,0
inat_377501767_690331510,echinocactus,echinocactus,0.903,0.903,2,pending,0
inat_377922087_691148835,echinocactus,echinocactus,0.9213,0.9213,2,pending,0
inat_377976878_691252903,echinocactus,echinocactus,0.8579,0.8579,2,pending,0
inat_378759872_692755404,echinocactus,echinocactus,0.549,0.549,2,pending,0
inat_378771790_692777370,echinocactus,echinocactus,0.8224,0.8224,2,not_potted,0
inat_379286329_693779142,echinocactus,echinocactus,0.8027,0.8027,2,pending,0
inat_379300332_693807419,echinocactus,mammillaria,0.0861,0.6374,2,multi_plant,1
inat_379893166_694951195,echinocactus,echinocactus,0.7326,0.7326,2,pending,0
inat_380092867_695339909,echinocactus,echinocactus,0.9147,0.9147,2,ok,0
inat_381226421_697530485,echinocactus,echinocactus,0.93,0.93,2,ok,0
inat_381579768_698217736,echinocactus,echinocactus,0.8978,0.8978,2,pending,0
inat_381657023_698368606,echinocactus,echinocactus,0.9264,0.9264,2,not_potted,0
inat_382205827_699430081,echinocactus,echinocactus,0.8288,0.8288,2,pending,0
inat_384259629_703377256,echinocactus,echinocactus,0.854,0.854,2,pending,0
inat_384637681_704105462,echinocactus,echinocactus,0.939,0.939,2,pending,0
inat_384856942_704553651,echinocactus,mammillaria,0.0979,0.3376,2,ok,1
inat_385673373_706079704,echinocactus,echinocactus,0.8869,0.8869,2,not_potted,0
inat_386857877_708350598,echinocactus,mammillaria,0.3359,0.3473,2,ok,1
inat_387038664_708687749,echinocactus,echinocactus,0.8908,0.8908,2,pending,0
inat_388011371_710579280,echinocactus,echinocactus,0.9382,0.9382,2,pending,0
inat_388101508_710760283,echinocactus,echinocactus,0.9225,0.9225,2,pending,0
inat_388170391_710896081,echinocactus,echinocactus,0.8861,0.8861,2,pending,0
inat_388428199_711401513,echinocactus,echinocactus,0.9145,0.9145,2,pending,0
inat_390356329_715145671,echinocactus,echinocactus,0.6899,0.6899,2,pending,0
inat_391077179_716549780,echinocactus,echinocactus,0.7964,0.7964,2,pending,0
inat_391441338_717256545,echinocactus,echinocactus,0.9227,0.9227,2,pending,0
inat_391767709_717889691,echinocactus,echinocactus,0.9409,0.9409,2,pending,0
inat_391993995_718326270,echinocactus,echinocactus,0.93,0.93,2,pending,0
inat_391995539_718328887,echinocactus,echinocactus,0.6497,0.6497,2,pending,0
inat_392131257_718579645,echinocactus,echinocactus,0.9367,0.9367,2,pending,0
inat_392174200_718673444,echinocactus,echinocactus,0.9046,0.9046,2,pending,0
inat_392510206_719334160,echinocactus,echinocactus,0.9512,0.9512,2,pending,0
inat_392892997_720083492,echinocactus,echinocactus,0.9271,0.9271,2,pending,0
inat_392987487_720236282,echinocactus,echinocactus,0.8711,0.8711,2,pending,0
inat_393217843_720716456,echinocactus,echinocactus,0.914,0.914,2,not_potted,0
inat_393576682_721414840,echinocactus,echinocactus,0.855,0.855,2,pending,0
inat_393841007_721934274,echinocactus,echinocactus,0.9223,0.9223,2,pending,0
inat_394081551_722411892,echinocactus,echinocactus,0.8359,0.8359,2,ok,0
inat_394148329_722543264,echinocactus,echinocactus,0.8631,0.8631,2,pending,0
inat_394203039_722651589,echinocactus,echinocactus,0.4494,0.4494,2,pending,1
inat_394596624_723424814,echinocactus,echinocactus,0.8544,0.8544,2,pending,0
inat_394713517_723649280,echinocactus,echinocactus,0.903,0.903,2,pending,0
inat_394956147_724111116,echinocactus,echinopsis,0.1276,0.4587,2,not_potted,1
inat_395031417_724278250,echinocactus,echinocactus,0.9133,0.9133,2,ok,0
inat_396238149_726640812,echinocactus,parodia,0.2081,0.4327,2,not_plant,1
inat_396750507_727597867,echinocactus,echinocactus,0.9061,0.9061,2,pending,0
inat_396791017_727677977,echinocactus,echinocactus,0.8522,0.8522,2,pending,0
inat_396816430_727732653,echinocactus,echinocactus,0.9228,0.9228,2,pending,0
inat_396831478_727763353,echinocactus,echinocactus,0.9295,0.9295,2,not_potted,0
inat_397239488_728557264,echinocactus,echinocactus,0.9109,0.9109,2,pending,0
inat_397663549_729392633,echinocactus,echinocactus,0.9032,0.9032,2,pending,0
inat_398245436_730525685,echinocactus,echinocactus,0.9036,0.9036,2,pending,0
inat_399057708_732107663,echinocactus,echinocactus,0.8826,0.8826,2,pending,0
inat_399482619_732937988,echinocactus,echinocactus,0.9033,0.9033,2,pending,0
inat_399968510_733877452,echinocactus,echinocactus,0.9264,0.9264,2,pending,0
inat_401177633_736305408,echinocactus,echinocactus,0.8665,0.8665,2,pending,0
inat_102018618_170459555,echinopsis,echinopsis,0.7391,0.7391,2,pending,0
inat_104465404_175044966,echinopsis,echinopsis,0.9374,0.9374,2,pending,0
inat_104738363_175567988,echinopsis,echinopsis,0.9455,0.9455,2,pending,0
inat_106061361_178579512,echinopsis,echinopsis,0.9514,0.9514,2,pending,0
inat_108141114_182017521,echinopsis,echinopsis,0.8292,0.8292,2,pending,0
inat_111474758_188186060,echinopsis,echinopsis,0.9488,0.9488,2,pending,0
inat_113937113_192443505,echinopsis,echinopsis,0.9156,0.9156,2,pending,0
inat_114387157_193163769,echinopsis,echinopsis,0.974,0.974,2,pending,0
inat_115819672_195473930,echinopsis,echinopsis,0.9177,0.9177,2,pending,0
inat_125543776_212910310,echinopsis,echinopsis,0.723,0.723,2,pending,0
inat_127509544_216406031,echinopsis,echinopsis,0.8767,0.8767,2,pending,0
inat_141455177_242341214,echinopsis,echinopsis,0.9357,0.9357,2,pending,0
inat_146898011_252666068,echinopsis,echinopsis,0.5051,0.5051,2,pending,0
inat_147976125_254730178,echinopsis,echinopsis,0.8629,0.8629,2,pending,0
inat_148020142_254818513,echinopsis,echinopsis,0.9547,0.9547,2,pending,0
inat_153397301_264936775,echinopsis,parodia,0.114,0.5272,2,pending,1
inat_154257196_266520927,echinopsis,echinopsis,0.9699,0.9699,2,pending,0
inat_158819970_274423192,echinopsis,echinopsis,0.8564,0.8564,2,pending,0
inat_170775223_296249764,echinopsis,echinopsis,0.8878,0.8878,2,pending,0
inat_178401548_310430647,echinopsis,echinopsis,0.9365,0.9365,2,pending,0
inat_181062701_315505922,echinopsis,echinopsis,0.9479,0.9479,2,pending,0
inat_182262643_317753099,echinopsis,echinopsis,0.9601,0.9601,2,pending,0
inat_183622763_320383352,echinopsis,echinopsis,0.9577,0.9577,2,pending,0
inat_187303577_327523916,echinopsis,mammillaria,0.2776,0.5694,2,pending,1
inat_189634256_332255577,echinopsis,astrophytum,0.262,0.5094,2,pending,1
inat_191274942_335512783,echinopsis,echinopsis,0.9054,0.9054,2,pending,0
inat_191446027_335855595,echinopsis,echinopsis,0.274,0.274,2,pending,1
inat_192398591_337738802,echinopsis,echinopsis,0.6399,0.6399,2,pending,0
inat_202935708_358479293,echinopsis,echinopsis,0.4072,0.4072,2,pending,1
inat_204172676_360845053,echinopsis,echinopsis,0.891,0.891,2,pending,0
inat_232192135_412485000,echinopsis,echinopsis,0.927,0.927,2,pending,0
inat_232193009_412486715,echinopsis,echinopsis,0.8319,0.8319,2,pending,0
inat_242838236_432953217,echinopsis,echinopsis,0.9065,0.9065,2,pending,0
inat_243034656_433324752,echinopsis,echinopsis,0.8229,0.8229,2,pending,0
inat_243369006_433953770,echinopsis,echinopsis,0.7791,0.7791,2,pending,0
inat_243499511_434202877,echinopsis,echinopsis,0.9426,0.9426,2,pending,0
inat_243749030_434687934,echinopsis,echinopsis,0.8706,0.8706,2,pending,0
inat_243894532_434968700,echinopsis,echinopsis,0.9061,0.9061,2,pending,0
inat_244271448_435716016,echinopsis,echinopsis,0.9216,0.9216,2,pending,0
inat_247255476_441566911,echinopsis,echinopsis,0.9609,0.9609,2,pending,0
inat_248575557_444183289,echinopsis,mammillaria,0.311,0.3136,2,not_plant,1
inat_249237033_445492321,echinopsis,echinopsis,0.9473,0.9473,2,pending,0
inat_249782153_447106869,echinopsis,echinopsis,0.8945,0.8945,2,not_plant,0
inat_252768234_452526401,echinopsis,echinopsis,0.7403,0.7403,2,pending,0
inat_252817942_452614140,echinopsis,echinopsis,0.9386,0.9386,2,pending,0
inat_252824674_452626315,echinopsis,mammillaria,0.1041,0.8415,2,ok,1
inat_252917563_452797451,echinopsis,echinopsis,0.9554,0.9554,2,pending,0
inat_252962604_452874415,echinopsis,echinopsis,0.9574,0.9574,2,pending,0
inat_253104173_453137308,echinopsis,echinopsis,0.9674,0.9674,2,pending,0
inat_253245496_453409307,echinopsis,echinopsis,0.9141,0.9141,2,pending,0
inat_256380126_459662216,echinopsis,echinopsis,0.7289,0.7289,2,pending,0
inat_258343631_463485607,echinopsis,echinopsis,0.7386,0.7386,2,pending,0
inat_261408700_469626580,echinopsis,echinopsis,0.8145,0.8145,2,pending,0
inat_264039348_474443303,echinopsis,echinopsis,0.8955,0.8955,2,pending,0
inat_264654914_475249346,echinopsis,echinopsis,0.957,0.957,2,pending,0
inat_265208658_476334023,echinopsis,mammillaria,0.3012,0.5536,2,ok,1
inat_268835449_483280026,echinopsis,echinopsis,0.6589,0.6589,2,pending,0
inat_270352587_486198365,echinopsis,echinopsis,0.8435,0.8435,2,pending,0
inat_270962445_487360335,echinopsis,parodia,0.0868,0.8427,2,pending,1
inat_272522840_490294462,echinopsis,astrophytum,0.3585,0.5337,2,not_potted,1
inat_272997479_491108476,echinopsis,echinopsis,0.9344,0.9344,2,pending,0
inat_274673351_493740044,echinopsis,echinopsis,0.9124,0.9124,2,pending,0
inat_274688891_493763989,echinopsis,echinopsis,0.9131,0.9131,2,pending,0
inat_275577745_495148854,echinopsis,echinopsis,0.9296,0.9296,2,pending,0
inat_275867466_495561607,echinopsis,echinopsis,0.414,0.414,2,multi_plant,1
inat_275992092_495746419,echinopsis,echinopsis,0.9135,0.9135,2,pending,0
inat_276663553_496812147,echinopsis,echinopsis,0.9515,0.9515,2,ok,0
inat_276811832_497067818,echinopsis,echinopsis,0.9564,0.9564,2,pending,0
inat_277040359_497466138,echinopsis,echinopsis,0.9176,0.9176,2,pending,0
inat_278257760_499633543,echinopsis,echinopsis,0.9029,0.9029,2,pending,0
inat_278560695_500176731,echinopsis,echinopsis,0.9554,0.9554,2,pending,0
inat_278807229_500630474,echinopsis,echinopsis,0.8876,0.8876,2,pending,0
inat_278947018_500891640,echinopsis,echinopsis,0.9145,0.9145,2,pending,0
inat_279681424_502252642,echinopsis,echinopsis,0.8768,0.8768,2,pending,0
inat_281595543_505861790,echinopsis,echinopsis,0.9454,0.9454,2,pending,0
inat_282073621_506754107,echinopsis,echinopsis,0.941,0.941,2,pending,0
inat_282111959_506821598,echinopsis,parodia,0.136,0.4539,2,not_potted,1
inat_282904990_508305067,echinopsis,echinopsis,0.9532,0.9532,2,ok,0
inat_284229197_510789615,echinopsis,echinopsis,0.6207,0.6207,2,pending,0
inat_287557825_517058081,echinopsis,echinopsis,0.9315,0.9315,2,pending,0
inat_288439196_518721628,echinopsis,gymnocalycium,0.0249,0.4863,2,not_plant,1
inat_291012601_523555516,echinopsis,echinopsis,0.9541,0.9541,2,pending,0
inat_291926137_525280583,echinopsis,echinopsis,0.9496,0.9496,2,pending,0
inat_292310331_525992902,echinopsis,echinopsis,0.8821,0.8821,2,not_plant,0
inat_306437090_552623665,echinopsis,echinopsis,0.8563,0.8563,2,pending,0
inat_306593650_552917632,echinopsis,echinopsis,0.9546,0.9546,2,pending,0
inat_307870169_555372199,echinopsis,echinopsis,0.9432,0.9432,2,pending,0
inat_308422559_556436252,echinopsis,echinopsis,0.8343,0.8343,2,pending,0
inat_309359158_558232247,echinopsis,echinopsis,0.9194,0.9194,2,pending,0
inat_309414044_558342660,echinopsis,echinopsis,0.9516,0.9516,2,pending,0
inat_309859316_559192978,echinopsis,echinopsis,0.8769,0.8769,2,pending,0
inat_312685977_564585900,echinopsis,echinopsis,0.9097,0.9097,2,pending,0
inat_314247099_567575271,echinopsis,echinopsis,0.9254,0.9254,2,pending,0
inat_314289726_567655754,echinopsis,echinopsis,0.954,0.954,2,pending,0
inat_317414418_573560970,echinopsis,echinopsis,0.8932,0.8932,2,pending,0
inat_317478232_573685442,echinopsis,echinopsis,0.782,0.782,2,not_potted,0
inat_318936953_576473267,echinopsis,echinopsis,0.9368,0.9368,2,pending,0
inat_319983972_578480244,echinopsis,echinopsis,0.9188,0.9188,2,pending,0
inat_324777762_587909772,echinopsis,echinopsis,0.9015,0.9015,2,pending,0
inat_327396056_593128898,echinopsis,echinopsis,0.9408,0.9408,2,pending,0
inat_328145941_594566025,echinopsis,echinopsis,0.9776,0.9776,2,pending,0
inat_328722612_595732595,echinopsis,echinopsis,0.9214,0.9214,2,pending,0
inat_329293935_596873704,echinopsis,echinopsis,0.9068,0.9068,2,pending,0
inat_329572152_597437190,echinopsis,echinopsis,0.8465,0.8465,2,pending,0
inat_329572330_597437513,echinopsis,echinopsis,0.9164,0.9164,2,pending,0
inat_329893291_598081675,echinopsis,mammillaria,0.3032,0.3416,2,ok,1
inat_331742946_601881213,echinopsis,echinopsis,0.9139,0.9139,2,pending,0
inat_332522248_603489480,echinopsis,echinopsis,0.9157,0.9157,2,pending,0
inat_336851689_612219514,echinopsis,echinopsis,0.9444,0.9444,2,pending,0
inat_338002052_614575554,echinopsis,echinopsis,0.856,0.856,2,pending,0
inat_338359357_615309391,echinopsis,echinopsis,0.9524,0.9524,2,pending,0
inat_338530572_615669454,echinopsis,echinopsis,0.8717,0.8717,2,pending,0
inat_338822347_616244385,echinopsis,echinopsis,0.8994,0.8994,2,pending,0
inat_339403772_617419368,echinopsis,echinopsis,0.8694,0.8694,2,pending,0
inat_340561990_619778625,echinopsis,echinopsis,0.9223,0.9223,2,pending,0
inat_344212398_627141244,echinopsis,echinopsis,0.9307,0.9307,2,pending,0
inat_344443706_627597388,echinopsis,echinopsis,0.7686,0.7686,2,pending,0
inat_345617656_629892011,echinopsis,parodia,0.1515,0.3443,2,blurry,1
inat_346053879_630743113,echinopsis,echinopsis,0.9203,0.9203,2,pending,0
inat_347808482_634227012,echinopsis,echinopsis,0.8766,0.8766,2,pending,0
inat_349007354_636597886,echinopsis,echinopsis,0.7175,0.7175,2,pending,0
inat_350125830_638784873,echinopsis,echinopsis,0.9108,0.9108,2,pending,0
inat_351354821_641167479,echinopsis,echinopsis,0.9406,0.9406,2,pending,0
inat_351929277_642294487,echinopsis,echinopsis,0.9385,0.9385,2,pending,0
inat_352312049_643025710,echinopsis,echinopsis,0.6829,0.6829,2,pending,0
inat_352868573_643928376,echinopsis,echinopsis,0.8646,0.8646,2,pending,0
inat_352899941_643979974,echinopsis,echinopsis,0.887,0.887,2,pending,0
inat_353907732_645677012,echinopsis,echinopsis,0.8297,0.8297,2,pending,0
inat_355103830_647725773,echinopsis,echinopsis,0.871,0.871,2,pending,0
inat_355173773_647827191,echinopsis,mammillaria,0.1994,0.5094,2,pending,1
inat_356438779_650017017,echinopsis,echinopsis,0.8846,0.8846,2,pending,0
inat_356508747_665730362,echinopsis,echinopsis,0.9341,0.9341,2,pending,0
inat_357575640_652200358,echinopsis,echinopsis,0.8714,0.8714,2,pending,0
inat_357647556_652336827,echinopsis,echinopsis,0.8516,0.8516,2,pending,0
inat_358267782_653549594,echinopsis,echinopsis,0.9264,0.9264,2,pending,0
inat_358443650_653887897,echinopsis,echinopsis,0.9079,0.9079,2,pending,0
inat_361058457_658902932,echinopsis,echinopsis,0.7925,0.7925,2,pending,0
inat_363110641_662792803,echinopsis,echinopsis,0.9096,0.9096,2,pending,0
inat_363211963_662985659,echinopsis,echinopsis,0.937,0.937,2,ok,0
inat_364672992_665744883,echinopsis,echinopsis,0.7811,0.7811,2,pending,0
inat_366927966_670043713,echinopsis,echinopsis,0.9333,0.9333,2,pending,0
inat_370302594_676484016,echinopsis,echinopsis,0.8964,0.8964,2,pending,0
inat_370347954_676566593,echinopsis,echinopsis,0.9452,0.9452,2,pending,0
inat_372120070_679954250,echinopsis,echinopsis,0.8447,0.8447,2,pending,0
inat_376174659_687770741,echinopsis,echinopsis,0.8745,0.8745,2,pending,0
inat_378348143_691966181,echinopsis,echinopsis,0.892,0.892,2,pending,0
inat_378408614_692079271,echinopsis,echinopsis,0.9217,0.9217,2,pending,0
inat_383774119_702438612,echinopsis,echinopsis,0.9081,0.9081,2,pending,0
inat_384383681_703616677,echinopsis,echinopsis,0.7879,0.7879,2,pending,0
inat_386553513_707773172,echinopsis,echinopsis,0.9582,0.9582,2,pending,0
inat_387061094_708734271,echinopsis,echinopsis,0.9408,0.9408,2,pending,0
inat_388131334_710820791,echinopsis,echinopsis,0.9694,0.9694,2,pending,0
inat_388388535_711323662,echinopsis,echinopsis,0.9162,0.9162,2,pending,0
inat_388482724_711505696,echinopsis,echinopsis,0.8336,0.8336,2,pending,0
inat_391636449_717642417,echinopsis,mammillaria,0.1504,0.7426,2,pending,1
inat_392469022_719254242,echinopsis,mammillaria,0.0262,0.6537,2,ok,1
inat_396535449_727198340,echinopsis,echinopsis,0.9399,0.9399,2,pending,0
inat_397186542_728455824,echinopsis,echinopsis,0.8871,0.8871,2,pending,0
inat_397275378_728629919,echinopsis,echinopsis,0.9044,0.9044,2,pending,0
inat_397660504_729386993,echinopsis,echinopsis,0.8921,0.8921,2,pending,0
inat_398519971_731065092,echinopsis,echinopsis,0.7935,0.7935,2,ok,0
inat_398850218_731709345,echinopsis,echinopsis,0.4205,0.4205,2,pending,1
inat_398938812_731885058,echinopsis,echinopsis,0.906,0.906,2,pending,0
inat_399414917_732803889,echinopsis,gymnocalycium,0.2487,0.5781,2,not_plant,1
inat_400337124_734623949,echinopsis,echinopsis,0.8321,0.8321,2,pending,0
inat_43066233_68376772,echinopsis,echinopsis,0.9525,0.9525,2,pending,0
inat_75808892_124051840,echinopsis,echinopsis,0.9064,0.9064,2,pending,0
inat_83921845_137874948,echinopsis,echinopsis,0.5796,0.5796,2,pending,0
inat_98311280_163650353,echinopsis,echinopsis,0.9027,0.9027,2,pending,0
inat_99386669_165664768,echinopsis,echinopsis,0.9363,0.9363,2,pending,0
inat_99846598_166536778,echinopsis,echinopsis,0.7119,0.7119,2,pending,0
inat_216164558_382265932,gymnocalycium,gymnocalycium,0.9046,0.9046,2,pending,0
inat_217840544_385426314,gymnocalycium,gymnocalycium,0.9252,0.9252,2,pending,0
inat_219555173_388617496,gymnocalycium,gymnocalycium,0.9065,0.9065,2,pending,0
inat_228900634_406253635,gymnocalycium,gymnocalycium,0.9338,0.9338,2,pending,0
inat_229326818_407052720,gymnocalycium,gymnocalycium,0.8992,0.8992,2,pending,0
inat_230840083_409914784,gymnocalycium,gymnocalycium,0.8937,0.8937,2,ok,0
inat_233723940_415402917,gymnocalycium,gymnocalycium,0.9487,0.9487,2,pending,0
inat_234677197_417215518,gymnocalycium,gymnocalycium,0.9615,0.9615,2,pending,0
inat_236232062_422910377,gymnocalycium,gymnocalycium,0.8056,0.8056,2,pending,0
inat_240505600_428492403,gymnocalycium,gymnocalycium,0.8921,0.8921,2,pending,0
inat_240505603_428492585,gymnocalycium,gymnocalycium,0.9637,0.9637,2,pending,0
inat_240626654_428660643,gymnocalycium,gymnocalycium,0.9266,0.9266,2,pending,0
inat_245725277_438537853,gymnocalycium,gymnocalycium,0.828,0.828,2,ok,0
inat_250080305_447173459,gymnocalycium,gymnocalycium,0.9015,0.9015,2,pending,0
inat_252656874_452319834,gymnocalycium,gymnocalycium,0.9543,0.9543,2,pending,0
inat_253747195_454404607,gymnocalycium,gymnocalycium,0.8995,0.8995,2,pending,0
inat_256872940_460660972,gymnocalycium,astrophytum,0.4039,0.4861,2,pending,1
inat_259789185_466422178,gymnocalycium,gymnocalycium,0.9261,0.9261,2,pending,0
inat_261452669_469713832,gymnocalycium,gymnocalycium,0.92,0.92,2,pending,0
inat_266106657_478086778,gymnocalycium,gymnocalycium,0.9306,0.9306,2,pending,0
inat_267126119_480008956,gymnocalycium,gymnocalycium,0.5175,0.5175,2,pending,0
inat_268107236_481883863,gymnocalycium,gymnocalycium,0.3785,0.3785,2,ok,1
inat_268553159_482740173,gymnocalycium,gymnocalycium,0.9491,0.9491,2,pending,0
inat_270673715_486809277,gymnocalycium,gymnocalycium,0.9089,0.9089,2,pending,0
inat_270679625_486819586,gymnocalycium,gymnocalycium,0.8986,0.8986,2,ok,0
inat_270820590_487092336,gymnocalycium,gymnocalycium,0.9094,0.9094,2,pending,0
inat_271470967_488317522,gymnocalycium,gymnocalycium,0.6084,0.6084,2,pending,0
inat_273378194_491692066,gymnocalycium,gymnocalycium,0.7573,0.7573,2,pending,0
inat_273878217_492474101,gymnocalycium,gymnocalycium,0.9077,0.9077,2,pending,0
inat_274452060_493403049,gymnocalycium,gymnocalycium,0.9282,0.9282,2,pending,0
inat_275017489_494276143,gymnocalycium,gymnocalycium,0.9211,0.9211,2,pending,0
inat_275443182_494957162,gymnocalycium,gymnocalycium,0.799,0.799,2,pending,0
inat_280253629_503325964,gymnocalycium,gymnocalycium,0.8727,0.8727,2,pending,0
inat_282836113_508175435,gymnocalycium,gymnocalycium,0.9166,0.9166,2,pending,0
inat_282836118_508175441,gymnocalycium,gymnocalycium,0.9005,0.9005,2,pending,0
inat_284226750_543216808,gymnocalycium,gymnocalycium,0.9462,0.9462,2,pending,0
inat_288487921_518809435,gymnocalycium,astrophytum,0.3666,0.4013,2,pending,1
inat_289033380_519829153,gymnocalycium,gymnocalycium,0.8424,0.8424,2,pending,0
inat_289195459_520134496,gymnocalycium,gymnocalycium,0.9279,0.9279,2,pending,0
inat_289872303_521393314,gymnocalycium,mammillaria,0.1614,0.5514,2,not_potted,1
inat_292335358_526067374,gymnocalycium,echinopsis,0.2346,0.5385,2,pending,1
inat_300615057_541663231,gymnocalycium,gymnocalycium,0.4154,0.4154,2,not_potted,1
inat_303627946_547278418,gymnocalycium,mammillaria,0.1905,0.5845,2,pending,1
inat_305296646_550443464,gymnocalycium,gymnocalycium,0.8847,0.8847,2,pending,0
inat_309492660_558491908,gymnocalycium,gymnocalycium,0.6609,0.6609,2,ok,0
inat_311360429_562056498,gymnocalycium,gymnocalycium,0.9137,0.9137,2,pending,0
inat_316440418_571728725,gymnocalycium,gymnocalycium,0.8655,0.8655,2,pending,0
inat_318323798_575301986,gymnocalycium,gymnocalycium,0.8852,0.8852,2,pending,0
inat_319342945_577246291,gymnocalycium,gymnocalycium,0.8775,0.8775,2,pending,0
inat_319342972_577246433,gymnocalycium,gymnocalycium,0.9795,0.9795,2,pending,0
inat_320691740_579862001,gymnocalycium,gymnocalycium,0.9084,0.9084,2,ok,0
inat_323507192_434365897,gymnocalycium,echinopsis,0.1236,0.3976,2,ok,1
inat_327997743_594273315,gymnocalycium,gymnocalycium,0.9163,0.9163,2,ok,0
inat_329064517_596415358,gymnocalycium,gymnocalycium,0.8959,0.8959,2,pending,0
inat_329091606_596469798,gymnocalycium,astrophytum,0.2648,0.5811,2,pending,1
inat_329823495_597943064,gymnocalycium,gymnocalycium,0.9651,0.9651,2,pending,0
inat_330863288_600072132,gymnocalycium,gymnocalycium,0.8647,0.8647,2,pending,0
inat_331910412_602224383,gymnocalycium,gymnocalycium,0.7734,0.7734,2,pending,0
inat_332862958_604179958,gymnocalycium,gymnocalycium,0.707,0.707,2,pending,0
inat_336464675_611431816,gymnocalycium,gymnocalycium,0.9396,0.9396,2,pending,0
inat_337038798_612600706,gymnocalycium,echinopsis,0.1052,0.3807,2,ok,1
inat_337522841_613594372,gymnocalycium,gymnocalycium,0.5614,0.5614,2,ok,0
inat_338744397_616082254,gymnocalycium,gymnocalycium,0.9288,0.9288,2,pending,0
inat_339630629_617873631,gymnocalycium,gymnocalycium,0.9393,0.9393,2,ok,0
inat_340491315_619618251,gymnocalycium,gymnocalycium,0.7893,0.7893,2,pending,0
inat_342121869_622957384,gymnocalycium,gymnocalycium,0.6579,0.6579,2,ok,0
inat_343218749_625158121,gymnocalycium,gymnocalycium,0.3676,0.3676,2,pending,1
inat_346673940_631969712,gymnocalycium,gymnocalycium,0.8975,0.8975,2,pending,0
inat_349798598_638149817,gymnocalycium,gymnocalycium,0.9441,0.9441,2,pending,0
inat_351110799_640689390,gymnocalycium,gymnocalycium,0.911,0.911,2,pending,0
inat_351518843_641489979,gymnocalycium,gymnocalycium,0.9039,0.9039,2,ok,0
inat_359191258_655327139,gymnocalycium,gymnocalycium,0.6112,0.6112,2,pending,0
inat_361903304_660508663,gymnocalycium,gymnocalycium,0.7519,0.7519,2,pending,0
inat_363377194_663301058,gymnocalycium,mammillaria,0.0494,0.627,2,ok,1
inat_366192972_668640162,gymnocalycium,gymnocalycium,0.5548,0.5548,2,ok,0
inat_371062238_677936856,gymnocalycium,gymnocalycium,0.9353,0.9353,2,multi_plant,0
inat_376254869_687921708,gymnocalycium,gymnocalycium,0.8949,0.8949,2,pending,0
inat_384548807_703940502,gymnocalycium,gymnocalycium,0.8907,0.8907,2,pending,0
inat_388279646_711100385,gymnocalycium,gymnocalycium,0.8681,0.8681,2,pending,0
inat_394996375_724199432,gymnocalycium,gymnocalycium,0.8625,0.8625,2,pending,0
inat_100962799_168562003,mammillaria,mammillaria,0.9414,0.9414,2,pending,0
inat_102125514_170655017,mammillaria,mammillaria,0.8958,0.8958,2,pending,0
inat_106253829_178463434,mammillaria,mammillaria,0.8842,0.8842,2,pending,0
inat_108722557_183110586,mammillaria,mammillaria,0.9406,0.9406,2,pending,0
inat_109342759_184271869,mammillaria,mammillaria,0.9697,0.9697,2,pending,0
inat_110771066_186914236,mammillaria,mammillaria,0.9355,0.9355,2,pending,0
inat_122118629_206728645,mammillaria,mammillaria,0.9127,0.9127,2,pending,0
inat_123736285_209637459,mammillaria,mammillaria,0.953,0.953,2,pending,0
inat_135353301_230846064,mammillaria,mammillaria,0.9296,0.9296,2,pending,0
inat_137271320_234413399,mammillaria,mammillaria,0.9516,0.9516,2,pending,0
inat_141726051_242864321,mammillaria,mammillaria,0.9218,0.9218,2,pending,0
inat_152546351_263352368,mammillaria,mammillaria,0.9618,0.9618,2,pending,0
inat_15300335_22901588,mammillaria,mammillaria,0.8659,0.8659,2,pending,0
inat_153895684_265859980,mammillaria,mammillaria,0.8896,0.8896,2,pending,0
inat_154133494_266292141,mammillaria,mammillaria,0.9104,0.9104,2,pending,0
inat_157652482_272549229,mammillaria,mammillaria,0.9227,0.9227,2,pending,0
inat_158747483_274309232,mammillaria,mammillaria,0.8182,0.8182,2,pending,0
inat_159702897_275927196,mammillaria,mammillaria,0.9429,0.9429,2,pending,0
inat_160247545_276909709,mammillaria,mammillaria,0.9321,0.9321,2,pending,0
inat_162995436_281825647,mammillaria,mammillaria,0.8744,0.8744,2,pending,0
inat_166895598_289055163,mammillaria,mammillaria,0.9004,0.9004,2,pending,0
inat_169124917_293185458,mammillaria,mammillaria,0.9141,0.9141,2,pending,0
inat_172649766_299743197,mammillaria,mammillaria,0.9343,0.9343,2,pending,0
inat_175176509_304413470,mammillaria,mammillaria,0.9051,0.9051,2,pending,0
inat_175617650_305217493,mammillaria,mammillaria,0.907,0.907,2,pending,0
inat_182313882_317853880,mammillaria,mammillaria,0.951,0.951,2,pending,0
inat_186429213_325797988,mammillaria,mammillaria,0.9242,0.9242,2,pending,0
inat_186461201_325861409,mammillaria,mammillaria,0.8957,0.8957,2,pending,0
inat_192759852_338461565,mammillaria,opuntia,0.1429,0.616,2,pending,1
inat_193220991_339395585,mammillaria,mammillaria,0.9274,0.9274,2,pending,0
inat_196463382_345896772,mammillaria,mammillaria,0.8187,0.8187,2,pending,0
inat_19865538_30631254,mammillaria,mammillaria,0.8966,0.8966,2,pending,0
inat_200507453_353775903,mammillaria,mammillaria,0.9582,0.9582,2,pending,0
inat_202198950_357064612,mammillaria,mammillaria,0.9215,0.9215,2,pending,0
inat_204479058_361434620,mammillaria,mammillaria,0.9353,0.9353,2,pending,0
inat_205573993_363509594,mammillaria,mammillaria,0.9572,0.9572,2,pending,0
inat_205691284_363726788,mammillaria,mammillaria,0.899,0.899,2,pending,0
inat_208671320_369212088,mammillaria,mammillaria,0.7777,0.7777,2,pending,0
inat_20994066_32423242,mammillaria,mammillaria,0.9362,0.9362,2,pending,0
inat_211221969_373398367,mammillaria,mammillaria,0.9467,0.9467,2,pending,0
inat_211222944_373475487,mammillaria,mammillaria,0.9385,0.9385,2,pending,0
inat_211962968_374626592,mammillaria,echinopsis,0.048,0.8402,2,pending,1
inat_213898102_378029855,mammillaria,mammillaria,0.9228,0.9228,2,pending,0
inat_214733285_379584293,mammillaria,mammillaria,0.8295,0.8295,2,pending,0
inat_215362360_380746227,mammillaria,mammillaria,0.9397,0.9397,2,pending,0
inat_218924575_387444042,mammillaria,mammillaria,0.7563,0.7563,2,pending,0
inat_222697878_394512152,mammillaria,mammillaria,0.6302,0.6302,2,pending,0
inat_223925071_396817320,mammillaria,mammillaria,0.927,0.927,2,pending,0
inat_224013992_396978580,mammillaria,mammillaria,0.9056,0.9056,2,pending,0
inat_224248574_397422789,mammillaria,mammillaria,0.9144,0.9144,2,pending,0
inat_233996201_415920933,mammillaria,mammillaria,0.9257,0.9257,2,pending,0
inat_237043439_421805412,mammillaria,mammillaria,0.8873,0.8873,2,pending,0
inat_23710125_36693545,mammillaria,mammillaria,0.9133,0.9133,2,pending,0
inat_239401341_426372804,mammillaria,mammillaria,0.8496,0.8496,2,pending,0
inat_239905432_427343171,mammillaria,mammillaria,0.8342,0.8342,2,pending,0
inat_240479551_428445670,mammillaria,mammillaria,0.8417,0.8417,2,pending,0
inat_242352517_432055421,mammillaria,mammillaria,0.9168,0.9168,2,pending,0
inat_243089595_433424788,mammillaria,mammillaria,0.7733,0.7733,2,pending,0
inat_243144912_433524515,mammillaria,mammillaria,0.843,0.843,2,pending,0
inat_243151429_433537212,mammillaria,mammillaria,0.9567,0.9567,2,pending,0
inat_243842704_434864648,mammillaria,mammillaria,0.9136,0.9136,2,pending,0
inat_244428194_440064876,mammillaria,mammillaria,0.9238,0.9238,2,pending,0
inat_245716210_438523743,mammillaria,mammillaria,0.9758,0.9758,2,pending,0
inat_248231011_443494479,mammillaria,mammillaria,0.5159,0.5159,2,pending,0
inat_249875619_446767760,mammillaria,mammillaria,0.8459,0.8459,2,pending,0
inat_250761101_448551745,mammillaria,mammillaria,0.5795,0.5795,2,pending,0
inat_252811928_452603923,mammillaria,mammillaria,0.8822,0.8822,2,pending,0
inat_252896610_452757974,mammillaria,mammillaria,0.7648,0.7648,2,pending,0
inat_252988599_452918234,mammillaria,mammillaria,0.9094,0.9094,2,pending,0
inat_253079812_453089338,mammillaria,opuntia,0.1439,0.5303,2,pending,1
inat_25481164_39471874,mammillaria,mammillaria,0.9587,0.9587,2,pending,0
inat_256887326_464357714,mammillaria,mammillaria,0.4321,0.4321,2,pending,1
inat_260628433_468081837,mammillaria,mammillaria,0.8592,0.8592,2,pending,0
inat_261057471_468928112,mammillaria,mammillaria,0.9472,0.9472,2,pending,0
inat_261545613_469898842,mammillaria,mammillaria,0.8537,0.8537,2,pending,0
inat_263977284_474323374,mammillaria,mammillaria,0.9067,0.9067,2,pending,0
inat_264765505_475463447,mammillaria,mammillaria,0.9079,0.9079,2,pending,0
inat_264801985_475537050,mammillaria,mammillaria,0.9221,0.9221,2,pending,0
inat_268107315_481884068,mammillaria,mammillaria,0.9299,0.9299,2,pending,0
inat_268113311_481890996,mammillaria,mammillaria,0.9047,0.9047,2,pending,0
inat_269350603_484282574,mammillaria,mammillaria,0.7812,0.7812,2,pending,0
inat_269716810_484986738,mammillaria,mammillaria,0.9124,0.9124,2,pending,0
inat_273007015_491122343,mammillaria,mammillaria,0.826,0.826,2,pending,0
inat_274958158_494180975,mammillaria,mammillaria,0.9674,0.9674,2,pending,0
inat_275028656_494295684,mammillaria,mammillaria,0.9059,0.9059,2,pending,0
inat_275877865_495576774,mammillaria,mammillaria,0.9495,0.9495,2,pending,0
inat_276166350_496011807,mammillaria,mammillaria,0.9301,0.9301,2,pending,0
inat_276243805_496131130,mammillaria,mammillaria,0.9433,0.9433,2,pending,0
inat_276464678_496476900,mammillaria,mammillaria,0.8222,0.8222,2,pending,0
inat_276691699_496860743,mammillaria,mammillaria,0.5185,0.5185,2,pending,0
inat_277229256_497729724,mammillaria,mammillaria,0.8834,0.8834,2,pending,0
inat_277976729_499131711,mammillaria,mammillaria,0.9008,0.9008,2,pending,0
inat_278108952_499360366,mammillaria,mammillaria,0.9275,0.9275,2,pending,0
inat_278109023_499360452,mammillaria,mammillaria,0.934,0.934,2,pending,0
inat_278163203_499456174,mammillaria,mammillaria,0.9272,0.9272,2,pending,0
inat_281186885_505093137,mammillaria,mammillaria,0.9301,0.9301,2,pending,0
inat_282836126_508175464,mammillaria,mammillaria,0.9189,0.9189,2,pending,0
inat_284300189_510918108,mammillaria,mammillaria,0.9202,0.9202,2,pending,0
inat_28503647_44437977,mammillaria,mammillaria,0.9335,0.9335,2,pending,0
inat_285346783_512892851,mammillaria,mammillaria,0.9303,0.9303,2,pending,0
inat_285352061_512901715,mammillaria,mammillaria,0.8702,0.8702,2,pending,0
inat_285825621_513778224,mammillaria,mammillaria,0.9593,0.9593,2,pending,0
inat_285875193_513877511,mammillaria,mammillaria,0.7874,0.7874,2,pending,0
inat_286269996_514624231,mammillaria,mammillaria,0.8881,0.8881,2,pending,0
inat_288841555_519470902,mammillaria,mammillaria,0.8641,0.8641,2,pending,0
inat_288843534_519475269,mammillaria,mammillaria,0.9243,0.9243,2,pending,0
inat_290342245_522304242,mammillaria,mammillaria,0.9049,0.9049,2,pending,0
inat_293444883_528158897,mammillaria,mammillaria,0.9034,0.9034,2,pending,0
inat_294615404_530302753,mammillaria,mammillaria,0.9592,0.9592,2,pending,0
inat_295377511_531745585,mammillaria,mammillaria,0.9131,0.9131,2,pending,0
inat_295781862_532510859,mammillaria,mammillaria,0.8479,0.8479,2,pending,0
inat_296894304_534641798,mammillaria,mammillaria,0.9228,0.9228,2,pending,0
inat_297807345_536369856,mammillaria,mammillaria,0.9088,0.9088,2,pending,0
inat_298207489_537123279,mammillaria,mammillaria,0.9232,0.9232,2,pending,0
inat_301810267_543886542,mammillaria,mammillaria,0.9032,0.9032,2,pending,0
inat_309385844_558285578,mammillaria,mammillaria,0.9372,0.9372,2,pending,0
inat_311036219_561434666,mammillaria,mammillaria,0.8929,0.8929,2,pending,0
inat_311436395_562206922,mammillaria,mammillaria,0.8974,0.8974,2,pending,0
inat_318174123_575018632,mammillaria,mammillaria,0.8906,0.8906,2,pending,0
inat_319342836_577245744,mammillaria,mammillaria,0.9124,0.9124,2,pending,0
inat_319458801_577472163,mammillaria,mammillaria,0.9608,0.9608,2,pending,0
inat_320056559_578617454,mammillaria,mammillaria,0.8701,0.8701,2,pending,0
inat_320095897_578698966,mammillaria,mammillaria,0.9273,0.9273,2,pending,0
inat_321329383_581111890,mammillaria,mammillaria,0.9454,0.9454,2,pending,0
inat_322593809_583661072,mammillaria,mammillaria,0.933,0.933,2,pending,0
inat_323635115_585631056,mammillaria,mammillaria,0.8262,0.8262,2,pending,0
inat_323857461_586061296,mammillaria,mammillaria,0.8835,0.8835,2,pending,0
inat_32414257_50836560,mammillaria,mammillaria,0.8239,0.8239,2,pending,0
inat_324699421_587747638,mammillaria,mammillaria,0.9189,0.9189,2,pending,0
inat_324737309_587824984,mammillaria,mammillaria,0.9195,0.9195,2,pending,0
inat_326798607_591938285,mammillaria,mammillaria,0.9329,0.9329,2,pending,0
inat_328144394_594562597,mammillaria,mammillaria,0.8861,0.8861,2,pending,0
inat_328599117_595480003,mammillaria,mammillaria,0.8676,0.8676,2,pending,0
inat_328905185_596098708,mammillaria,mammillaria,0.8516,0.8516,2,pending,0
inat_328931872_596151183,mammillaria,mammillaria,0.9304,0.9304,2,pending,0
inat_329581757_597457777,mammillaria,mammillaria,0.9201,0.9201,2,pending,0
inat_329974073_598247693,mammillaria,mammillaria,0.682,0.682,2,pending,0
inat_330560892_599450820,mammillaria,parodia,0.2577,0.3809,2,pending,1
inat_331557319_601502778,mammillaria,mammillaria,0.9395,0.9395,2,ok,0
inat_331724948_601844298,mammillaria,mammillaria,0.933,0.933,2,pending,0
inat_331946370_602299825,mammillaria,mammillaria,0.7577,0.7577,2,pending,0
inat_332640856_603727818,mammillaria,mammillaria,0.9654,0.9654,2,pending,0
inat_332896236_604250036,mammillaria,mammillaria,0.9489,0.9489,2,pending,0
inat_332936064_604335526,mammillaria,mammillaria,0.8288,0.8288,2,pending,0
inat_333714719_605864382,mammillaria,mammillaria,0.9212,0.9212,2,pending,0
inat_333850895_606143299,mammillaria,mammillaria,0.9266,0.9266,2,pending,0
inat_334427142_607317421,mammillaria,mammillaria,0.9239,0.9239,2,pending,0
inat_334747879_607963218,mammillaria,mammillaria,0.7278,0.7278,2,not_potted,0
inat_334828737_608129222,mammillaria,mammillaria,0.8951,0.8951,2,pending,0
inat_334913103_608306610,mammillaria,mammillaria,0.3917,0.3917,2,pending,1
inat_335228769_608949653,mammillaria,mammillaria,0.5001,0.5001,2,blurry,0
inat_335984169_610469336,mammillaria,mammillaria,0.9705,0.9705,2,pending,0
inat_33622715_52824022,mammillaria,mammillaria,0.944,0.944,2,pending,0
inat_336822042_612160579,mammillaria,mammillaria,0.928,0.928,2,pending,0
inat_336822191_612160759,mammillaria,mammillaria,0.7298,0.7298,2,pending,0
inat_337348263_613234075,mammillaria,mammillaria,0.8757,0.8757,2,ok,0
inat_338006481_614585029,mammillaria,mammillaria,0.8944,0.8944,2,pending,0
inat_338122725_614823185,mammillaria,mammillaria,0.8934,0.8934,2,pending,0
inat_338530049_615668463,mammillaria,mammillaria,0.9438,0.9438,2,pending,0
inat_338530466_615669199,mammillaria,mammillaria,0.5931,0.5931,2,pending,0
inat_339137593_616872381,mammillaria,mammillaria,0.9309,0.9309,2,pending,0
inat_34058417_53555596,mammillaria,mammillaria,0.9504,0.9504,2,pending,0
inat_341754363_622213656,mammillaria,mammillaria,0.8336,0.8336,2,not_potted,0
inat_341823196_622354465,mammillaria,mammillaria,0.8685,0.8685,2,pending,0
inat_342448788_623619386,mammillaria,mammillaria,0.9624,0.9624,2,ok,0
inat_342779106_624270454,mammillaria,mammillaria,0.9287,0.9287,2,pending,0
inat_342806852_624325720,mammillaria,mammillaria,0.9325,0.9325,2,pending,0
inat_343183898_625084682,mammillaria,mammillaria,0.6729,0.6729,2,ok,0
inat_343599854_625934486,mammillaria,mammillaria,0.9549,0.9549,2,pending,0
inat_343599865_625934611,mammillaria,mammillaria,0.9284,0.9284,2,pending,0
inat_343943208_626621732,mammillaria,mammillaria,0.9096,0.9096,2,pending,0
inat_344114234_626956639,mammillaria,mammillaria,0.9047,0.9047,2,pending,0
inat_344431552_627575138,mammillaria,mammillaria,0.7106,0.7106,2,pending,0
inat_344946003_628552130,mammillaria,mammillaria,0.898,0.898,2,pending,0
inat_345116799_628897766,mammillaria,gymnocalycium,0.0284,0.7751,2,ok,1
inat_345295905_629254500,mammillaria,mammillaria,0.9418,0.9418,2,pending,0
inat_345644071_629943818,mammillaria,mammillaria,0.8743,0.8743,2,pending,0
inat_345954812_630549176,mammillaria,parodia,0.405,0.4119,2,not_potted,1
inat_346119441_630873871,mammillaria,mammillaria,0.8235,0.8235,2,ok,0
inat_346331097_631297508,mammillaria,mammillaria,0.9389,0.9389,2,pending,0
inat_347096263_632809931,mammillaria,mammillaria,0.9232,0.9232,2,ok,0
inat_347100400_632811542,mammillaria,mammillaria,0.8785,0.8785,2,pending,0
inat_348124672_634850089,mammillaria,mammillaria,0.8971,0.8971,2,pending,0
inat_349207974_636992149,mammillaria,mammillaria,0.9492,0.9492,2,pending,0
inat_351393262_641249782,mammillaria,mammillaria,0.5825,0.5825,2,ok,0
inat_351886470_642211137,mammillaria,mammillaria,0.8347,0.8347,2,pending,0
inat_351928766_642293618,mammillaria,mammillaria,0.6955,0.6955,2,ok,0
inat_352291091_642987641,mammillaria,mammillaria,0.9408,0.9408,2,pending,0
inat_354456697_646610066,mammillaria,mammillaria,0.8975,0.8975,2,pending,0
inat_355783263_648819592,mammillaria,mammillaria,0.8877,0.8877,2,pending,0
inat_355838174_648917397,mammillaria,mammillaria,0.8705,0.8705,2,pending,0
inat_35607410_56165242,mammillaria,mammillaria,0.9153,0.9153,2,pending,0
inat_357092906_651262493,mammillaria,mammillaria,0.9151,0.9151,2,ok,0
inat_360728356_658254374,mammillaria,mammillaria,0.8969,0.8969,2,pending,0
inat_361899758_660502294,mammillaria,mammillaria,0.9817,0.9817,2,pending,0
inat_362153189_660970450,mammillaria,echinopsis,0.3985,0.4942,2,pending,1
inat_362157195_660978657,mammillaria,mammillaria,0.8714,0.8714,2,pending,0
inat_362210846_661083302,mammillaria,mammillaria,0.9459,0.9459,2,pending,0
inat_370107541_676097806,mammillaria,mammillaria,0.9357,0.9357,2,pending,0
inat_371778508_679291952,mammillaria,mammillaria,0.9205,0.9205,2,pending,0
inat_372107796_679931474,mammillaria,mammillaria,0.8589,0.8589,2,pending,0
inat_372892375_681433042,mammillaria,parodia,0.0956,0.5295,2,ok,1
inat_373963633_683368180,mammillaria,mammillaria,0.9197,0.9197,2,pending,0
inat_376127016_687680760,mammillaria,mammillaria,0.943,0.943,2,ok,0
inat_377912379_691131354,mammillaria,mammillaria,0.5294,0.5294,2,pending,0
inat_379060198_693341410,mammillaria,parodia,0.2515,0.5275,2,pending,1
inat_382376396_699752760,mammillaria,mammillaria,0.9393,0.9393,2,pending,0
inat_382618369_700214780,mammillaria,mammillaria,0.9244,0.9244,2,pending,0
inat_385033584_704861051,mammillaria,mammillaria,0.9364,0.9364,2,pending,0
inat_38566666_61313122,mammillaria,mammillaria,0.9042,0.9042,2,pending,0
inat_387311575_709219218,mammillaria,mammillaria,0.8815,0.8815,2,pending,0
inat_387390230_709372261,mammillaria,parodia,0.3749,0.452,2,ok,1
inat_387708353_709983705,mammillaria,mammillaria,0.857,0.857,2,pending,0
inat_390882500_716162787,mammillaria,mammillaria,0.876,0.876,2,pending,0
inat_393021243_720330579,mammillaria,mammillaria,0.9132,0.9132,2,pending,0
inat_393041473_720371463,mammillaria,mammillaria,0.9735,0.9735,2,pending,0
inat_393065447_720419270,mammillaria,mammillaria,0.7281,0.7281,2,pending,0
inat_394043149_722336489,mammillaria,mammillaria,0.9164,0.9164,2,pending,0
inat_395751758_725679586,mammillaria,mammillaria,0.6337,0.6337,2,pending,0
inat_43189629_68554827,mammillaria,mammillaria,0.8084,0.8084,2,pending,0
inat_44042067_69832769,mammillaria,mammillaria,0.939,0.939,2,pending,0
inat_44558702_70647216,mammillaria,mammillaria,0.8911,0.8911,2,pending,0
inat_53901933_85744080,mammillaria,mammillaria,0.9051,0.9051,2,pending,0
inat_54195426_86222653,mammillaria,mammillaria,0.9002,0.9002,2,pending,0
inat_55427139_88257950,mammillaria,mammillaria,0.9481,0.9481,2,pending,0
inat_56522594_90081489,mammillaria,mammillaria,0.9169,0.9169,2,pending,0
inat_62486691_100120272,mammillaria,mammillaria,0.9181,0.9181,2,pending,0
inat_65945024_106224867,mammillaria,mammillaria,0.9354,0.9354,2,pending,0
inat_67793823_109625621,mammillaria,mammillaria,0.9463,0.9463,2,pending,0
inat_72632104_118454144,mammillaria,mammillaria,0.9147,0.9147,2,pending,0
inat_77558509_126853471,mammillaria,mammillaria,0.9325,0.9325,2,pending,0
inat_85476378_140641411,mammillaria,mammillaria,0.9457,0.9457,2,pending,0
inat_85693703_141036414,mammillaria,mammillaria,0.9305,0.9305,2,pending,0
inat_8896898_11971748,mammillaria,mammillaria,0.932,0.932,2,pending,0
inat_89682945_148144707,mammillaria,mammillaria,0.8777,0.8777,2,pending,0
inat_94516169_156794668,mammillaria,mammillaria,0.9038,0.9038,2,pending,0
inat_276841021_497119453,opuntia,opuntia,0.9523,0.9523,2,pending,0
inat_276877272_497183887,opuntia,opuntia,0.8486,0.8486,2,pending,0
inat_277945917_499076549,opuntia,opuntia,0.8908,0.8908,2,pending,0
inat_278257579_499633271,opuntia,opuntia,0.9147,0.9147,2,pending,0
inat_278323265_499752118,opuntia,opuntia,0.9208,0.9208,2,pending,0
inat_280791297_504345974,opuntia,opuntia,0.9386,0.9386,2,pending,0
inat_283955029_510281207,opuntia,opuntia,0.9504,0.9504,2,pending,0
inat_286083969_514261978,opuntia,opuntia,0.9019,0.9019,2,pending,0
inat_292381970_526151505,opuntia,opuntia,0.8589,0.8589,2,pending,0
inat_298170581_537056426,opuntia,opuntia,0.9037,0.9037,2,pending,0
inat_298980097_538605209,opuntia,opuntia,0.7974,0.7974,2,pending,0
inat_300701137_541816685,opuntia,opuntia,0.9098,0.9098,2,pending,0
inat_305330083_550506234,opuntia,opuntia,0.8081,0.8081,2,pending,0
inat_307033086_553749152,opuntia,opuntia,0.8476,0.8476,2,pending,0
inat_307846948_555324797,opuntia,opuntia,0.9155,0.9155,2,pending,0
inat_311637677_562589638,opuntia,opuntia,0.9266,0.9266,2,pending,0
inat_312278547_563792701,opuntia,opuntia,0.8168,0.8168,2,pending,0
inat_316590913_572010021,opuntia,opuntia,0.9472,0.9472,2,pending,0
inat_317433769_573598040,opuntia,opuntia,0.9649,0.9649,2,ok,0
inat_317886775_574462061,opuntia,opuntia,0.8953,0.8953,2,pending,0
inat_318263477_575183944,opuntia,opuntia,0.9544,0.9544,2,pending,0
inat_318515251_575669153,opuntia,opuntia,0.6369,0.6369,2,pending,0
inat_318519792_575676889,opuntia,opuntia,0.9514,0.9514,2,pending,0
inat_319258855_577089567,opuntia,opuntia,0.8306,0.8306,2,pending,0
inat_319395262_577350770,opuntia,opuntia,0.8947,0.8947,2,pending,0
inat_321202765_580865548,opuntia,opuntia,0.9381,0.9381,2,pending,0
inat_323558581_585465771,opuntia,opuntia,0.8475,0.8475,2,pending,0
inat_323915349_586178402,opuntia,opuntia,0.942,0.942,2,pending,0
inat_324689694_587728729,opuntia,opuntia,0.9325,0.9325,2,pending,0
inat_326716290_591772996,opuntia,opuntia,0.8818,0.8818,2,pending,0
inat_327419377_593175504,opuntia,opuntia,0.9455,0.9455,2,pending,0
inat_327573226_593459414,opuntia,opuntia,0.8101,0.8101,2,pending,0
inat_327585425_593502632,opuntia,opuntia,0.8514,0.8514,2,pending,0
inat_327600465_594691076,opuntia,opuntia,0.9541,0.9541,2,pending,0
inat_328816788_595917781,opuntia,opuntia,0.9212,0.9212,2,pending,0
inat_328900835_596090343,opuntia,opuntia,0.8661,0.8661,2,pending,0
inat_329500550_597290696,opuntia,opuntia,0.9122,0.9122,2,pending,0
inat_330568619_599466767,opuntia,opuntia,0.3891,0.3891,2,pending,1
inat_332157584_602736572,opuntia,opuntia,0.9028,0.9028,2,ok,0
inat_333428556_605336327,opuntia,opuntia,0.7371,0.7371,2,pending,0
inat_333642599_605717095,opuntia,opuntia,0.8892,0.8892,2,pending,0
inat_335123097_608739045,opuntia,opuntia,0.942,0.942,2,pending,0
inat_342464969_623651609,opuntia,opuntia,0.8138,0.8138,2,pending,0
inat_343738933_626218350,opuntia,opuntia,0.9273,0.9273,2,pending,0
inat_344389177_627494478,opuntia,opuntia,0.8891,0.8891,2,ok,0
inat_344684560_628067218,opuntia,opuntia,0.9523,0.9523,2,pending,0
inat_345668277_629989460,opuntia,opuntia,0.9134,0.9134,2,pending,0
inat_347173650_632971292,opuntia,opuntia,0.9224,0.9224,2,pending,0
inat_347797688_634206216,opuntia,opuntia,0.8898,0.8898,2,pending,0
inat_349387582_637340196,opuntia,opuntia,0.8576,0.8576,2,pending,0
inat_350467931_639464181,opuntia,opuntia,0.8813,0.8813,2,pending,0
inat_350471694_639471809,opuntia,opuntia,0.941,0.941,2,pending,0
inat_350551562_639622362,opuntia,opuntia,0.8858,0.8858,2,pending,0
inat_351411323_641285885,opuntia,parodia,0.3374,0.4451,2,ok,1
inat_351824879_642086019,opuntia,opuntia,0.931,0.931,2,pending,0
inat_352057258_642537495,opuntia,opuntia,0.891,0.891,2,pending,0
inat_354591670_646834081,opuntia,opuntia,0.9452,0.9452,2,pending,0
inat_355041519_647626090,opuntia,opuntia,0.7669,0.7669,2,pending,0
inat_355510752_648344793,opuntia,opuntia,0.9171,0.9171,2,ok,0
inat_356807271_650711527,opuntia,opuntia,0.9237,0.9237,2,pending,0
inat_357331095_651723556,opuntia,opuntia,0.9059,0.9059,2,pending,0
inat_361465736_659674697,opuntia,opuntia,0.9112,0.9112,2,pending,0
inat_362574059_661743388,opuntia,opuntia,0.9159,0.9159,2,pending,0
inat_364368848_665167684,opuntia,opuntia,0.9232,0.9232,2,pending,0
inat_368487579_673030611,opuntia,opuntia,0.9256,0.9256,2,ok,0
inat_369877802_675659934,opuntia,opuntia,0.8062,0.8062,2,pending,0
inat_370913809_677653759,opuntia,opuntia,0.8961,0.8961,2,pending,0
inat_376156069_687736696,opuntia,opuntia,0.9022,0.9022,2,pending,0
inat_377714217_690746168,opuntia,opuntia,0.9443,0.9443,2,pending,0
inat_378758261_692752954,opuntia,opuntia,0.9338,0.9338,2,pending,0
inat_378899706_693023507,opuntia,opuntia,0.9103,0.9103,2,pending,0
inat_379958243_695077890,opuntia,opuntia,0.9367,0.9367,2,pending,0
inat_383437008_701795178,opuntia,opuntia,0.9402,0.9402,2,pending,0
inat_390326993_715083321,opuntia,opuntia,0.9451,0.9451,2,pending,0
inat_391899815_718140478,opuntia,opuntia,0.6707,0.6707,2,pending,0
inat_392229345_718781616,opuntia,opuntia,0.9089,0.9089,2,pending,0
inat_395682986_725542562,opuntia,opuntia,0.9379,0.9379,2,pending,0
inat_396723577_727545814,opuntia,opuntia,0.7911,0.7911,2,not_potted,0
inat_398846686_731702076,opuntia,opuntia,0.9393,0.9393,2,pending,0
inat_400953859_735867735,opuntia,opuntia,0.9031,0.9031,2,pending,0
inat_109270648_184135248,parodia,parodia,0.8317,0.8317,2,pending,0
inat_113291079_191427708,parodia,parodia,0.8798,0.8798,2,pending,0
inat_122452867_207329120,parodia,parodia,0.6493,0.6493,2,pending,0
inat_124092263_210297933,parodia,echinopsis,0.1352,0.415,2,pending,1
inat_130526764_221991871,parodia,parodia,0.8297,0.8297,2,pending,0
inat_135264269_230676774,parodia,mammillaria,0.2777,0.3498,2,pending,1
inat_141085666_241614833,parodia,parodia,0.9127,0.9127,2,pending,0
inat_148412833_255569017,parodia,parodia,0.8976,0.8976,2,pending,0
inat_148547622_255829409,parodia,parodia,0.7148,0.7148,2,pending,0
inat_149795752_258176746,parodia,mammillaria,0.2175,0.4839,2,pending,1
inat_151190080_260827894,parodia,parodia,0.7605,0.7605,2,pending,0
inat_152879335_263967102,parodia,parodia,0.9406,0.9406,2,pending,0
inat_156358138_270365944,parodia,parodia,0.9183,0.9183,2,pending,0
inat_156810330_271185758,parodia,parodia,0.4605,0.4605,2,pending,1
inat_164550777_284722814,parodia,parodia,0.8893,0.8893,2,pending,0
inat_165916505_287259425,parodia,parodia,0.7179,0.7179,2,pending,0
inat_170881256_296450178,parodia,gymnocalycium,0.2266,0.3089,2,pending,1
inat_172225003_298949076,parodia,parodia,0.9425,0.9425,2,pending,0
inat_175446475_304910480,parodia,parodia,0.9484,0.9484,2,pending,0
inat_175641268_305260702,parodia,parodia,0.9779,0.9779,2,pending,0
inat_178698071_310992391,parodia,parodia,0.3798,0.3798,2,pending,1
inat_180684513_314771731,parodia,parodia,0.9426,0.9426,2,pending,0
inat_183204035_319586603,parodia,parodia,0.3762,0.3762,2,pending,1
inat_183931563_321339498,parodia,parodia,0.8245,0.8245,2,pending,0
inat_185038278_323090072,parodia,parodia,0.8203,0.8203,2,pending,0
inat_188752320_330452387,parodia,parodia,0.8332,0.8332,2,pending,0
inat_191951191_336863852,parodia,parodia,0.9555,0.9555,2,pending,0
inat_192732115_338407563,parodia,parodia,0.9225,0.9225,2,pending,0
inat_193622411_340150788,parodia,parodia,0.8891,0.8891,2,pending,0
inat_194051150_340994693,parodia,parodia,0.8654,0.8654,2,pending,0
inat_197014864_346887828,parodia,parodia,0.9323,0.9323,2,pending,0
inat_197188905_347236633,parodia,parodia,0.9392,0.9392,2,pending,0
inat_198100419_349078405,parodia,parodia,0.8194,0.8194,2,pending,0
inat_201152490_355031784,parodia,parodia,0.9331,0.9331,2,pending,0
inat_202349478_357358189,parodia,parodia,0.8451,0.8451,2,pending,0
inat_202628878_357894108,parodia,parodia,0.9358,0.9358,2,pending,0
inat_202958850_358522038,parodia,parodia,0.9384,0.9384,2,pending,0
inat_203914735_360350524,parodia,parodia,0.9664,0.9664,2,pending,0
inat_204700281_361853627,parodia,parodia,0.9103,0.9103,2,pending,0
inat_205194434_362785207,parodia,parodia,0.9008,0.9008,2,pending,0
inat_205501011_363373870,parodia,parodia,0.9084,0.9084,2,pending,0
inat_206162281_364608706,parodia,parodia,0.9203,0.9203,2,pending,0
inat_209596279_370873014,parodia,parodia,0.8508,0.8508,2,pending,0
inat_212095193_374814630,parodia,parodia,0.9057,0.9057,2,pending,0
inat_212506873_375539395,parodia,parodia,0.9305,0.9305,2,pending,0
inat_212570332_375649278,parodia,parodia,0.9334,0.9334,2,pending,0
inat_214857760_379809734,parodia,parodia,0.7025,0.7025,2,pending,0
inat_216025042_382004499,parodia,astrophytum,0.2049,0.6048,2,pending,1
inat_21807315_33780520,parodia,parodia,0.8612,0.8612,2,pending,0
inat_218757163_387131961,parodia,parodia,0.9329,0.9329,2,pending,0
inat_219327549_388201398,parodia,parodia,0.7956,0.7956,2,pending,0
inat_220245367_389922411,parodia,parodia,0.9295,0.9295,2,pending,0
inat_220568417_390526886,parodia,parodia,0.9243,0.9243,2,pending,0
inat_220572275_390534496,parodia,parodia,0.8993,0.8993,2,pending,0
inat_221555628_392368106,parodia,parodia,0.9544,0.9544,2,pending,0
inat_232230997_412559984,parodia,parodia,0.5126,0.5126,2,pending,0
inat_232505249_413077327,parodia,parodia,0.9557,0.9557,2,not_plant,0
inat_233793714_415533852,parodia,parodia,0.9417,0.9417,2,pending,0
inat_234301412_416507935,parodia,parodia,0.9239,0.9239,2,pending,0
inat_240632116_428735346,parodia,parodia,0.9258,0.9258,2,ok,0
inat_246697533_440458997,parodia,parodia,0.9503,0.9503,2,not_potted,0
inat_25217950_39037591,parodia,parodia,0.9344,0.9344,2,pending,0
inat_265959035_477806811,parodia,gymnocalycium,0.1728,0.5217,2,not_potted,1
inat_267082157_479928771,parodia,parodia,0.803,0.803,2,pending,0
inat_268414792_482471759,parodia,parodia,0.5592,0.5592,2,pending,0
inat_269283405_484155298,parodia,parodia,0.8833,0.8833,2,pending,0
inat_269728261_485009679,parodia,echinopsis,0.0154,0.6624,2,ok,1
inat_274357103_493251535,parodia,parodia,0.9362,0.9362,2,pending,0
inat_274641312_493690479,parodia,parodia,0.74,0.74,2,pending,0
inat_276190269_496047225,parodia,mammillaria,0.219,0.7067,2,ok,1
inat_276226539_496103753,parodia,parodia,0.9027,0.9027,2,pending,0
inat_276338541_496281502,parodia,parodia,0.9487,0.9487,2,pending,0
inat_277707465_498640851,parodia,parodia,0.5296,0.5296,2,ok,0
inat_280582825_503946470,parodia,parodia,0.8748,0.8748,2,ok,0
inat_281870867_506370358,parodia,parodia,0.4333,0.4333,2,pending,1
inat_283010852_508500023,parodia,parodia,0.9333,0.9333,2,pending,0
inat_285996537_514099600,parodia,parodia,0.9539,0.9539,2,pending,0
inat_287549726_517043523,parodia,parodia,0.9801,0.9801,2,ok,0
inat_287945356_517773507,parodia,parodia,0.8795,0.8795,2,pending,0
inat_289772502_521219296,parodia,parodia,0.8401,0.8401,2,pending,0
inat_292416205_526216475,parodia,parodia,0.7643,0.7643,2,pending,0
inat_296005902_532941534,parodia,parodia,0.5925,0.5925,2,pending,0
inat_300615930_541665140,parodia,parodia,0.9171,0.9171,2,pending,0
inat_304582453_549096690,parodia,parodia,0.941,0.941,2,pending,0
inat_305174432_550214552,parodia,parodia,0.8559,0.8559,2,pending,0
inat_305414703_550670993,parodia,parodia,0.9247,0.9247,2,pending,0
inat_308992421_557529093,parodia,parodia,0.8161,0.8161,2,pending,0
inat_311720630_562735527,parodia,parodia,0.9354,0.9354,2,pending,0
inat_312006739_563479361,parodia,parodia,0.9266,0.9266,2,pending,0
inat_315315669_569602348,parodia,parodia,0.9571,0.9571,2,pending,0
inat_316661496_572150953,parodia,parodia,0.9657,0.9657,2,pending,0
inat_316846054_572486101,parodia,echinocactus,0.0635,0.8308,2,ok,1
inat_317389143_573511394,parodia,parodia,0.9136,0.9136,2,pending,0
inat_317586707_573889635,parodia,parodia,0.7866,0.7866,2,pending,0
inat_318474321_575588993,parodia,parodia,0.9397,0.9397,2,pending,0
inat_318485542_575611562,parodia,parodia,0.9436,0.9436,2,pending,0
inat_320507561_579497256,parodia,parodia,0.9235,0.9235,2,pending,0
inat_321841039_582106925,parodia,parodia,0.9394,0.9394,2,pending,0
inat_327997437_594272717,parodia,mammillaria,0.0221,0.6098,2,ok,1
inat_328433667_595141515,parodia,parodia,0.96,0.96,2,pending,0
inat_328765319_595815616,parodia,parodia,0.3761,0.3761,2,ok,1
inat_329475423_597240775,parodia,parodia,0.9618,0.9618,2,pending,0
inat_331910425_602224402,parodia,parodia,0.8766,0.8766,2,pending,0
inat_333225736_604926611,parodia,parodia,0.9625,0.9625,2,pending,0
inat_337540944_613629435,parodia,parodia,0.9367,0.9367,2,pending,0
inat_341455030_621606515,parodia,parodia,0.861,0.861,2,ok,0
inat_342912823_624541095,parodia,parodia,0.6306,0.6306,2,not_plant,0
inat_343404071_625537318,parodia,parodia,0.9287,0.9287,2,pending,0
inat_344139154_627005799,parodia,parodia,0.9161,0.9161,2,pending,0
inat_344801668_628284048,parodia,parodia,0.9632,0.9632,2,pending,0
inat_344813877_628306592,parodia,parodia,0.9217,0.9217,2,pending,0
inat_345750235_630146097,parodia,parodia,0.9127,0.9127,2,pending,0
inat_346906647_632429541,parodia,parodia,0.9186,0.9186,2,pending,0
inat_351929059_642294153,parodia,parodia,0.9193,0.9193,2,pending,0
inat_353025265_644190898,parodia,parodia,0.8537,0.8537,2,pending,0
inat_35734979_56384053,parodia,parodia,0.8236,0.8236,2,pending,0
inat_358277065_653568325,parodia,parodia,0.8779,0.8779,2,pending,0
inat_360475194_657771511,parodia,parodia,0.9163,0.9163,2,pending,0
inat_361338091_659437197,parodia,parodia,0.9265,0.9265,2,not_potted,0
inat_363087027_662748325,parodia,parodia,0.8505,0.8505,2,pending,0
inat_365014727_668118345,parodia,parodia,0.9541,0.9541,2,pending,0
inat_365030371_666426764,parodia,parodia,0.9003,0.9003,2,pending,0
inat_368234174_672546796,parodia,parodia,0.8979,0.8979,2,pending,0
inat_372483371_680651976,parodia,parodia,0.7467,0.7467,2,not_potted,0
inat_391935043_718207595,parodia,parodia,0.8772,0.8772,2,pending,0
inat_392565818_719443849,parodia,parodia,0.9629,0.9629,2,pending,0
inat_393596862_721452614,parodia,parodia,0.9369,0.9369,2,pending,0
inat_42720310_67842908,parodia,parodia,0.8823,0.8823,2,pending,0
inat_43323666_68754277,parodia,parodia,0.5166,0.5166,2,pending,0
inat_43596894_69159675,parodia,parodia,0.7883,0.7883,2,pending,0
inat_48942491_77678353,parodia,mammillaria,0.0759,0.8223,2,pending,1
inat_55870411_88992676,parodia,parodia,0.8549,0.8549,2,pending,0
inat_64435051_103593273,parodia,parodia,0.7705,0.7705,2,pending,0
inat_64955096_104506994,parodia,parodia,0.8665,0.8665,2,pending,0
inat_66551369_107309376,parodia,parodia,0.6187,0.6187,2,pending,0
inat_68379950_110707731,parodia,astrophytum,0.1398,0.431,2,pending,1
inat_70587739_114781847,parodia,parodia,0.8331,0.8331,2,pending,0
inat_70587748_114781896,parodia,parodia,0.8828,0.8828,2,pending,0
inat_71589367_116578442,parodia,parodia,0.9107,0.9107,2,pending,0
inat_71998879_119742221,parodia,parodia,0.81,0.81,2,pending,0
inat_73173176_119432017,parodia,mammillaria,0.0797,0.8484,2,pending,1
inat_73173214_119432106,parodia,parodia,0.8974,0.8974,2,pending,0
inat_73173601_119432788,parodia,parodia,0.6461,0.6461,2,pending,0
inat_76777695_125565692,parodia,parodia,0.8677,0.8677,2,pending,0
inat_79185103_129673522,parodia,parodia,0.8453,0.8453,2,pending,0
inat_93204816_154443554,parodia,parodia,0.7702,0.7702,2,pending,0
inat_98497163_164002481,parodia,parodia,0.9636,0.9636,2,pending,0
inat_99248607_165423713,parodia,parodia,0.8869,0.8869,2,pending,0
inat_100667170_168046008,astrophytum,astrophytum,0.9092,0.9092,3,pending,0
inat_100875476_168411700,astrophytum,astrophytum,0.7467,0.7467,3,pending,0
inat_10119857_13952793,astrophytum,astrophytum,0.9221,0.9221,3,pending,0
inat_101542844_169592417,astrophytum,astrophytum,0.9063,0.9063,3,pending,0
inat_102179090_170747949,astrophytum,astrophytum,0.9069,0.9069,3,pending,0
inat_102977631_172251640,astrophytum,astrophytum,0.9271,0.9271,3,pending,0
inat_110110868_185690865,astrophytum,astrophytum,0.9165,0.9165,3,pending,0
inat_111390546_188038897,astrophytum,astrophytum,0.8698,0.8698,3,pending,0
inat_112104712_189331809,astrophytum,astrophytum,0.8705,0.8705,3,pending,0
inat_112545579_190099803,astrophytum,astrophytum,0.9591,0.9591,3,pending,0
inat_114414990_193206814,astrophytum,astrophytum,0.9754,0.9754,3,pending,0
inat_114507300_193359088,astrophytum,astrophytum,0.926,0.926,3,pending,0
inat_115198882_194453121,astrophytum,astrophytum,0.9147,0.9147,3,pending,0
inat_117687783_198782689,astrophytum,astrophytum,0.8128,0.8128,3,pending,0
inat_124938437_211822583,astrophytum,astrophytum,0.6043,0.6043,3,pending,0
inat_124942581_211830857,astrophytum,astrophytum,0.9518,0.9518,3,pending,0
inat_132143989_224981275,astrophytum,astrophytum,0.8889,0.8889,3,pending,0
inat_133201014_226851100,astrophytum,astrophytum,0.9357,0.9357,3,pending,0
inat_134107135_228534402,astrophytum,astrophytum,0.9394,0.9394,3,pending,0
inat_134230771_228763784,astrophytum,astrophytum,0.9167,0.9167,3,pending,0
inat_139821209_239223956,astrophytum,astrophytum,0.9163,0.9163,3,pending,0
inat_139857839_239296232,astrophytum,astrophytum,0.9036,0.9036,3,pending,0
inat_139860196_239300127,astrophytum,astrophytum,0.9052,0.9052,3,pending,0
inat_143250428_245653539,astrophytum,astrophytum,0.9273,0.9273,3,pending,0
inat_145001160_248995918,astrophytum,astrophytum,0.9226,0.9226,3,pending,0
inat_145332463_249633279,astrophytum,astrophytum,0.9395,0.9395,3,pending,0
inat_145348793_249640663,astrophytum,astrophytum,0.7022,0.7022,3,pending,0
inat_148664491_256052685,astrophytum,astrophytum,0.8977,0.8977,3,pending,0
inat_148837492_256379847,astrophytum,astrophytum,0.8648,0.8648,3,pending,0
inat_149861081_258303363,astrophytum,astrophytum,0.9376,0.9376,3,pending,0
inat_151111824_260685018,astrophytum,astrophytum,0.9053,0.9053,3,pending,0
inat_153893695_265856215,astrophytum,astrophytum,0.9393,0.9393,3,pending,0
inat_153895924_265860380,astrophytum,astrophytum,0.8152,0.8152,3,pending,0
inat_154367108_266720915,astrophytum,astrophytum,0.7831,0.7831,3,pending,0
inat_154660724_267260907,astrophytum,astrophytum,0.9564,0.9564,3,pending,0
inat_156451878_270532295,astrophytum,astrophytum,0.8719,0.8719,3,pending,0
inat_156818199_271199451,astrophytum,astrophytum,0.8898,0.8898,3,pending,0
inat_157250648_271913026,astrophytum,astrophytum,0.8447,0.8447,3,pending,0
inat_159320516_275258392,astrophytum,astrophytum,0.5907,0.5907,3,pending,0
inat_159513863_275600833,astrophytum,astrophytum,0.9557,0.9557,3,pending,0
inat_162047296_280154919,astrophytum,astrophytum,0.9349,0.9349,3,pending,0
inat_162439168_280877651,astrophytum,astrophytum,0.9558,0.9558,3,pending,0
inat_163554141_283127277,astrophytum,astrophytum,0.9463,0.9463,3,pending,0
inat_163951300_283721168,astrophytum,astrophytum,0.8188,0.8188,3,pending,0
inat_170145769_295063554,astrophytum,echinopsis,0.1147,0.6546,3,pending,1
inat_171609218_297804535,astrophytum,astrophytum,0.4823,0.4823,3,pending,1
inat_174147023_302495791,astrophytum,astrophytum,0.841,0.841,3,pending,0
inat_174768222_303656905,astrophytum,astrophytum,0.555,0.555,3,pending,0
inat_175429509_304878388,astrophytum,astrophytum,0.8905,0.8905,3,pending,0
inat_189302532_331575177,astrophytum,astrophytum,0.45,0.45,3,pending,1
inat_189302625_331575881,astrophytum,astrophytum,0.9196,0.9196,3,pending,0
inat_193220006_339393563,astrophytum,astrophytum,0.3876,0.3876,3,pending,1
inat_195082074_343099349,astrophytum,astrophytum,0.8972,0.8972,3,pending,0
inat_195529713_344012904,astrophytum,astrophytum,0.8072,0.8072,3,pending,0
inat_196097219_345154378,astrophytum,astrophytum,0.8936,0.8936,3,pending,0
inat_197748261_348364931,astrophytum,astrophytum,0.8192,0.8192,3,ok,0
inat_199955272_352694165,astrophytum,astrophytum,0.782,0.782,3,pending,0
inat_200239468_353247015,astrophytum,astrophytum,0.9209,0.9209,3,pending,0
inat_200676065_354099002,astrophytum,astrophytum,0.9392,0.9392,3,pending,0
inat_201353714_355429181,astrophytum,astrophytum,0.9166,0.9166,3,pending,0
inat_204861042_362141514,astrophytum,astrophytum,0.9301,0.9301,3,pending,0
inat_204867028_362162762,astrophytum,astrophytum,0.7872,0.7872,3,pending,0
inat_207026181_366145634,astrophytum,astrophytum,0.7565,0.7565,3,ok,0
inat_20856259_32175567,astrophytum,astrophytum,0.9096,0.9096,3,pending,0
inat_20941530_32326887,astrophytum,astrophytum,0.7607,0.7607,3,pending,0
inat_210652273_372569427,astrophytum,astrophytum,0.8375,0.8375,3,ok,0
inat_212814025_376082737,astrophytum,astrophytum,0.7801,0.7801,3,ok,0
inat_215293878_380621278,astrophytum,astrophytum,0.9402,0.9402,3,pending,0
inat_220514197_390424063,astrophytum,astrophytum,0.9252,0.9252,3,ok,0
inat_220832738_391023539,astrophytum,astrophytum,0.8812,0.8812,3,pending,0
inat_220832762_391023679,astrophytum,astrophytum,0.9136,0.9136,3,pending,0
inat_221810100_393141705,astrophytum,astrophytum,0.8839,0.8839,3,pending,0
inat_222452645_394052389,astrophytum,astrophytum,0.8829,0.8829,3,pending,0
inat_223946641_396856482,astrophytum,astrophytum,0.9162,0.9162,3,pending,0
inat_22629720_35061708,astrophytum,astrophytum,0.9074,0.9074,3,pending,0
inat_226798601_402272128,astrophytum,astrophytum,0.9254,0.9254,3,pending,0
inat_227770486_404104891,astrophytum,astrophytum,0.9075,0.9075,3,pending,0
inat_232976638_413966056,astrophytum,astrophytum,0.7645,0.7645,3,pending,0
inat_234697854_417279298,astrophytum,astrophytum,0.9005,0.9005,3,ok,0
inat_236064631_419926210,astrophytum,echinopsis,0.0124,0.8953,3,not_plant,1
inat_238463254_424537376,astrophytum,astrophytum,0.9626,0.9626,3,ok,0
inat_240492312_428464749,astrophytum,astrophytum,0.9327,0.9327,3,pending,0
inat_240492315_428467676,astrophytum,astrophytum,0.9073,0.9073,3,pending,0
inat_240505608_428494711,astrophytum,astrophytum,0.8199,0.8199,3,pending,0
inat_240626658_428655988,astrophytum,astrophytum,0.9349,0.9349,3,pending,0
inat_240626695_428710166,astrophytum,astrophytum,0.9208,0.9208,3,pending,0
inat_24306737_37586116,astrophytum,astrophytum,0.6684,0.6684,3,pending,0
inat_24571458_37997736,astrophytum,astrophytum,0.9044,0.9044,3,pending,0
inat_24736826_38254735,astrophytum,astrophytum,0.956,0.956,3,pending,0
inat_257650637_462228845,astrophytum,astrophytum,0.953,0.953,3,pending,0
inat_262385376_471388541,astrophytum,astrophytum,0.8653,0.8653,3,pending,0
inat_26671760_41429173,astrophytum,astrophytum,0.7964,0.7964,3,pending,0
inat_26884105_41770414,astrophytum,astrophytum,0.4407,0.4407,3,pending,1
inat_272510615_490244635,astrophytum,astrophytum,0.7971,0.7971,3,not_potted,0
inat_274716508_493805430,astrophytum,astrophytum,0.8271,0.8271,3,pending,0
inat_276065967_495861825,astrophytum,astrophytum,0.9082,0.9082,3,pending,0
inat_276222594_496098130,astrophytum,astrophytum,0.8993,0.8993,3,pending,0
inat_277166167_497691672,astrophytum,astrophytum,0.8658,0.8658,3,pending,0
inat_277728868_498671703,astrophytum,astrophytum,0.8691,0.8691,3,pending,0
inat_277967254_499114666,astrophytum,astrophytum,0.875,0.875,3,pending,0
inat_278122081_499334793,astrophytum,astrophytum,0.6797,0.6797,3,not_potted,0
inat_282759225_508033222,astrophytum,astrophytum,0.6735,0.6735,3,pending,0
inat_284339997_510992262,astrophytum,astrophytum,0.9332,0.9332,3,pending,0
inat_2858312_3261592,astrophytum,astrophytum,0.9128,0.9128,3,pending,0
inat_28946744_45150678,astrophytum,astrophytum,0.9329,0.9329,3,pending,0
inat_292151651_525714085,astrophytum,astrophytum,0.7254,0.7254,3,pending,0
inat_292475497_526401226,astrophytum,astrophytum,0.8178,0.8178,3,pending,0
inat_292475655_526388031,astrophytum,astrophytum,0.9239,0.9239,3,pending,0
inat_294243781_529611125,astrophytum,astrophytum,0.9487,0.9487,3,pending,0
inat_300904919_542197927,astrophytum,astrophytum,0.8702,0.8702,3,pending,0
inat_303062801_546219899,astrophytum,astrophytum,0.8892,0.8892,3,pending,0
inat_309595560_558682854,astrophytum,astrophytum,0.9759,0.9759,3,pending,0
inat_311025903_561415074,astrophytum,astrophytum,0.9457,0.9457,3,pending,0
inat_315318454_569607304,astrophytum,astrophytum,0.8792,0.8792,3,pending,0
inat_315360203_569681157,astrophytum,astrophytum,0.9364,0.9364,3,pending,0
inat_316648093_576916803,astrophytum,astrophytum,0.9246,0.9246,3,pending,0
inat_316842212_572477952,astrophytum,astrophytum,0.9166,0.9166,3,pending,0
inat_317234243_573221537,astrophytum,astrophytum,0.824,0.824,3,pending,0
inat_318485683_575611786,astrophytum,astrophytum,0.87,0.87,3,pending,0
inat_318996513_576585248,astrophytum,astrophytum,0.931,0.931,3,pending,0
inat_319342992_577246575,astrophytum,astrophytum,0.9023,0.9023,3,pending,0
inat_320403948_579296878,astrophytum,astrophytum,0.909,0.909,3,pending,0
inat_323857467_586061483,astrophytum,astrophytum,0.8797,0.8797,3,pending,0
inat_329798712_597891954,astrophytum,astrophytum,0.9392,0.9392,3,pending,0
inat_334584393_607629662,astrophytum,astrophytum,0.9349,0.9349,3,not_potted,0
inat_335264435_609020229,astrophytum,astrophytum,0.8281,0.8281,3,pending,0
inat_339977572_618585477,astrophytum,astrophytum,0.5947,0.5947,3,pending,0
inat_340734459_620125772,astrophytum,echinopsis,0.2177,0.2959,3,ok,1
inat_341749036_622204746,astrophytum,astrophytum,0.8767,0.8767,3,pending,0
inat_341756153_622216891,astrophytum,astrophytum,0.7748,0.7748,3,not_potted,0
inat_34648368_54552724,astrophytum,parodia,0.1787,0.5996,3,pending,1
inat_353170307_644447631,astrophytum,astrophytum,0.9266,0.9266,3,pending,0
inat_36307824_57378058,astrophytum,astrophytum,0.7994,0.7994,3,pending,0
inat_368976103_673942942,astrophytum,astrophytum,0.8801,0.8801,3,pending,0
inat_369537180_675014601,astrophytum,astrophytum,0.9371,0.9371,3,pending,0
inat_37129485_58810033,astrophytum,astrophytum,0.9338,0.9338,3,pending,0
inat_37279965_59070440,astrophytum,astrophytum,0.4835,0.4835,3,pending,1
inat_372869680_681390950,astrophytum,astrophytum,0.8515,0.8515,3,pending,0
inat_384800875_704425870,astrophytum,astrophytum,0.8624,0.8624,3,pending,0
inat_386645219_707941143,astrophytum,astrophytum,0.903,0.903,3,pending,0
inat_387733761_710034476,astrophytum,astrophytum,0.8923,0.8923,3,pending,0
inat_387792688_710151473,astrophytum,astrophytum,0.9192,0.9192,3,pending,0
inat_388279547_711078202,astrophytum,astrophytum,0.8856,0.8856,3,pending,0
inat_390325819_715081101,astrophytum,astrophytum,0.9089,0.9089,3,pending,0
inat_394215622_722676037,astrophytum,astrophytum,0.8215,0.8215,3,ok,0
inat_43580221_69141893,astrophytum,astrophytum,0.9326,0.9326,3,pending,0
inat_45924100_72835291,astrophytum,astrophytum,0.8272,0.8272,3,pending,0
inat_4945328_6030179,astrophytum,astrophytum,0.9452,0.9452,3,pending,0
inat_51106879_81182655,astrophytum,astrophytum,0.7632,0.7632,3,pending,0
inat_59524153_95108239,astrophytum,astrophytum,0.7936,0.7936,3,pending,0
inat_5969982_7460393,astrophytum,astrophytum,0.7438,0.7438,3,pending,0
inat_64955709_104507945,astrophytum,astrophytum,0.9157,0.9157,3,pending,0
inat_72787985_118738848,astrophytum,astrophytum,0.9838,0.9838,3,pending,0
inat_72982985_119094341,astrophytum,astrophytum,0.9102,0.9102,3,pending,0
inat_73157206_119401878,astrophytum,astrophytum,0.8292,0.8292,3,pending,0
inat_75357726_123273042,astrophytum,parodia,0.2936,0.597,3,pending,1
inat_76094620_124500679,astrophytum,astrophytum,0.7267,0.7267,3,pending,0
inat_79742927_130637250,astrophytum,astrophytum,0.9407,0.9407,3,pending,0
inat_81921787_134403781,astrophytum,astrophytum,0.7777,0.7777,3,pending,0
inat_89895979_148500945,astrophytum,astrophytum,0.6656,0.6656,3,pending,0
inat_8995599_12124406,astrophytum,astrophytum,0.9545,0.9545,3,pending,0
inat_94080603_156021647,astrophytum,astrophytum,0.8888,0.8888,3,pending,0
inat_94616164_156973347,astrophytum,astrophytum,0.9031,0.9031,3,pending,0
inat_96554059_160426381,astrophytum,astrophytum,0.8972,0.8972,3,pending,0
inat_370034651_675968220,echinocactus,echinocactus,0.8785,0.8785,3,pending,0
inat_370962396_677745756,echinocactus,echinocactus,0.9106,0.9106,3,pending,0
inat_371038905_677893533,echinocactus,echinocactus,0.8931,0.8931,3,pending,0
inat_371041327_677898030,echinocactus,echinocactus,0.7715,0.7715,3,pending,0
inat_371797380_679329221,echinocactus,echinocactus,0.9177,0.9177,3,pending,0
inat_372217874_680150254,echinocactus,echinocactus,0.9263,0.9263,3,pending,0
inat_372348919_680391044,echinocactus,echinocactus,0.9091,0.9091,3,pending,0
inat_373390660_682381896,echinocactus,echinocactus,0.9404,0.9404,3,not_potted,0
inat_374098474_683737742,echinocactus,echinocactus,0.7826,0.7826,3,pending,0
inat_374159674_683860045,echinocactus,echinocactus,0.9296,0.9296,3,pending,0
inat_375318435_686106996,echinocactus,echinocactus,0.9302,0.9302,3,pending,0
inat_376468991_688336531,echinocactus,echinocactus,0.9143,0.9143,3,pending,0
inat_376612303_688611891,echinocactus,echinocactus,0.8888,0.8888,3,pending,0
inat_377185919_689717448,echinocactus,echinocactus,0.9509,0.9509,3,pending,0
inat_377365607_690072728,echinocactus,parodia,0.1707,0.4374,3,not_plant,1
inat_377377257_690094009,echinocactus,echinocactus,0.8609,0.8609,3,pending,0
inat_378359558_691986688,echinocactus,echinocactus,0.9192,0.9192,3,pending,0
inat_378375612_692015981,echinocactus,echinocactus,0.8056,0.8056,3,pending,0
inat_378721890_692683739,echinocactus,echinocactus,0.9631,0.9631,3,pending,0
inat_378987539_693202030,echinocactus,echinocactus,0.8754,0.8754,3,pending,0
inat_379745209_694663344,echinocactus,echinocactus,0.9127,0.9127,3,pending,0
inat_381534572_698126641,echinocactus,parodia,0.0283,0.917,3,ok,1
inat_381552476_698163895,echinocactus,echinocactus,0.9527,0.9527,3,pending,0
inat_382194378_699407931,echinocactus,echinocactus,0.6903,0.6903,3,pending,0
inat_382982086_701558825,echinocactus,echinocactus,0.7261,0.7261,3,pending,0
inat_382987154_700921456,echinocactus,echinocactus,0.8805,0.8805,3,pending,0
inat_383859827_702608711,echinocactus,echinocactus,0.7734,0.7734,3,pending,0
inat_384008621_702891420,echinocactus,echinocactus,0.9411,0.9411,3,pending,0
inat_384636519_704103352,echinocactus,echinocactus,0.9204,0.9204,3,pending,0
inat_384895639_704602257,echinocactus,echinocactus,0.9057,0.9057,3,pending,0
inat_385362005_705481200,echinocactus,mammillaria,0.3388,0.5207,3,not_potted,1
inat_385598247_705933934,echinocactus,echinocactus,0.8689,0.8689,3,pending,0
inat_385894031_706505805,echinocactus,echinocactus,0.8942,0.8942,3,pending,0
inat_386428683_707529481,echinocactus,echinocactus,0.9025,0.9025,3,pending,0
inat_386914750_708458039,echinocactus,echinocactus,0.8739,0.8739,3,pending,0
inat_387092329_708796594,echinocactus,echinocactus,0.8628,0.8628,3,pending,0
inat_387195391_708997460,echinocactus,echinocactus,0.9545,0.9545,3,pending,0
inat_387385869_709363950,echinocactus,echinocactus,0.9274,0.9274,3,pending,0
inat_387665886_709902842,echinocactus,echinocactus,0.9564,0.9564,3,pending,0
inat_387972107_710502203,echinocactus,echinocactus,0.9235,0.9235,3,pending,0
inat_388539620_711616301,echinocactus,echinocactus,0.9104,0.9104,3,pending,0
inat_388680007_711891862,echinocactus,echinocactus,0.845,0.845,3,pending,0
inat_388680008_711891868,echinocactus,echinocactus,0.9258,0.9258,3,pending,0
inat_389187474_712858639,echinocactus,echinocactus,0.7851,0.7851,3,not_potted,0
inat_389501849_713467969,echinocactus,echinocactus,0.8681,0.8681,3,pending,0
inat_389796463_714039075,echinocactus,echinocactus,0.861,0.861,3,pending,0
inat_390226067_714887895,echinocactus,echinocactus,0.9,0.9,3,pending,0
inat_390745785_715903056,echinocactus,echinocactus,0.9117,0.9117,3,pending,0
inat_390758838_715929873,echinocactus,echinocactus,0.8748,0.8748,3,pending,0
inat_390822034_716051643,echinocactus,echinocactus,0.8867,0.8867,3,pending,0
inat_391257019_716897450,echinocactus,echinocactus,0.8684,0.8684,3,pending,0
inat_391811506_717969226,echinocactus,astrophytum,0.0432,0.7614,3,pending,1
inat_392164356_719655070,echinocactus,echinocactus,0.8044,0.8044,3,pending,0
inat_392185512_718696618,echinocactus,echinocactus,0.8167,0.8167,3,pending,0
inat_392315834_718954577,echinocactus,echinocactus,0.9065,0.9065,3,pending,0
inat_392460556_719238528,echinocactus,echinocactus,0.8231,0.8231,3,pending,0
inat_392460602_719237935,echinocactus,echinocactus,0.8641,0.8641,3,pending,0
inat_392914336_720124124,echinocactus,echinocactus,0.9122,0.9122,3,pending,0
inat_393125270_720539262,echinocactus,echinocactus,0.8853,0.8853,3,pending,0
inat_394407678_723055750,echinocactus,echinocactus,0.5919,0.5919,3,pending,0
inat_394522004_723273846,echinocactus,echinocactus,0.4793,0.4793,3,pending,1
inat_394549075_724285358,echinocactus,echinocactus,0.8083,0.8083,3,not_potted,0
inat_395734244_725645985,echinocactus,echinocactus,0.8813,0.8813,3,pending,0
inat_395962363_726091096,echinocactus,echinocactus,0.8739,0.8739,3,not_potted,0
inat_396020902_726210706,echinocactus,echinocactus,0.8818,0.8818,3,pending,0
inat_396155767_726476416,echinocactus,echinocactus,0.9369,0.9369,3,pending,0
inat_396570859_727269981,echinocactus,echinocactus,0.9389,0.9389,3,pending,0
inat_396969627_728028535,echinocactus,echinocactus,0.9001,0.9001,3,pending,0
inat_396997378_728087503,echinocactus,echinocactus,0.6275,0.6275,3,pending,0
inat_397787840_729624932,echinocactus,parodia,0.2055,0.5579,3,pending,1
inat_397922179_729891244,echinocactus,echinocactus,0.8398,0.8398,3,pending,0
inat_398093450_730232802,echinocactus,echinocactus,0.9214,0.9214,3,pending,0
inat_398153372_730344980,echinocactus,echinocactus,0.8775,0.8775,3,pending,0
inat_398376019_730790511,echinocactus,echinocactus,0.7108,0.7108,3,pending,0
inat_398436687_731477778,echinocactus,echinocactus,0.9407,0.9407,3,pending,0
inat_399076478_732144621,echinocactus,echinocactus,0.9168,0.9168,3,pending,0
inat_399253766_732487157,echinocactus,echinocactus,0.8077,0.8077,3,pending,0
inat_399763190_733479595,echinocactus,echinocactus,0.9244,0.9244,3,pending,0
inat_400374724_734706531,echinocactus,echinocactus,0.9527,0.9527,3,pending,0
inat_400809593_735575353,echinocactus,echinocactus,0.7569,0.7569,3,pending,0
inat_114516249_193350394,echinopsis,echinopsis,0.8731,0.8731,3,pending,0
inat_114691924_193647435,echinopsis,echinopsis,0.815,0.815,3,pending,0
inat_115756047_195370231,echinopsis,echinopsis,0.7932,0.7932,3,pending,0
inat_119122658_201337231,echinopsis,echinopsis,0.4298,0.4298,3,pending,1
inat_131765219_224282570,echinopsis,echinopsis,0.8688,0.8688,3,pending,0
inat_134531670_229327523,echinopsis,echinopsis,0.9434,0.9434,3,pending,0
inat_137981330_235753233,echinopsis,echinopsis,0.7878,0.7878,3,pending,0
inat_142602353_244509311,echinopsis,echinopsis,0.8916,0.8916,3,pending,0
inat_149906572_258389981,echinopsis,echinopsis,0.5893,0.5893,3,pending,0
inat_150056050_258673063,echinopsis,echinopsis,0.9599,0.9599,3,pending,0
inat_152076295_262483296,echinopsis,echinopsis,0.8665,0.8665,3,pending,0
inat_154914211_267722291,echinopsis,echinopsis,0.9286,0.9286,3,pending,0
inat_159545035_275657469,echinopsis,echinopsis,0.8372,0.8372,3,pending,0
inat_161604234_279344821,echinopsis,echinopsis,0.9338,0.9338,3,pending,0
inat_162310911_280641648,echinopsis,echinopsis,0.7475,0.7475,3,pending,0
inat_167663474_290516190,echinopsis,echinopsis,0.8984,0.8984,3,pending,0
inat_176203637_306310917,echinopsis,echinopsis,0.8904,0.8904,3,pending,0
inat_182810501_318814069,echinopsis,echinopsis,0.7996,0.7996,3,pending,0
inat_183860107_320832677,echinopsis,echinopsis,0.7724,0.7724,3,pending,0
inat_193719928_340322845,echinopsis,echinopsis,0.6527,0.6527,3,pending,0
inat_193800349_340493335,echinopsis,echinopsis,0.8512,0.8512,3,pending,0
inat_204826947_362082968,echinopsis,echinopsis,0.9126,0.9126,3,pending,0
inat_206904222_381857490,echinopsis,echinopsis,0.9557,0.9557,3,pending,0
inat_210633381_372537832,echinopsis,echinopsis,0.8603,0.8603,3,pending,0
inat_212965403_376349653,echinopsis,echinopsis,0.8174,0.8174,3,pending,0
inat_213255919_376873111,echinopsis,echinopsis,0.9172,0.9172,3,pending,0
inat_215878965_381729279,echinopsis,echinopsis,0.8375,0.8375,3,pending,0
inat_217114169_384047825,echinopsis,echinopsis,0.9072,0.9072,3,pending,0
inat_225686158_400167070,echinopsis,echinopsis,0.9411,0.9411,3,pending,0
inat_240189910_427885007,echinopsis,echinopsis,0.9315,0.9315,3,pending,0
inat_243045455_433344336,echinopsis,echinopsis,0.936,0.936,3,pending,0
inat_250595155_448212124,echinopsis,echinopsis,0.926,0.926,3,pending,0
inat_252269997_451563902,echinopsis,echinopsis,0.8904,0.8904,3,pending,0
inat_253521621_453958351,echinopsis,echinopsis,0.6021,0.6021,3,pending,0
inat_254211017_455289622,echinopsis,echinopsis,0.9087,0.9087,3,pending,0
inat_259034994_464899016,echinopsis,echinopsis,0.4427,0.4427,3,blurry,1
inat_260165846_467164834,echinopsis,gymnocalycium,0.3168,0.3298,3,pending,1
inat_260263896_467362073,echinopsis,echinopsis,0.9294,0.9294,3,pending,0
inat_268107116_481883553,echinopsis,echinopsis,0.9406,0.9406,3,pending,0
inat_268112436_481893570,echinopsis,echinopsis,0.9402,0.9402,3,pending,0
inat_269742702_485038853,echinopsis,mammillaria,0.2944,0.3233,3,pending,1
inat_269896295_485328372,echinopsis,echinopsis,0.9069,0.9069,3,pending,0
inat_271106150_487627318,echinopsis,echinopsis,0.6738,0.6738,3,pending,0
inat_273100492_491261049,echinopsis,echinopsis,0.7882,0.7882,3,pending,0
inat_273389692_491711445,echinopsis,echinopsis,0.9641,0.9641,3,pending,0
inat_275208396_494580826,echinopsis,gymnocalycium,0.3745,0.4019,3,ok,1
inat_275331833_494784747,echinopsis,astrophytum,0.2883,0.5296,3,not_potted,1
inat_275439709_494952380,echinopsis,echinopsis,0.9322,0.9322,3,pending,0
inat_275473317_494994557,echinopsis,echinopsis,0.877,0.877,3,pending,0
inat_275915847_495633181,echinopsis,echinopsis,0.9345,0.9345,3,pending,0
inat_276010852_495782336,echinopsis,echinopsis,0.9172,0.9172,3,pending,0
inat_276338011_496280595,echinopsis,echinopsis,0.7831,0.7831,3,not_potted,0
inat_276436067_496429647,echinopsis,echinopsis,0.9017,0.9017,3,pending,0
inat_277288623_497910500,echinopsis,echinopsis,0.8917,0.8917,3,pending,0
inat_278302738_499714987,echinopsis,echinopsis,0.8564,0.8564,3,pending,0
inat_278322897_499751247,echinopsis,echinopsis,0.8496,0.8496,3,pending,0
inat_279052756_501081199,echinopsis,echinopsis,0.9235,0.9235,3,pending,0
inat_279094098_501157676,echinopsis,echinopsis,0.8493,0.8493,3,pending,0
inat_279458931_501833557,echinopsis,echinopsis,0.7653,0.7653,3,pending,0
inat_280408824_503547987,echinopsis,echinopsis,0.913,0.913,3,pending,0
inat_280890881_504534701,echinopsis,echinopsis,0.9516,0.9516,3,pending,0
inat_280891699_504536567,echinopsis,echinopsis,0.891,0.891,3,pending,0
inat_284895775_512045915,echinopsis,echinopsis,0.9366,0.9366,3,pending,0
inat_285721576_513580156,echinopsis,gymnocalycium,0.038,0.4576,3,pending,1
inat_286127637_514348083,echinopsis,echinopsis,0.9233,0.9233,3,pending,0
inat_287162318_516314176,echinopsis,echinopsis,0.5646,0.5646,3,pending,0
inat_289233048_520206192,echinopsis,echinopsis,0.9034,0.9034,3,pending,0
inat_289252349_520244082,echinopsis,echinopsis,0.7983,0.7983,3,pending,0
inat_289495679_520701193,echinopsis,echinopsis,0.8781,0.8781,3,pending,0
inat_290835013_523229302,echinopsis,echinopsis,0.8867,0.8867,3,pending,0
inat_291133712_523792325,echinopsis,echinopsis,0.9575,0.9575,3,pending,0
inat_293437069_528145096,echinopsis,echinopsis,0.8001,0.8001,3,pending,0
inat_293900799_528959014,echinopsis,echinopsis,0.8643,0.8643,3,pending,0
inat_294672282_530407264,echinopsis,echinopsis,0.915,0.915,3,pending,0
inat_294700079_530463382,echinopsis,echinopsis,0.6348,0.6348,3,pending,0
inat_296395812_533693873,echinopsis,echinopsis,0.7804,0.7804,3,pending,0
inat_296727945_534327137,echinopsis,echinopsis,0.8926,0.8926,3,pending,0
inat_297087471_535007239,echinopsis,echinopsis,0.9137,0.9137,3,pending,0
inat_297168830_535163530,echinopsis,echinopsis,0.6286,0.6286,3,pending,0
inat_297190882_535205324,echinopsis,echinopsis,0.8033,0.8033,3,pending,0
inat_297328281_535462544,echinopsis,echinopsis,0.8341,0.8341,3,pending,0
inat_298698071_538066018,echinopsis,echinopsis,0.9784,0.9784,3,pending,0
inat_299606819_539770936,echinopsis,echinopsis,0.9183,0.9183,3,pending,0
inat_301461557_543234338,echinopsis,echinopsis,0.916,0.916,3,pending,0
inat_302236191_544680140,echinopsis,echinopsis,0.8542,0.8542,3,pending,0
inat_306865328_553431317,echinopsis,echinopsis,0.8884,0.8884,3,pending,0
inat_307240213_554151378,echinopsis,echinopsis,0.9297,0.9297,3,pending,0
inat_307991016_555605984,echinopsis,echinopsis,0.888,0.888,3,pending,0
inat_310903369_561172396,echinopsis,echinopsis,0.8832,0.8832,3,pending,0
inat_311337344_562014365,echinopsis,echinopsis,0.9776,0.9776,3,pending,0
inat_313159700_565491998,echinopsis,opuntia,0.0641,0.8607,3,pending,1
inat_314575303_568179780,echinopsis,echinopsis,0.8326,0.8326,3,pending,0
inat_315439048_569833491,echinopsis,echinopsis,0.9355,0.9355,3,pending,0
inat_316144359_571163469,echinopsis,echinopsis,0.917,0.917,3,pending,0
inat_316417161_571916556,echinopsis,echinopsis,0.9049,0.9049,3,pending,0
inat_317961786_574609153,echinopsis,echinopsis,0.9067,0.9067,3,pending,0
inat_318157025_574986197,echinopsis,echinopsis,0.9621,0.9621,3,pending,0
inat_318529848_575698341,echinopsis,echinopsis,0.8669,0.8669,3,pending,0
inat_318549541_575736791,echinopsis,echinopsis,0.8431,0.8431,3,pending,0
inat_319256830_577085716,echinopsis,echinopsis,0.8714,0.8714,3,pending,0
inat_319262961_577097654,echinopsis,echinopsis,0.9219,0.9219,3,pending,0
inat_319278689_577128694,echinopsis,echinopsis,0.8487,0.8487,3,pending,0
inat_319278981_577129106,echinopsis,echinopsis,0.7036,0.7036,3,pending,0
inat_319681012_577898778,echinopsis,echinopsis,0.4364,0.4364,3,pending,1
inat_320424534_579337036,echinopsis,echinopsis,0.8496,0.8496,3,pending,0
inat_321086792_580635188,echinopsis,echinopsis,0.9301,0.9301,3,pending,0
inat_321143333_580746695,echinopsis,echinopsis,0.7946,0.7946,3,pending,0
inat_323039495_584481850,echinopsis,echinopsis,0.8858,0.8858,3,pending,0
inat_323482564_585324395,echinopsis,echinopsis,0.8707,0.8707,3,pending,0
inat_323955087_586258900,echinopsis,echinopsis,0.9356,0.9356,3,pending,0
inat_323956063_586260377,echinopsis,echinopsis,0.9493,0.9493,3,pending,0
inat_323963598_586273670,echinopsis,echinopsis,0.918,0.918,3,pending,0
inat_324725063_587800588,echinopsis,echinopsis,0.951,0.951,3,pending,0
inat_325168299_588686249,echinopsis,echinopsis,0.9457,0.9457,3,pending,0
inat_327872733_594051852,echinopsis,echinopsis,0.8324,0.8324,3,pending,0
inat_327874131_594053879,echinopsis,echinopsis,0.7115,0.7115,3,pending,0
inat_327874333_594053993,echinopsis,echinopsis,0.941,0.941,3,pending,0
inat_329893300_598082057,echinopsis,echinopsis,0.8081,0.8081,3,pending,0
inat_330098136_598502955,echinopsis,echinopsis,0.7741,0.7741,3,pending,0
inat_330867396_600078703,echinopsis,echinopsis,0.9426,0.9426,3,pending,0
inat_330896578_600141334,echinopsis,echinopsis,0.8614,0.8614,3,pending,0
inat_333714759_605864482,echinopsis,echinopsis,0.8774,0.8774,3,pending,0
inat_334609883_607690566,echinopsis,mammillaria,0.0515,0.8135,3,pending,1
inat_336821244_612159457,echinopsis,astrophytum,0.2627,0.3926,3,not_potted,1
inat_336821466_612159745,echinopsis,echinopsis,0.824,0.824,3,pending,0
inat_339371994_617352971,echinopsis,echinopsis,0.441,0.441,3,pending,1
inat_339406803_617425683,echinopsis,echinopsis,0.9318,0.9318,3,pending,0
inat_339504953_617622507,echinopsis,echinopsis,0.9413,0.9413,3,pending,0
inat_339883151_618395054,echinopsis,echinopsis,0.2638,0.2638,3,blurry,1
inat_342860453_624435484,echinopsis,echinopsis,0.807,0.807,3,pending,0
inat_343355605_625435928,echinopsis,echinopsis,0.9354,0.9354,3,not_plant,0
inat_344254929_627220667,echinopsis,echinopsis,0.8394,0.8394,3,pending,0
inat_344799487_628280448,echinopsis,echinopsis,0.8966,0.8966,3,pending,0
inat_346445634_631519228,echinopsis,echinopsis,0.7289,0.7289,3,pending,0
inat_346898655_632413160,echinopsis,echinopsis,0.8375,0.8375,3,pending,0
inat_349859049_638266095,echinopsis,echinopsis,0.8182,0.8182,3,pending,0
inat_352377627_643149864,echinopsis,echinopsis,0.9088,0.9088,3,pending,0
inat_354840185_647264745,echinopsis,echinopsis,0.9057,0.9057,3,pending,0
inat_355173481_647826782,echinopsis,echinopsis,0.6351,0.6351,3,pending,0
inat_355370565_648124637,echinopsis,echinopsis,0.8913,0.8913,3,pending,0
inat_355481919_648299083,echinopsis,echinopsis,0.9332,0.9332,3,pending,0
inat_355563276_648432408,echinopsis,echinopsis,0.8877,0.8877,3,ok,0
inat_356444081_650027060,echinopsis,echinopsis,0.9352,0.9352,3,pending,0
inat_356495690_650119446,echinopsis,echinopsis,0.8758,0.8758,3,pending,0
inat_356646956_650405704,echinopsis,echinopsis,0.9506,0.9506,3,pending,0
inat_357747938_652535753,echinopsis,echinopsis,0.4257,0.4257,3,pending,1
inat_358862193_654703351,echinopsis,echinopsis,0.8482,0.8482,3,pending,0
inat_359949291_656774861,echinopsis,echinopsis,0.7201,0.7201,3,pending,0
inat_360418049_657659719,echinopsis,echinopsis,0.6665,0.6665,3,ok,0
inat_362778003_662153883,echinopsis,echinopsis,0.7566,0.7566,3,pending,0
inat_364971635_666315106,echinopsis,echinopsis,0.9145,0.9145,3,pending,0
inat_366195078_668644492,echinopsis,echinopsis,0.8407,0.8407,3,not_potted,0
inat_366642241_669495842,echinopsis,echinopsis,0.8406,0.8406,3,pending,0
inat_367563400_671256902,echinopsis,echinopsis,0.9305,0.9305,3,pending,0
inat_375121023_685721965,echinopsis,echinopsis,0.9087,0.9087,3,ok,0
inat_379079990_693379338,echinopsis,echinopsis,0.695,0.695,3,pending,0
inat_379229703_693665011,echinopsis,echinopsis,0.8571,0.8571,3,pending,0
inat_386159162_707017644,echinopsis,echinopsis,0.9505,0.9505,3,pending,0
inat_387067402_708747618,echinopsis,echinopsis,0.9455,0.9455,3,pending,0
inat_388318026_711181663,echinopsis,echinopsis,0.8782,0.8782,3,pending,0
inat_388375420_711297122,echinopsis,echinopsis,0.9249,0.9249,3,pending,0
inat_389476171_713417666,echinopsis,echinopsis,0.9065,0.9065,3,ok,0
inat_390800075_716008017,echinopsis,echinopsis,0.9158,0.9158,3,pending,0
inat_391840122_718026056,echinopsis,echinopsis,0.8139,0.8139,3,pending,0
inat_393267182_720811118,echinopsis,echinopsis,0.8122,0.8122,3,pending,0
inat_394330301_722905229,echinopsis,echinopsis,0.8777,0.8777,3,pending,0
inat_394641430_723511713,echinopsis,echinopsis,0.9137,0.9137,3,pending,0
inat_399985386_733910205,echinopsis,echinopsis,0.9312,0.9312,3,pending,0
inat_400226721_734398630,echinopsis,echinopsis,0.8938,0.8938,3,pending,0
inat_400861770_735680218,echinopsis,echinopsis,0.8921,0.8921,3,pending,0
inat_65405158_105265476,echinopsis,echinopsis,0.8464,0.8464,3,pending,0
inat_81873081_134317776,echinopsis,echinopsis,0.6375,0.6375,3,pending,0
inat_213970521_378160330,gymnocalycium,echinopsis,0.1139,0.4577,3,pending,1
inat_214385910_378936623,gymnocalycium,gymnocalycium,0.5235,0.5235,3,pending,0
inat_215474292_380962248,gymnocalycium,gymnocalycium,0.8912,0.8912,3,not_plant,0
inat_216393376_382697491,gymnocalycium,gymnocalycium,0.9248,0.9248,3,pending,0
inat_216830079_383439644,gymnocalycium,gymnocalycium,0.8855,0.8855,3,pending,0
inat_217357785_384512468,gymnocalycium,gymnocalycium,0.9074,0.9074,3,pending,0
inat_218881370_387368887,gymnocalycium,gymnocalycium,0.9661,0.9661,3,pending,0
inat_219194838_387950828,gymnocalycium,gymnocalycium,0.9234,0.9234,3,pending,0
inat_220201917_389842602,gymnocalycium,gymnocalycium,0.8285,0.8285,3,ok,0
inat_220572229_390534107,gymnocalycium,gymnocalycium,0.7341,0.7341,3,pending,0
inat_220832752_391023622,gymnocalycium,gymnocalycium,0.6146,0.6146,3,pending,0
inat_224873749_398616320,gymnocalycium,gymnocalycium,0.8664,0.8664,3,pending,0
inat_225370765_399562596,gymnocalycium,gymnocalycium,0.6936,0.6936,3,pending,0
inat_240505611_428495130,gymnocalycium,gymnocalycium,0.9072,0.9072,3,pending,0
inat_240626664_428696572,gymnocalycium,gymnocalycium,0.5273,0.5273,3,wrong_label,0
inat_240626673_428698091,gymnocalycium,gymnocalycium,0.8959,0.8959,3,pending,0
inat_240626681_428699384,gymnocalycium,gymnocalycium,0.9491,0.9491,3,pending,0
inat_244006729_435185777,gymnocalycium,gymnocalycium,0.808,0.808,3,ok,0
inat_244044078_435261633,gymnocalycium,astrophytum,0.317,0.4078,3,pending,1
inat_251977103_450973716,gymnocalycium,gymnocalycium,0.7818,0.7818,3,pending,0
inat_254314092_455497088,gymnocalycium,gymnocalycium,0.8917,0.8917,3,pending,0
inat_255112534_457108371,gymnocalycium,gymnocalycium,0.8786,0.8786,3,pending,0
inat_255771414_458437127,gymnocalycium,gymnocalycium,0.9676,0.9676,3,pending,0
inat_256636350_460185865,gymnocalycium,gymnocalycium,0.9022,0.9022,3,pending,0
inat_260565834_476119514,gymnocalycium,gymnocalycium,0.8266,0.8266,3,pending,0
inat_261868845_470550684,gymnocalycium,gymnocalycium,0.9619,0.9619,3,pending,0
inat_263596155_473574197,gymnocalycium,gymnocalycium,0.8036,0.8036,3,pending,0
inat_266859370_479500675,gymnocalycium,gymnocalycium,0.7404,0.7404,3,pending,0
inat_270623224_486715324,gymnocalycium,gymnocalycium,0.9171,0.9171,3,pending,0
inat_270676989_486815283,gymnocalycium,gymnocalycium,0.8088,0.8088,3,not_potted,0
inat_271218642_487844256,gymnocalycium,gymnocalycium,0.8498,0.8498,3,pending,0
inat_271277884_487952534,gymnocalycium,gymnocalycium,0.8855,0.8855,3,pending,0
inat_273967464_492612820,gymnocalycium,echinopsis,0.2074,0.7209,3,not_potted,1
inat_275198615_494563863,gymnocalycium,echinopsis,0.2292,0.2687,3,ok,1
inat_275528824_495078836,gymnocalycium,gymnocalycium,0.8816,0.8816,3,pending,0
inat_275656783_495260540,gymnocalycium,gymnocalycium,0.6726,0.6726,3,pending,0
inat_278298641_499707337,gymnocalycium,gymnocalycium,0.7268,0.7268,3,not_potted,0
inat_279098417_501165739,gymnocalycium,gymnocalycium,0.7739,0.7739,3,pending,0
inat_281148811_505019328,gymnocalycium,gymnocalycium,0.9109,0.9109,3,pending,0
inat_281752542_506159535,gymnocalycium,gymnocalycium,0.8962,0.8962,3,pending,0
inat_283493091_509400365,gymnocalycium,mammillaria,0.3042,0.3933,3,pending,1
inat_284606429_511502175,gymnocalycium,echinopsis,0.3629,0.5317,3,pending,1
inat_286811958_515655742,gymnocalycium,gymnocalycium,0.8289,0.8289,3,ok,0
inat_297727778_536205981,gymnocalycium,gymnocalycium,0.9301,0.9301,3,pending,0
inat_299246553_539111697,gymnocalycium,gymnocalycium,0.8823,0.8823,3,pending,0
inat_309611261_558714098,gymnocalycium,gymnocalycium,0.8087,0.8087,3,pending,0
inat_312581700_564384218,gymnocalycium,gymnocalycium,0.9191,0.9191,3,pending,0
inat_312887547_564975529,gymnocalycium,gymnocalycium,0.8982,0.8982,3,pending,0
inat_324212003_586767940,gymnocalycium,gymnocalycium,0.9062,0.9062,3,pending,0
inat_325192881_588736675,gymnocalycium,mammillaria,0.0798,0.7096,3,pending,1
inat_327515133_593366075,gymnocalycium,gymnocalycium,0.5108,0.5108,3,pending,0
inat_330403318_599125922,gymnocalycium,gymnocalycium,0.9343,0.9343,3,pending,0
inat_331874659_602154132,gymnocalycium,gymnocalycium,0.894,0.894,3,pending,0
inat_338530628_615669735,gymnocalycium,gymnocalycium,0.711,0.711,3,pending,0
inat_339406021_617424235,gymnocalycium,gymnocalycium,0.889,0.889,3,ok,0
inat_341468512_621634852,gymnocalycium,gymnocalycium,0.8542,0.8542,3,pending,0
inat_344494798_627695005,gymnocalycium,gymnocalycium,0.8957,0.8957,3,pending,0
inat_346165769_630964649,gymnocalycium,gymnocalycium,0.9189,0.9189,3,pending,0
inat_349640918_637843646,gymnocalycium,gymnocalycium,0.8636,0.8636,3,pending,0
inat_352404202_643201391,gymnocalycium,gymnocalycium,0.9026,0.9026,3,pending,0
inat_357663075_665755014,gymnocalycium,gymnocalycium,0.841,0.841,3,pending,0
inat_365066341_666494036,gymnocalycium,gymnocalycium,0.583,0.583,3,pending,0
inat_365860384_668003072,gymnocalycium,gymnocalycium,0.9008,0.9008,3,pending,0
inat_370416116_676682363,gymnocalycium,gymnocalycium,0.9409,0.9409,3,pending,0
inat_371476787_678720422,gymnocalycium,gymnocalycium,0.5814,0.5814,3,pending,0
inat_373589370_682765334,gymnocalycium,gymnocalycium,0.9239,0.9239,3,pending,0
inat_375120372_685720630,gymnocalycium,gymnocalycium,0.9657,0.9657,3,pending,0
inat_377870229_691045259,gymnocalycium,gymnocalycium,0.4944,0.4944,3,pending,1
inat_377887420_691079443,gymnocalycium,gymnocalycium,0.9472,0.9472,3,pending,0
inat_387792489_710151170,gymnocalycium,gymnocalycium,0.8015,0.8015,3,pending,0
inat_387881756_710324551,gymnocalycium,echinopsis,0.4011,0.417,3,not_plant,1
inat_388576356_711682499,gymnocalycium,gymnocalycium,0.8432,0.8432,3,pending,0
inat_388576361_711683925,gymnocalycium,gymnocalycium,0.8211,0.8211,3,pending,0
inat_388576368_711684576,gymnocalycium,gymnocalycium,0.9541,0.9541,3,pending,0
inat_390694395_715800002,gymnocalycium,gymnocalycium,0.8384,0.8384,3,pending,0
inat_392777989_719855457,gymnocalycium,gymnocalycium,0.601,0.601,3,pending,0
inat_393153711_720593725,gymnocalycium,mammillaria,0.0695,0.4004,3,blurry,1
inat_393374712_721026834,gymnocalycium,gymnocalycium,0.8579,0.8579,3,pending,0
inat_394690800_723609368,gymnocalycium,gymnocalycium,0.9383,0.9383,3,pending,0
inat_399179728_732345178,gymnocalycium,astrophytum,0.2412,0.6675,3,pending,1
inat_105385019_176809273,mammillaria,mammillaria,0.9223,0.9223,3,pending,0
inat_105420672_176876829,mammillaria,mammillaria,0.905,0.905,3,pending,0
inat_107386767_180601006,mammillaria,mammillaria,0.9123,0.9123,3,pending,0
inat_108958635_183551829,mammillaria,mammillaria,0.9294,0.9294,3,pending,0
inat_128655222_218550487,mammillaria,mammillaria,0.9157,0.9157,3,pending,0
inat_141347289_242120228,mammillaria,mammillaria,0.9029,0.9029,3,pending,0
inat_141713421_242839729,mammillaria,mammillaria,0.8681,0.8681,3,pending,0
inat_142841057_244959810,mammillaria,mammillaria,0.6407,0.6407,3,pending,0
inat_143605623_246310739,mammillaria,mammillaria,0.8779,0.8779,3,pending,0
inat_144872809_248745093,mammillaria,mammillaria,0.9261,0.9261,3,pending,0
inat_145443131_249821144,mammillaria,mammillaria,0.9321,0.9321,3,pending,0
inat_147266603_253376781,mammillaria,mammillaria,0.8726,0.8726,3,pending,0
inat_147976112_254729281,mammillaria,mammillaria,0.924,0.924,3,pending,0
inat_152036937_262411421,mammillaria,mammillaria,0.8886,0.8886,3,pending,0
inat_153072061_264331324,mammillaria,mammillaria,0.9413,0.9413,3,pending,0
inat_156502530_270627372,mammillaria,mammillaria,0.9073,0.9073,3,pending,0
inat_157086078_271657497,mammillaria,mammillaria,0.8611,0.8611,3,pending,0
inat_158130681_273324385,mammillaria,mammillaria,0.8763,0.8763,3,pending,0
inat_160014802_276492588,mammillaria,mammillaria,0.926,0.926,3,pending,0
inat_174033344_302297684,mammillaria,mammillaria,0.9617,0.9617,3,pending,0
inat_177394064_308521885,mammillaria,mammillaria,0.8602,0.8602,3,pending,0
inat_179170954_311892716,mammillaria,mammillaria,0.913,0.913,3,pending,0
inat_181753313_316766790,mammillaria,mammillaria,0.9183,0.9183,3,pending,0
inat_184157690_321379742,mammillaria,gymnocalycium,0.3488,0.5711,3,pending,1
inat_186737276_326402270,mammillaria,mammillaria,0.917,0.917,3,pending,0
inat_186767364_326461024,mammillaria,mammillaria,0.8588,0.8588,3,pending,0
inat_188775946_330506349,mammillaria,mammillaria,0.915,0.915,3,pending,0
inat_192129407_337213299,mammillaria,mammillaria,0.8014,0.8014,3,pending,0
inat_193081562_339109971,mammillaria,mammillaria,0.9289,0.9289,3,pending,0
inat_195648357_344251384,mammillaria,mammillaria,0.9271,0.9271,3,pending,0
inat_196147124_345252825,mammillaria,mammillaria,0.8968,0.8968,3,pending,0
inat_196600641_346081209,mammillaria,gymnocalycium,0.3076,0.4632,3,pending,1
inat_200988587_354714363,mammillaria,mammillaria,0.8972,0.8972,3,pending,0
inat_203531719_359618152,mammillaria,mammillaria,0.8625,0.8625,3,pending,0
inat_207637498_367293843,mammillaria,mammillaria,0.7504,0.7504,3,pending,0
inat_208122724_368201341,mammillaria,mammillaria,0.9298,0.9298,3,pending,0
inat_208474566_368857750,mammillaria,mammillaria,0.8954,0.8954,3,pending,0
inat_210090531_371663808,mammillaria,mammillaria,0.8933,0.8933,3,pending,0
inat_210465235_372254021,mammillaria,mammillaria,0.9165,0.9165,3,pending,0
inat_211199347_373434048,mammillaria,mammillaria,0.9328,0.9328,3,pending,0
inat_211288536_373581266,mammillaria,mammillaria,0.7442,0.7442,3,pending,0
inat_211505285_373922952,mammillaria,mammillaria,0.9288,0.9288,3,pending,0
inat_211917744_374531535,mammillaria,mammillaria,0.9117,0.9117,3,pending,0
inat_211917768_374531641,mammillaria,mammillaria,0.9235,0.9235,3,pending,0
inat_212067020_374780527,mammillaria,mammillaria,0.9004,0.9004,3,pending,0
inat_212161944_374940442,mammillaria,mammillaria,0.9214,0.9214,3,pending,0
inat_212619314_375737130,mammillaria,mammillaria,0.956,0.956,3,pending,0
inat_216086756_382123654,mammillaria,mammillaria,0.8129,0.8129,3,pending,0
inat_216127779_382198700,mammillaria,mammillaria,0.9082,0.9082,3,pending,0
inat_221224442_391760311,mammillaria,mammillaria,0.8634,0.8634,3,pending,0
inat_226529147_401762855,mammillaria,mammillaria,0.9563,0.9563,3,pending,0
inat_226799315_402273350,mammillaria,mammillaria,0.8985,0.8985,3,pending,0
inat_228684486_405820311,mammillaria,mammillaria,0.9055,0.9055,3,pending,0
inat_230930195_410091873,mammillaria,mammillaria,0.9292,0.9292,3,pending,0
inat_232297271_412681540,mammillaria,mammillaria,0.899,0.899,3,pending,0
inat_239312781_426196893,mammillaria,mammillaria,0.8922,0.8922,3,pending,0
inat_240912226_429286406,mammillaria,mammillaria,0.8653,0.8653,3,pending,0
inat_247296679_441649983,mammillaria,mammillaria,0.9571,0.9571,3,pending,0
inat_255198762_457287384,mammillaria,mammillaria,0.903,0.903,3,pending,0
inat_255638157_458165145,mammillaria,mammillaria,0.6121,0.6121,3,pending,0
inat_255818420_458531135,mammillaria,mammillaria,0.8985,0.8985,3,pending,0
inat_257427437_461791373,mammillaria,mammillaria,0.9201,0.9201,3,pending,0
inat_263968269_474307009,mammillaria,mammillaria,0.9188,0.9188,3,pending,0
inat_265070606_476058319,mammillaria,mammillaria,0.9386,0.9386,3,pending,0
inat_267396037_480526198,mammillaria,mammillaria,0.9309,0.9309,3,pending,0
inat_268112397_481893541,mammillaria,mammillaria,0.938,0.938,3,pending,0
inat_268921393_483448284,mammillaria,mammillaria,0.9432,0.9432,3,pending,0
inat_270182507_485871391,mammillaria,mammillaria,0.858,0.858,3,pending,0
inat_270628951_486727103,mammillaria,mammillaria,0.6321,0.6321,3,pending,0
inat_270674516_486810741,mammillaria,mammillaria,0.766,0.766,3,pending,0
inat_271472052_488319448,mammillaria,mammillaria,0.8977,0.8977,3,pending,0
inat_272300521_489880336,mammillaria,mammillaria,0.829,0.829,3,pending,0
inat_273012021_491130197,mammillaria,mammillaria,0.9102,0.9102,3,pending,0
inat_273193517_491400680,mammillaria,mammillaria,0.9203,0.9203,3,pending,0
inat_274046095_492739385,mammillaria,mammillaria,0.9169,0.9169,3,pending,0
inat_274175362_492947486,mammillaria,mammillaria,0.7991,0.7991,3,pending,0
inat_274584490_493603817,mammillaria,mammillaria,0.9124,0.9124,3,pending,0
inat_275331121_494783701,mammillaria,mammillaria,0.9482,0.9482,3,pending,0
inat_275975619_495722355,mammillaria,mammillaria,0.8696,0.8696,3,pending,0
inat_276440452_496437269,mammillaria,mammillaria,0.9106,0.9106,3,pending,0
inat_278137993_499412771,mammillaria,mammillaria,0.9268,0.9268,3,pending,0
inat_278302712_499714916,mammillaria,mammillaria,0.9048,0.9048,3,pending,0
inat_278842554_500695661,mammillaria,mammillaria,0.9496,0.9496,3,pending,0
inat_280512776_503818396,mammillaria,mammillaria,0.8986,0.8986,3,pending,0
inat_281186912_505093236,mammillaria,mammillaria,0.9477,0.9477,3,pending,0
inat_287766706_517448378,mammillaria,mammillaria,0.9227,0.9227,3,pending,0
inat_288511660_518853678,mammillaria,mammillaria,0.8919,0.8919,3,pending,0
inat_2889358_3303164,mammillaria,mammillaria,0.8838,0.8838,3,pending,0
inat_2889479_3303347,mammillaria,mammillaria,0.9297,0.9297,3,pending,0
inat_289106397_519961051,mammillaria,mammillaria,0.4577,0.4577,3,pending,1
inat_289661780_521006052,mammillaria,mammillaria,0.9395,0.9395,3,pending,0
inat_291126040_523776938,mammillaria,mammillaria,0.6219,0.6219,3,pending,0
inat_294214395_529554172,mammillaria,mammillaria,0.9064,0.9064,3,pending,0
inat_295321159_531640065,mammillaria,mammillaria,0.9211,0.9211,3,pending,0
inat_295798657_532542664,mammillaria,mammillaria,0.8385,0.8385,3,pending,0
inat_297835332_536423569,mammillaria,mammillaria,0.9203,0.9203,3,pending,0
inat_29938837_46751452,mammillaria,mammillaria,0.8917,0.8917,3,pending,0
inat_301935170_544117839,mammillaria,mammillaria,0.8939,0.8939,3,pending,0
inat_314249300_567579896,mammillaria,mammillaria,0.9553,0.9553,3,pending,0
inat_316579435_571988914,mammillaria,mammillaria,0.9548,0.9548,3,pending,0
inat_317869473_582757802,mammillaria,mammillaria,0.9447,0.9447,3,pending,0
inat_318515285_575669193,mammillaria,mammillaria,0.9299,0.9299,3,pending,0
inat_318742018_576100085,mammillaria,mammillaria,0.9327,0.9327,3,pending,0
inat_319681527_577899652,mammillaria,mammillaria,0.9548,0.9548,3,pending,0
inat_320094889_578712079,mammillaria,mammillaria,0.9104,0.9104,3,pending,0
inat_320555421_579593514,mammillaria,mammillaria,0.7834,0.7834,3,pending,0
inat_321044573_580538389,mammillaria,mammillaria,0.9067,0.9067,3,pending,0
inat_321586703_581614443,mammillaria,mammillaria,0.8733,0.8733,3,pending,0
inat_322177859_582779393,mammillaria,mammillaria,0.8901,0.8901,3,pending,0
inat_323420473_585203618,mammillaria,mammillaria,0.8729,0.8729,3,pending,0
inat_32430996_50864211,mammillaria,mammillaria,0.8792,0.8792,3,pending,0
inat_326764312_591871561,mammillaria,mammillaria,0.7274,0.7274,3,pending,0
inat_327656585_593644095,mammillaria,mammillaria,0.9316,0.9316,3,pending,0
inat_328683448_595649896,mammillaria,mammillaria,0.6989,0.6989,3,pending,0
inat_328906279_596100772,mammillaria,mammillaria,0.9474,0.9474,3,pending,0
inat_328906383_596101106,mammillaria,mammillaria,0.8603,0.8603,3,pending,0
inat_328930478_596148435,mammillaria,mammillaria,0.7668,0.7668,3,pending,0
inat_330082885_598471352,mammillaria,mammillaria,0.903,0.903,3,pending,0
inat_330153076_598615478,mammillaria,mammillaria,0.873,0.873,3,pending,0
inat_331077936_600519272,mammillaria,mammillaria,0.9228,0.9228,3,pending,0
inat_331170610_600709086,mammillaria,mammillaria,0.8863,0.8863,3,pending,0
inat_331392297_601167242,mammillaria,mammillaria,0.9528,0.9528,3,pending,0
inat_331946538_602300293,mammillaria,mammillaria,0.7897,0.7897,3,pending,0
inat_332042170_602496594,mammillaria,mammillaria,0.9364,0.9364,3,pending,0
inat_332589507_603624490,mammillaria,mammillaria,0.3739,0.3739,3,ok,1
inat_333216537_604903534,mammillaria,mammillaria,0.9118,0.9118,3,pending,0
inat_333714817_605864723,mammillaria,mammillaria,0.9149,0.9149,3,pending,0
inat_333850440_606141980,mammillaria,mammillaria,0.9365,0.9365,3,pending,0
inat_333859645_606160515,mammillaria,mammillaria,0.8977,0.8977,3,pending,0
inat_334715168_607900598,mammillaria,mammillaria,0.6962,0.6962,3,ok,0
inat_334715325_607900868,mammillaria,mammillaria,0.9204,0.9204,3,pending,0
inat_334747884_607963236,mammillaria,mammillaria,0.7011,0.7011,3,ok,0
inat_334763146_607995519,mammillaria,mammillaria,0.8828,0.8828,3,ok,0
inat_334971206_608427747,mammillaria,mammillaria,0.9271,0.9271,3,pending,0
inat_335065525_608624464,mammillaria,mammillaria,0.9459,0.9459,3,pending,0
inat_335095807_608683580,mammillaria,mammillaria,0.9169,0.9169,3,pending,0
inat_335783923_610069442,mammillaria,mammillaria,0.8899,0.8899,3,pending,0
inat_336255619_611010519,mammillaria,mammillaria,0.6475,0.6475,3,not_potted,0
inat_337344261_613225744,mammillaria,mammillaria,0.9032,0.9032,3,pending,0
inat_338077593_614732092,mammillaria,mammillaria,0.9447,0.9447,3,pending,0
inat_338245218_615073598,mammillaria,mammillaria,0.8993,0.8993,3,pending,0
inat_338324383_615236696,mammillaria,mammillaria,0.934,0.934,3,pending,0
inat_338446455_615494527,mammillaria,mammillaria,0.9399,0.9399,3,pending,0
inat_339276415_617152749,mammillaria,mammillaria,0.7748,0.7748,3,pending,0
inat_339636882_617887737,mammillaria,mammillaria,0.9052,0.9052,3,pending,0
inat_339970308_618569595,mammillaria,mammillaria,0.7618,0.7618,3,pending,0
inat_34058412_53555575,mammillaria,mammillaria,0.9255,0.9255,3,pending,0
inat_34058416_53555592,mammillaria,mammillaria,0.7508,0.7508,3,pending,0
inat_340688201_620028298,mammillaria,astrophytum,0.2802,0.3286,3,ok,1
inat_342285347_623285545,mammillaria,mammillaria,0.8472,0.8472,3,pending,0
inat_342806654_624325452,mammillaria,mammillaria,0.9237,0.9237,3,pending,0
inat_343219245_625159300,mammillaria,mammillaria,0.9426,0.9426,3,pending,0
inat_343501016_625731137,mammillaria,mammillaria,0.9522,0.9522,3,pending,0
inat_343592783_625923329,mammillaria,mammillaria,0.6912,0.6912,3,ok,0
inat_343599856_625934527,mammillaria,mammillaria,0.9143,0.9143,3,pending,0
inat_343648477_626034496,mammillaria,parodia,0.2902,0.4253,3,ok,1
inat_344114599_626957317,mammillaria,mammillaria,0.7405,0.7405,3,ok,0
inat_344707637_628109659,mammillaria,mammillaria,0.7678,0.7678,3,pending,0
inat_344957978_628585547,mammillaria,mammillaria,0.9594,0.9594,3,pending,0
inat_345502276_629658701,mammillaria,mammillaria,0.9469,0.9469,3,pending,0
inat_346070487_630775815,mammillaria,mammillaria,0.9564,0.9564,3,pending,0
inat_346119738_630874751,mammillaria,mammillaria,0.9255,0.9255,3,pending,0
inat_346331042_631297357,mammillaria,mammillaria,0.9145,0.9145,3,pending,0
inat_347085263_632787915,mammillaria,mammillaria,0.9419,0.9419,3,pending,0
inat_347840615_634288737,mammillaria,parodia,0.1506,0.3586,3,blurry,1
inat_350962487_640509841,mammillaria,parodia,0.2332,0.4519,3,pending,1
inat_351076978_640627645,mammillaria,mammillaria,0.9047,0.9047,3,pending,0
inat_352158907_642738885,mammillaria,mammillaria,0.9239,0.9239,3,pending,0
inat_352281430_642969988,mammillaria,mammillaria,0.8835,0.8835,3,pending,0
inat_354055317_645947188,mammillaria,mammillaria,0.5737,0.5737,3,pending,0
inat_355512059_648347010,mammillaria,mammillaria,0.8588,0.8588,3,pending,0
inat_355516808_648354797,mammillaria,mammillaria,0.8996,0.8996,3,ok,0
inat_35607351_56165129,mammillaria,mammillaria,0.951,0.951,3,pending,0
inat_357152000_651373718,mammillaria,echinopsis,0.188,0.4892,3,pending,1
inat_357153322_651375831,mammillaria,mammillaria,0.9076,0.9076,3,pending,0
inat_357526122_652105173,mammillaria,mammillaria,0.7955,0.7955,3,pending,0
inat_358038337_653092289,mammillaria,mammillaria,0.4674,0.4674,3,not_potted,1
inat_360387097_657599630,mammillaria,mammillaria,0.9448,0.9448,3,ok,0
inat_360578893_657964907,mammillaria,gymnocalycium,0.0384,0.8726,3,not_plant,1
inat_360728960_658255549,mammillaria,mammillaria,0.8704,0.8704,3,pending,0
inat_360879997_658554973,mammillaria,mammillaria,0.9567,0.9567,3,ok,0
inat_360939956_658666965,mammillaria,mammillaria,0.7753,0.7753,3,pending,0
inat_361189765_659150356,mammillaria,mammillaria,0.8452,0.8452,3,ok,0
inat_361826648_660359813,mammillaria,mammillaria,0.8043,0.8043,3,pending,0
inat_361836999_660379322,mammillaria,mammillaria,0.8882,0.8882,3,pending,0
inat_361879990_660463806,mammillaria,mammillaria,0.8795,0.8795,3,pending,0
inat_361963262_660618865,mammillaria,mammillaria,0.7905,0.7905,3,pending,0
inat_362210676_661082923,mammillaria,mammillaria,0.6546,0.6546,3,ok,0
inat_362211970_661085544,mammillaria,mammillaria,0.8038,0.8038,3,pending,0
inat_362924601_662441174,mammillaria,mammillaria,0.9333,0.9333,3,pending,0
inat_363096032_662764025,mammillaria,mammillaria,0.9116,0.9116,3,pending,0
inat_365113548_666580886,mammillaria,mammillaria,0.9307,0.9307,3,pending,0
inat_369492408_674928590,mammillaria,mammillaria,0.9149,0.9149,3,pending,0
inat_369895240_675701468,mammillaria,mammillaria,0.924,0.924,3,pending,0
inat_370107589_676103123,mammillaria,mammillaria,0.5277,0.5277,3,pending,0
inat_370367373_676602818,mammillaria,echinopsis,0.1795,0.4681,3,ok,1
inat_372150457_680016725,mammillaria,mammillaria,0.8812,0.8812,3,ok,0
inat_373963624_683368176,mammillaria,mammillaria,0.947,0.947,3,ok,0
inat_376965034_689289570,mammillaria,mammillaria,0.8628,0.8628,3,pending,0
inat_379712398_694599678,mammillaria,mammillaria,0.8918,0.8918,3,pending,0
inat_380947748_696995159,mammillaria,mammillaria,0.9549,0.9549,3,pending,0
inat_381153459_697385643,mammillaria,mammillaria,0.9379,0.9379,3,pending,0
inat_382338051_699678229,mammillaria,mammillaria,0.7391,0.7391,3,ok,0
inat_382946462_700848668,mammillaria,echinopsis,0.1331,0.671,3,not_potted,1
inat_384592383_704022115,mammillaria,mammillaria,0.8696,0.8696,3,pending,0
inat_387891780_710345581,mammillaria,mammillaria,0.9391,0.9391,3,pending,0
inat_388719379_711970468,mammillaria,mammillaria,0.9401,0.9401,3,pending,0
inat_389480991_713427564,mammillaria,mammillaria,0.5389,0.5389,3,ok,0
inat_391994356_718326696,mammillaria,mammillaria,0.8871,0.8871,3,pending,0
inat_392184918_718695455,mammillaria,mammillaria,0.9082,0.9082,3,pending,0
inat_393674212_721609004,mammillaria,mammillaria,0.8945,0.8945,3,pending,0
inat_394213108_722671926,mammillaria,astrophytum,0.1319,0.5106,3,ok,1
inat_396947126_727984969,mammillaria,mammillaria,0.9328,0.9328,3,ok,0
inat_398513428_731039649,mammillaria,echinopsis,0.027,0.6098,3,ok,1
inat_398725285_731464944,mammillaria,mammillaria,0.8206,0.8206,3,pending,0
inat_401028744_736011053,mammillaria,mammillaria,0.8962,0.8962,3,pending,0
inat_41647499_66070102,mammillaria,mammillaria,0.9402,0.9402,3,pending,0
inat_41660491_66091559,mammillaria,mammillaria,0.9322,0.9322,3,pending,0
inat_43422253_68880821,mammillaria,mammillaria,0.7456,0.7456,3,pending,0
inat_43996708_69764393,mammillaria,mammillaria,0.7732,0.7732,3,pending,0
inat_44168454_70015663,mammillaria,mammillaria,0.8838,0.8838,3,pending,0
inat_56522281_90081030,mammillaria,mammillaria,0.9023,0.9023,3,pending,0
inat_61479586_98386444,mammillaria,mammillaria,0.9195,0.9195,3,pending,0
inat_6333504_7979774,mammillaria,mammillaria,0.9457,0.9457,3,pending,0
inat_67616155_109290596,mammillaria,mammillaria,0.9107,0.9107,3,pending,0
inat_68541677_111011491,mammillaria,mammillaria,0.9056,0.9056,3,pending,0
inat_74615733_121973075,mammillaria,mammillaria,0.9489,0.9489,3,pending,0
inat_78891444_129159443,mammillaria,mammillaria,0.8902,0.8902,3,pending,0
inat_81694578_134012037,mammillaria,mammillaria,0.8524,0.8524,3,pending,0
inat_83877615_137795311,mammillaria,mammillaria,0.8799,0.8799,3,pending,0
inat_93835542_155578321,mammillaria,mammillaria,0.7201,0.7201,3,pending,0
inat_95822869_159124296,mammillaria,mammillaria,0.8939,0.8939,3,pending,0
inat_98010399_163256115,mammillaria,mammillaria,0.9316,0.9316,3,pending,0
inat_99377775_165649053,mammillaria,mammillaria,0.8763,0.8763,3,pending,0
inat_99378164_165649664,mammillaria,mammillaria,0.9216,0.9216,3,pending,0
inat_99378711_165650737,mammillaria,mammillaria,0.9117,0.9117,3,pending,0
inat_276868914_497154149,opuntia,mammillaria,0.105,0.673,3,pending,1
inat_276868918_497154395,opuntia,mammillaria,0.1387,0.7682,3,pending,1
inat_277867918_498932368,opuntia,opuntia,0.9109,0.9109,3,pending,0
inat_277929820_499046545,opuntia,opuntia,0.7359,0.7359,3,pending,0
inat_278301315_499713679,opuntia,opuntia,0.8793,0.8793,3,pending,0
inat_279836915_502546071,opuntia,opuntia,0.9307,0.9307,3,pending,0
inat_280360363_503522753,opuntia,opuntia,0.9015,0.9015,3,pending,0
inat_296455205_533805548,opuntia,opuntia,0.864,0.864,3,pending,0
inat_296940603_534732227,opuntia,opuntia,0.9238,0.9238,3,pending,0
inat_298755612_538169595,opuntia,opuntia,0.9142,0.9142,3,pending,0
inat_300820981_542042449,opuntia,opuntia,0.9259,0.9259,3,pending,0
inat_302120389_544465226,opuntia,opuntia,0.9069,0.9069,3,pending,0
inat_302434326_545042917,opuntia,opuntia,0.8184,0.8184,3,pending,0
inat_303204688_546473338,opuntia,opuntia,0.909,0.909,3,pending,0
inat_304967030_549822338,opuntia,opuntia,0.91,0.91,3,pending,0
inat_307033063_553749116,opuntia,opuntia,0.9073,0.9073,3,not_potted,0
inat_309592285_558676743,opuntia,opuntia,0.8835,0.8835,3,pending,0
inat_312737175_564682539,opuntia,opuntia,0.929,0.929,3,pending,0
inat_314504114_568045795,opuntia,opuntia,0.9266,0.9266,3,pending,0
inat_315515299_569978041,opuntia,opuntia,0.9171,0.9171,3,pending,0
inat_316284199_571432606,opuntia,opuntia,0.8873,0.8873,3,pending,0
inat_317881318_574451617,opuntia,opuntia,0.9415,0.9415,3,pending,0
inat_317885579_574459694,opuntia,opuntia,0.9301,0.9301,3,pending,0
inat_318182448_575033570,opuntia,opuntia,0.9209,0.9209,3,pending,0
inat_318309515_575271993,opuntia,opuntia,0.9027,0.9027,3,ok,0
inat_319836082_578196000,opuntia,opuntia,0.9334,0.9334,3,pending,0
inat_319988384_578488259,opuntia,opuntia,0.9204,0.9204,3,pending,0
inat_321394676_581244054,opuntia,opuntia,0.9415,0.9415,3,pending,0
inat_323060461_584514116,opuntia,opuntia,0.9201,0.9201,3,pending,0
inat_323665390_585690213,opuntia,opuntia,0.8831,0.8831,3,pending,0
inat_326543730_591426887,opuntia,opuntia,0.8904,0.8904,3,pending,0
inat_327059676_592457561,opuntia,opuntia,0.8655,0.8655,3,pending,0
inat_327189915_592711976,opuntia,opuntia,0.8765,0.8765,3,ok,0
inat_331703662_601800914,opuntia,opuntia,0.9281,0.9281,3,pending,0
inat_332918322_604297730,opuntia,opuntia,0.8877,0.8877,3,pending,0
inat_333714794_605864622,opuntia,opuntia,0.8876,0.8876,3,pending,0
inat_338111043_614799769,opuntia,opuntia,0.8749,0.8749,3,pending,0
inat_338125972_614829503,opuntia,opuntia,0.9456,0.9456,3,pending,0
inat_340976939_620619227,opuntia,opuntia,0.9218,0.9218,3,ok,0
inat_343060842_624838351,opuntia,opuntia,0.9425,0.9425,3,pending,0
inat_343189894_625097110,opuntia,opuntia,0.9432,0.9432,3,pending,0
inat_346862177_632341582,opuntia,opuntia,0.916,0.916,3,pending,0
inat_347259930_633138362,opuntia,opuntia,0.8805,0.8805,3,pending,0
inat_347638604_633882761,opuntia,opuntia,0.9297,0.9297,3,pending,0
inat_349356448_637280516,opuntia,opuntia,0.9388,0.9388,3,pending,0
inat_349400014_637365786,opuntia,opuntia,0.7735,0.7735,3,pending,0
inat_350471698_639471805,opuntia,opuntia,0.8877,0.8877,3,pending,0
inat_350492515_639510627,opuntia,opuntia,0.92,0.92,3,pending,0
inat_350495081_639515044,opuntia,opuntia,0.8787,0.8787,3,pending,0
inat_350617197_639749436,opuntia,opuntia,0.9176,0.9176,3,ok,0
inat_351797987_642031309,opuntia,opuntia,0.8233,0.8233,3,ok,0
inat_351824157_642084715,opuntia,opuntia,0.9467,0.9467,3,pending,0
inat_351926957_642290573,opuntia,opuntia,0.9193,0.9193,3,pending,0
inat_352079286_642579401,opuntia,opuntia,0.9137,0.9137,3,pending,0
inat_353687415_645291529,opuntia,opuntia,0.9432,0.9432,3,pending,0
inat_353943527_645742885,opuntia,opuntia,0.9193,0.9193,3,pending,0
inat_355230037_647912192,opuntia,opuntia,0.9517,0.9517,3,pending,0
inat_355896753_649014746,opuntia,opuntia,0.9335,0.9335,3,pending,0
inat_357568835_652186499,opuntia,opuntia,0.9093,0.9093,3,pending,0
inat_357575703_652200472,opuntia,opuntia,0.8934,0.8934,3,pending,0
inat_357750963_652541621,opuntia,opuntia,0.8922,0.8922,3,pending,0
inat_358158435_653332164,opuntia,opuntia,0.9051,0.9051,3,pending,0
inat_362838333_662269944,opuntia,opuntia,0.4987,0.4987,3,pending,1
inat_363718006_663950757,opuntia,opuntia,0.9017,0.9017,3,pending,0
inat_366009569_668294652,opuntia,opuntia,0.9223,0.9223,3,pending,0
inat_367604345_671341431,opuntia,opuntia,0.9051,0.9051,3,pending,0
inat_368159018_672398816,opuntia,opuntia,0.9126,0.9126,3,pending,0
inat_370002328_675906864,opuntia,echinopsis,0.1239,0.476,3,pending,1
inat_371780411_676390736,opuntia,opuntia,0.9279,0.9279,3,pending,0
inat_375754270_686966355,opuntia,opuntia,0.9059,0.9059,3,pending,0
inat_376722706_688827358,opuntia,opuntia,0.8783,0.8783,3,pending,0
inat_378780996_692794489,opuntia,opuntia,0.8969,0.8969,3,pending,0
inat_378809464_692849840,opuntia,opuntia,0.9029,0.9029,3,pending,0
inat_380889631_696878787,opuntia,opuntia,0.9041,0.9041,3,pending,0
inat_382573282_700131638,opuntia,opuntia,0.7227,0.7227,3,pending,0
inat_382641039_700259183,opuntia,opuntia,0.8958,0.8958,3,pending,0
inat_389642326_713742758,opuntia,opuntia,0.8951,0.8951,3,pending,0
inat_390734386_715879906,opuntia,opuntia,0.9682,0.9682,3,pending,0
inat_390734912_715881015,opuntia,opuntia,0.9565,0.9565,3,pending,0
inat_392445172_719207035,opuntia,opuntia,0.9013,0.9013,3,pending,0
inat_101261393_169092309,parodia,parodia,0.9087,0.9087,3,pending,0
inat_102236771_170857435,parodia,parodia,0.899,0.899,3,pending,0
inat_102725929_171782653,parodia,parodia,0.8923,0.8923,3,pending,0
inat_102838927_171991973,parodia,parodia,0.5264,0.5264,3,pending,0
inat_104358580_174848458,parodia,parodia,0.7373,0.7373,3,pending,0
inat_108283551_182286130,parodia,parodia,0.9561,0.9561,3,pending,0
inat_117201869_197906968,parodia,parodia,0.9218,0.9218,3,pending,0
inat_122177822_206832486,parodia,parodia,0.9099,0.9099,3,pending,0
inat_130787501_222474100,parodia,parodia,0.8573,0.8573,3,pending,0
inat_131477871_223751610,parodia,parodia,0.8515,0.8515,3,pending,0
inat_131477879_223751823,parodia,parodia,0.9045,0.9045,3,pending,0
inat_138251061_236266930,parodia,parodia,0.8881,0.8881,3,pending,0
inat_140740265_240956725,parodia,parodia,0.9203,0.9203,3,pending,0
inat_141929677_243248121,parodia,parodia,0.8911,0.8911,3,pending,0
inat_142201141_243758506,parodia,echinocactus,0.3262,0.5055,3,pending,1
inat_149131391_256931207,parodia,parodia,0.8967,0.8967,3,pending,0
inat_149131469_256931288,parodia,parodia,0.9502,0.9502,3,pending,0
inat_157951379_273043631,parodia,astrophytum,0.0494,0.5834,3,pending,1
inat_169062588_293046966,parodia,parodia,0.8186,0.8186,3,pending,0
inat_175641263_305260536,parodia,parodia,0.8844,0.8844,3,pending,0
inat_175641269_305260738,parodia,parodia,0.8344,0.8344,3,pending,0
inat_175649453_305275260,parodia,parodia,0.3169,0.3169,3,pending,1
inat_181312116_315973588,parodia,parodia,0.8752,0.8752,3,pending,0
inat_187491179_327895778,parodia,parodia,0.897,0.897,3,pending,0
inat_188148934_329213796,parodia,parodia,0.8286,0.8286,3,pending,0
inat_188344870_330199901,parodia,parodia,0.8857,0.8857,3,pending,0
inat_191875924_336717932,parodia,echinopsis,0.1727,0.7397,3,pending,1
inat_192263233_337477055,parodia,parodia,0.7475,0.7475,3,pending,0
inat_192605762_338155239,parodia,parodia,0.9144,0.9144,3,pending,0
inat_193493317_339911561,parodia,mammillaria,0.0295,0.4585,3,pending,1
inat_194711666_342336807,parodia,parodia,0.8838,0.8838,3,pending,0
inat_197693894_348262182,parodia,parodia,0.8963,0.8963,3,pending,0
inat_198298696_349474801,parodia,parodia,0.6937,0.6937,3,pending,0
inat_200415952_353593245,parodia,parodia,0.8901,0.8901,3,pending,0
inat_201202921_355130606,parodia,parodia,0.9299,0.9299,3,pending,0
inat_20352858_31428099,parodia,mammillaria,0.0933,0.7852,3,pending,1
inat_203880411_360286595,parodia,parodia,0.9401,0.9401,3,pending,0
inat_211143513_373339889,parodia,parodia,0.958,0.958,3,pending,0
inat_213286448_376929002,parodia,parodia,0.9339,0.9339,3,pending,0
inat_214318629_378809643,parodia,parodia,0.9406,0.9406,3,pending,0
inat_214751385_379619315,parodia,parodia,0.9124,0.9124,3,pending,0
inat_217841176_385427700,parodia,parodia,0.9364,0.9364,3,pending,0
inat_220180738_389803205,parodia,parodia,0.9164,0.9164,3,pending,0
inat_220245794_389923107,parodia,parodia,0.9229,0.9229,3,pending,0
inat_222128919_393441835,parodia,parodia,0.9242,0.9242,3,pending,0
inat_226145134_401035036,parodia,parodia,0.8871,0.8871,3,pending,0
inat_227569840_410316155,parodia,parodia,0.9593,0.9593,3,pending,0
inat_232479757_413030633,parodia,parodia,0.8744,0.8744,3,pending,0
inat_232709006_413465305,parodia,parodia,0.9199,0.9199,3,pending,0
inat_233234144_414479209,parodia,echinocactus,0.3419,0.5527,3,ok,1
inat_236743814_632856506,parodia,parodia,0.8713,0.8713,3,pending,0
inat_241818237_431032198,parodia,parodia,0.9775,0.9775,3,pending,0
inat_243123934_433486121,parodia,parodia,0.9316,0.9316,3,pending,0
inat_247385792_441824914,parodia,parodia,0.8514,0.8514,3,pending,0
inat_260332676_467498421,parodia,parodia,0.7339,0.7339,3,pending,0
inat_260712123_468244127,parodia,parodia,0.9591,0.9591,3,pending,0
inat_263741607_473852523,parodia,parodia,0.8115,0.8115,3,pending,0
inat_264143722_474627363,parodia,parodia,0.9235,0.9235,3,pending,0
inat_264875443_475678175,parodia,parodia,0.9487,0.9487,3,pending,0
inat_268486404_482612249,parodia,parodia,0.9355,0.9355,3,pending,0
inat_268518792_482676939,parodia,parodia,0.6008,0.6008,3,ok,0
inat_269283124_484154793,parodia,parodia,0.8869,0.8869,3,pending,0
inat_273446101_491803596,parodia,parodia,0.7677,0.7677,3,pending,0
inat_274458970_493413874,parodia,parodia,0.84,0.84,3,pending,0
inat_274732160_493829365,parodia,parodia,0.9461,0.9461,3,pending,0
inat_274738241_493838944,parodia,parodia,0.437,0.437,3,pending,1
inat_275660717_495266094,parodia,parodia,0.8288,0.8288,3,blurry,0
inat_275954304_495689587,parodia,parodia,0.9283,0.9283,3,pending,0
inat_276226140_496103319,parodia,parodia,0.9321,0.9321,3,pending,0
inat_276322791_496254990,parodia,parodia,0.8452,0.8452,3,pending,0
inat_278298730_499707455,parodia,parodia,0.892,0.892,3,pending,0
inat_280392686_503540654,parodia,parodia,0.9325,0.9325,3,not_potted,0
inat_280901909_504556704,parodia,parodia,0.946,0.946,3,pending,0
inat_281186909_505093222,parodia,parodia,0.3274,0.3274,3,ok,1
inat_281609515_505889361,parodia,parodia,0.9246,0.9246,3,pending,0
inat_281673325_506016551,parodia,parodia,0.8701,0.8701,3,pending,0
inat_283381768_509191005,parodia,parodia,0.8209,0.8209,3,pending,0
inat_285141017_541898902,parodia,echinocactus,0.1253,0.7313,3,ok,1
inat_289493166_520696021,parodia,parodia,0.7924,0.7924,3,pending,0
inat_290656497_522894638,parodia,parodia,0.9316,0.9316,3,pending,0
inat_293684903_528562365,parodia,parodia,0.8554,0.8554,3,pending,0
inat_297116027_535064224,parodia,parodia,0.7921,0.7921,3,pending,0
inat_297831314_536415146,parodia,parodia,0.9263,0.9263,3,pending,0
inat_303433840_546910176,parodia,parodia,0.6608,0.6608,3,pending,0
inat_310080328_559596133,parodia,parodia,0.9087,0.9087,3,pending,0
inat_311559213_562435337,parodia,parodia,0.9648,0.9648,3,pending,0
inat_312882666_564966461,parodia,parodia,0.8639,0.8639,3,pending,0
inat_313257322_565680596,parodia,parodia,0.9032,0.9032,3,pending,0
inat_318215008_575093720,parodia,parodia,0.9176,0.9176,3,ok,0
inat_318332978_575320908,parodia,parodia,0.7514,0.7514,3,ok,0
inat_318515008_575668877,parodia,parodia,0.6194,0.6194,3,ok,0
inat_318934271_576468204,parodia,parodia,0.9592,0.9592,3,pending,0
inat_319681347_577899368,parodia,mammillaria,0.0355,0.7844,3,ok,1
inat_320831130_580136348,parodia,parodia,0.5922,0.5922,3,ok,0
inat_32468486_50927123,parodia,parodia,0.8633,0.8633,3,pending,0
inat_329220833_596725794,parodia,parodia,0.9267,0.9267,3,not_potted,0
inat_329848382_597993725,parodia,parodia,0.9142,0.9142,3,pending,0
inat_335085498_608662883,parodia,parodia,0.3016,0.3016,3,ok,1
inat_337877645_614319659,parodia,parodia,0.4012,0.4012,3,ok,1
inat_341824054_622356719,parodia,parodia,0.9049,0.9049,3,pending,0
inat_344004044_626738707,parodia,astrophytum,0.1266,0.731,3,ok,1
inat_344801912_628284508,parodia,parodia,0.8599,0.8599,3,pending,0
inat_34481054_54274290,parodia,parodia,0.9291,0.9291,3,pending,0
inat_344813832_628306472,parodia,parodia,0.8923,0.8923,3,pending,0
inat_345126482_628916623,parodia,parodia,0.9425,0.9425,3,pending,0
inat_34568531_54417739,parodia,echinopsis,0.1759,0.2467,3,pending,1
inat_348116293_634833332,parodia,parodia,0.8962,0.8962,3,pending,0
inat_350823850_661735390,parodia,parodia,0.867,0.867,3,ok,0
inat_351929927_642295753,parodia,parodia,0.8713,0.8713,3,pending,0
inat_355488888_648310317,parodia,parodia,0.798,0.798,3,pending,0
inat_35811253_56515611,parodia,parodia,0.8943,0.8943,3,pending,0
inat_360036071_656942030,parodia,parodia,0.9072,0.9072,3,ok,0
inat_361467609_659678568,parodia,parodia,0.9139,0.9139,3,pending,0
inat_361500143_659739713,parodia,parodia,0.8998,0.8998,3,not_potted,0
inat_364476776_665370423,parodia,parodia,0.9385,0.9385,3,pending,0
inat_366650937_669511678,parodia,parodia,0.9146,0.9146,3,pending,0
inat_37012065_58601688,parodia,parodia,0.9194,0.9194,3,pending,0
inat_370126965_676142420,parodia,parodia,0.9074,0.9074,3,pending,0
inat_372256843_680221847,parodia,parodia,0.9393,0.9393,3,pending,0
inat_382846827_700658430,parodia,parodia,0.9231,0.9231,3,ok,0
inat_388124559_710807382,parodia,parodia,0.8712,0.8712,3,pending,0
inat_39283980_62306555,parodia,parodia,0.9444,0.9444,3,pending,0
inat_393905389_722043451,parodia,parodia,0.8989,0.8989,3,pending,0
inat_394130162_722508666,parodia,parodia,0.903,0.903,3,pending,0
inat_395206797_724625933,parodia,parodia,0.6852,0.6852,3,pending,0
inat_39638612_62906367,parodia,parodia,0.8201,0.8201,3,pending,0
inat_396928213_727950406,parodia,parodia,0.9574,0.9574,3,pending,0
inat_40374889_64124571,parodia,parodia,0.8966,0.8966,3,pending,0
inat_43209580_68581176,parodia,parodia,0.6098,0.6098,3,pending,0
inat_43991112_69740363,parodia,parodia,0.8887,0.8887,3,pending,0
inat_51177879_81296177,parodia,parodia,0.8654,0.8654,3,pending,0
inat_57898582_92392956,parodia,parodia,0.8679,0.8679,3,pending,0
inat_586168_745384,parodia,parodia,0.9229,0.9229,3,pending,0
inat_5970003_7460481,parodia,parodia,0.8633,0.8633,3,pending,0
inat_68806518_111506304,parodia,parodia,0.8792,0.8792,3,pending,0
inat_69634750_113031236,parodia,parodia,0.8888,0.8888,3,pending,0
inat_72229866_117728503,parodia,parodia,0.9315,0.9315,3,pending,0
inat_73173274_119432208,parodia,mammillaria,0.0588,0.492,3,pending,1
inat_73173333_119432382,parodia,mammillaria,0.2958,0.3514,3,pending,1
inat_80229999_131481821,parodia,parodia,0.8415,0.8415,3,pending,0
inat_86815709_143086767,parodia,parodia,0.857,0.857,3,pending,0
inat_90396837_149398442,parodia,parodia,0.9253,0.9253,3,pending,0
inat_90824579_150143082,parodia,parodia,0.8904,0.8904,3,pending,0
inat_90874661_150234974,parodia,echinopsis,0.0372,0.8102,3,pending,1
inat_92680516_153493145,parodia,echinopsis,0.1821,0.4985,3,pending,1
inat_92746353_153615425,parodia,parodia,0.9188,0.9188,3,pending,0
inat_93842459_155588526,parodia,parodia,0.9508,0.9508,3,pending,0
inat_99783847_166418396,parodia,parodia,0.9163,0.9163,3,pending,0
inat_100855604_168373100,astrophytum,astrophytum,0.9326,0.9326,4,pending,0
inat_101870388_170182300,astrophytum,astrophytum,0.7859,0.7859,4,pending,0
inat_102583905_171517380,astrophytum,astrophytum,0.8885,0.8885,4,pending,0
inat_102696009_171727707,astrophytum,astrophytum,0.9334,0.9334,4,pending,0
inat_104446788_175013515,astrophytum,astrophytum,0.9182,0.9182,4,pending,0
inat_106505322_178925893,astrophytum,astrophytum,0.7804,0.7804,4,pending,0
inat_107906655_181574760,astrophytum,astrophytum,0.6334,0.6334,4,pending,0
inat_111459002_188157255,astrophytum,astrophytum,0.4973,0.4973,4,pending,1
inat_112343363_194344454,astrophytum,astrophytum,0.8579,0.8579,4,pending,0
inat_112934584_190800142,astrophytum,astrophytum,0.9144,0.9144,4,pending,0
inat_113531659_191798566,astrophytum,astrophytum,0.4311,0.4311,4,pending,1
inat_114072168_192660109,astrophytum,astrophytum,0.9357,0.9357,4,pending,0
inat_114542023_193376066,astrophytum,parodia,0.0887,0.756,4,pending,1
inat_114542115_193377526,astrophytum,astrophytum,0.9144,0.9144,4,pending,0
inat_116602180_196833255,astrophytum,astrophytum,0.9071,0.9071,4,pending,0
inat_116948136_197452321,astrophytum,astrophytum,0.8668,0.8668,4,pending,0
inat_121729401_206024169,astrophytum,astrophytum,0.8618,0.8618,4,pending,0
inat_122236899_206939589,astrophytum,astrophytum,0.9307,0.9307,4,pending,0
inat_125742415_213273011,astrophytum,astrophytum,0.9049,0.9049,4,pending,0
inat_126988448_215531775,astrophytum,astrophytum,0.8815,0.8815,4,pending,0
inat_128285207_217890791,astrophytum,astrophytum,0.9112,0.9112,4,pending,0
inat_128958305_219096484,astrophytum,astrophytum,0.866,0.866,4,pending,0
inat_129682559_220419861,astrophytum,astrophytum,0.7391,0.7391,4,pending,0
inat_130700861_222310233,astrophytum,astrophytum,0.9363,0.9363,4,pending,0
inat_135747950_231577632,astrophytum,astrophytum,0.9301,0.9301,4,pending,0
inat_139815730_239212663,astrophytum,astrophytum,0.8455,0.8455,4,pending,0
inat_140260532_240067008,astrophytum,astrophytum,0.9099,0.9099,4,pending,0
inat_143250721_245653802,astrophytum,astrophytum,0.8725,0.8725,4,pending,0
inat_143250724_245653638,astrophytum,astrophytum,0.8516,0.8516,4,pending,0
inat_143250730_245653715,astrophytum,astrophytum,0.8271,0.8271,4,pending,0
inat_143250743_245653744,astrophytum,astrophytum,0.7652,0.7652,4,pending,0
inat_144231885_247506529,astrophytum,echinopsis,0.1053,0.4334,4,pending,1
inat_144233640_247509602,astrophytum,astrophytum,0.9256,0.9256,4,pending,0
inat_145001155_248995922,astrophytum,astrophytum,0.9142,0.9142,4,pending,0
inat_145332546_249634149,astrophytum,astrophytum,0.8878,0.8878,4,pending,0
inat_146772240_252417495,astrophytum,astrophytum,0.9056,0.9056,4,pending,0
inat_147202187_253251887,astrophytum,astrophytum,0.942,0.942,4,pending,0
inat_150454726_259437141,astrophytum,astrophytum,0.767,0.767,4,pending,0
inat_150679331_259866062,astrophytum,mammillaria,0.119,0.4176,4,pending,1
inat_151734161_261850274,astrophytum,astrophytum,0.7445,0.7445,4,pending,0
inat_15506264_23246235,astrophytum,astrophytum,0.9364,0.9364,4,pending,0
inat_156026002_269760780,astrophytum,astrophytum,0.9218,0.9218,4,pending,0
inat_157095744_271671835,astrophytum,astrophytum,0.856,0.856,4,pending,0
inat_158492817_273912191,astrophytum,astrophytum,0.9203,0.9203,4,pending,0
inat_158824829_274430353,astrophytum,astrophytum,0.9302,0.9302,4,pending,0
inat_159476122_275533855,astrophytum,astrophytum,0.5158,0.5158,4,pending,0
inat_161915134_279911294,astrophytum,astrophytum,0.8577,0.8577,4,pending,0
inat_163496857_282787547,astrophytum,astrophytum,0.9347,0.9347,4,pending,0
inat_165056953_285849675,astrophytum,astrophytum,0.9193,0.9193,4,pending,0
inat_170494131_295716150,astrophytum,astrophytum,0.8893,0.8893,4,pending,0
inat_178616315_310839450,astrophytum,astrophytum,0.9476,0.9476,4,pending,0
inat_183660755_320450800,astrophytum,astrophytum,0.4962,0.4962,4,pending,1
inat_185166711_323343719,astrophytum,astrophytum,0.9368,0.9368,4,pending,0
inat_187561218_327959530,astrophytum,astrophytum,0.8961,0.8961,4,pending,0
inat_187661542_328236501,astrophytum,astrophytum,0.8251,0.8251,4,pending,0
inat_18836878_28855467,astrophytum,astrophytum,0.8387,0.8387,4,pending,0
inat_191432833_335827862,astrophytum,astrophytum,0.8221,0.8221,4,pending,0
inat_192063250_337084687,astrophytum,astrophytum,0.7963,0.7963,4,pending,0
inat_192392692_337728069,astrophytum,astrophytum,0.9392,0.9392,4,pending,0
inat_193221098_339395656,astrophytum,astrophytum,0.9552,0.9552,4,pending,0
inat_194347275_341598514,astrophytum,astrophytum,0.4419,0.4419,4,not_potted,1
inat_196570239_346050587,astrophytum,astrophytum,0.9103,0.9103,4,pending,0
inat_196798448_346441162,astrophytum,astrophytum,0.9469,0.9469,4,pending,0
inat_198705734_350285721,astrophytum,astrophytum,0.9168,0.9168,4,pending,0
inat_199173861_351203480,astrophytum,astrophytum,0.9265,0.9265,4,pending,0
inat_199426767_351692608,astrophytum,astrophytum,0.9034,0.9034,4,pending,0
inat_200676223_354099550,astrophytum,astrophytum,0.9154,0.9154,4,pending,0
inat_20069132_30988999,astrophytum,astrophytum,0.6089,0.6089,4,pending,0
inat_201408799_355532949,astrophytum,astrophytum,0.939,0.939,4,pending,0
inat_205790121_363911846,astrophytum,astrophytum,0.4451,0.4451,4,not_plant,1
inat_206692508_365521964,astrophytum,astrophytum,0.9289,0.9289,4,pending,0
inat_207417125_366883255,astrophytum,astrophytum,0.9424,0.9424,4,pending,0
inat_208078284_368123070,astrophytum,astrophytum,0.9286,0.9286,4,pending,0
inat_211575863_374027193,astrophytum,astrophytum,0.932,0.932,4,pending,0
inat_212364873_375294494,astrophytum,echinopsis,0.0839,0.3904,4,blurry,1
inat_212817037_376088404,astrophytum,astrophytum,0.4517,0.4517,4,ok,1
inat_214727345_379572767,astrophytum,astrophytum,0.9494,0.9494,4,pending,0
inat_215656971_381311925,astrophytum,astrophytum,0.8642,0.8642,4,pending,0
inat_218806156_387228356,astrophytum,astrophytum,0.9098,0.9098,4,pending,0
inat_223976308_396910099,astrophytum,astrophytum,0.9076,0.9076,4,pending,0
inat_224019617_396988965,astrophytum,astrophytum,0.9001,0.9001,4,pending,0
inat_226189678_401115759,astrophytum,astrophytum,0.8269,0.8269,4,pending,0
inat_226352808_401429758,astrophytum,astrophytum,0.912,0.912,4,pending,0
inat_235858041_419519178,astrophytum,astrophytum,0.8074,0.8074,4,pending,0
inat_238765462_425135093,astrophytum,astrophytum,0.7761,0.7761,4,pending,0
inat_239694198_426936680,astrophytum,astrophytum,0.411,0.411,4,pending,1
inat_240505609_428495019,astrophytum,astrophytum,0.9467,0.9467,4,pending,0
inat_240626674_428695914,astrophytum,astrophytum,0.7395,0.7395,4,pending,0
inat_24116536_37294897,astrophytum,astrophytum,0.7556,0.7556,4,pending,0
inat_24306736_37586061,astrophytum,astrophytum,0.9053,0.9053,4,pending,0
inat_244351955_435847768,astrophytum,astrophytum,0.9038,0.9038,4,not_potted,0
inat_245158676_437425563,astrophytum,astrophytum,0.9555,0.9555,4,pending,0
inat_24744027_38265292,astrophytum,astrophytum,0.9334,0.9334,4,pending,0
inat_259193602_465221798,astrophytum,astrophytum,0.9271,0.9271,4,pending,0
inat_267383037_480501815,astrophytum,astrophytum,0.9551,0.9551,4,pending,0
inat_269490199_484549905,astrophytum,astrophytum,0.8576,0.8576,4,pending,0
inat_270321124_486135518,astrophytum,mammillaria,0.0967,0.4645,4,not_plant,1
inat_270641001_486749548,astrophytum,astrophytum,0.8538,0.8538,4,pending,0
inat_27193137_42285214,astrophytum,parodia,0.2871,0.5917,4,pending,1
inat_272183221_489670764,astrophytum,astrophytum,0.5879,0.5879,4,pending,0
inat_27374542_42585989,astrophytum,astrophytum,0.6019,0.6019,4,pending,0
inat_274050313_492746836,astrophytum,astrophytum,0.6894,0.6894,4,pending,0
inat_275926223_495660301,astrophytum,astrophytum,0.9328,0.9328,4,pending,0
inat_275929174_495660653,astrophytum,astrophytum,0.9472,0.9472,4,pending,0
inat_276375863_496338336,astrophytum,astrophytum,0.9413,0.9413,4,pending,0
inat_276427463_496417432,astrophytum,astrophytum,0.8162,0.8162,4,pending,0
inat_278133956_499405432,astrophytum,astrophytum,0.9603,0.9603,4,pending,0
inat_279895073_502658530,astrophytum,astrophytum,0.9404,0.9404,4,pending,0
inat_285801674_513730815,astrophytum,astrophytum,0.8871,0.8871,4,pending,0
inat_2858345_3261648,astrophytum,mammillaria,0.2467,0.2506,4,pending,1
inat_285837504_513802375,astrophytum,astrophytum,0.8274,0.8274,4,ok,0
inat_289425881_520570580,astrophytum,astrophytum,0.6751,0.6751,4,not_plant,0
inat_291711950_524877780,astrophytum,astrophytum,0.6213,0.6213,4,ok,0
inat_297190915_535205379,astrophytum,astrophytum,0.8306,0.8306,4,pending,0
inat_30183307_47140654,astrophytum,astrophytum,0.813,0.813,4,pending,0
inat_310219691_559864181,astrophytum,astrophytum,0.8982,0.8982,4,pending,0
inat_313562246_566266281,astrophytum,astrophytum,0.9074,0.9074,4,pending,0
inat_315444403_569843093,astrophytum,astrophytum,0.9244,0.9244,4,pending,0
inat_31735747_49700807,astrophytum,astrophytum,0.7753,0.7753,4,pending,0
inat_319420565_577397173,astrophytum,astrophytum,0.9094,0.9094,4,pending,0
inat_324640376_587627355,astrophytum,astrophytum,0.9213,0.9213,4,pending,0
inat_325002687_588360508,astrophytum,astrophytum,0.9078,0.9078,4,pending,0
inat_326811551_591962679,astrophytum,astrophytum,0.9391,0.9391,4,pending,0
inat_329219773_596723789,astrophytum,astrophytum,0.9148,0.9148,4,pending,0
inat_333938206_606325181,astrophytum,astrophytum,0.8152,0.8152,4,pending,0
inat_335154609_608803381,astrophytum,astrophytum,0.9435,0.9435,4,pending,0
inat_338806346_616210277,astrophytum,astrophytum,0.83,0.83,4,pending,0
inat_339978324_618586905,astrophytum,astrophytum,0.92,0.92,4,pending,0
inat_342490248_623699241,astrophytum,astrophytum,0.8832,0.8832,4,pending,0
inat_343333854_625392380,astrophytum,astrophytum,0.8909,0.8909,4,pending,0
inat_343341839_625406078,astrophytum,astrophytum,0.9112,0.9112,4,ok,0
inat_350805039_640115515,astrophytum,astrophytum,0.9207,0.9207,4,pending,0
inat_351531389_641511473,astrophytum,astrophytum,0.9352,0.9352,4,pending,0
inat_35522737_56021119,astrophytum,astrophytum,0.9051,0.9051,4,pending,0
inat_357661497_665752877,astrophytum,astrophytum,0.929,0.929,4,pending,0
inat_363003796_662594561,astrophytum,astrophytum,0.9086,0.9086,4,pending,0
inat_364981162_666332989,astrophytum,astrophytum,0.8731,0.8731,4,pending,0
inat_37278580_59068661,astrophytum,astrophytum,0.9056,0.9056,4,pending,0
inat_372869866_681391288,astrophytum,gymnocalycium,0.0272,0.4075,4,ok,1
inat_37326497_59153421,astrophytum,astrophytum,0.7954,0.7954,4,pending,0
inat_379766395_694701803,astrophytum,astrophytum,0.9267,0.9267,4,pending,0
inat_380066277_695285235,astrophytum,astrophytum,0.9137,0.9137,4,pending,0
inat_382382417_699763725,astrophytum,astrophytum,0.7782,0.7782,4,not_potted,0
inat_387815998_710196113,astrophytum,astrophytum,0.8891,0.8891,4,pending,0
inat_389065559_712622646,astrophytum,astrophytum,0.9273,0.9273,4,pending,0
inat_390134434_714705748,astrophytum,astrophytum,0.9174,0.9174,4,pending,0
inat_39301749_62335392,astrophytum,astrophytum,0.6885,0.6885,4,pending,0
inat_393182901_720650956,astrophytum,astrophytum,0.8504,0.8504,4,pending,0
inat_395065377_724342975,astrophytum,astrophytum,0.9209,0.9209,4,pending,0
inat_399432309_732838480,astrophytum,astrophytum,0.9163,0.9163,4,pending,0
inat_44518322_70581706,astrophytum,astrophytum,0.9117,0.9117,4,pending,0
inat_45198597_72679565,astrophytum,astrophytum,0.9549,0.9549,4,pending,0
inat_53033414_84334122,astrophytum,astrophytum,0.8577,0.8577,4,pending,0
inat_63009823_101056462,astrophytum,astrophytum,0.927,0.927,4,pending,0
inat_69824002_113390503,astrophytum,astrophytum,0.89,0.89,4,pending,0
inat_7167059_9233695,astrophytum,astrophytum,0.9386,0.9386,4,pending,0
inat_73137458_119366371,astrophytum,astrophytum,0.9317,0.9317,4,pending,0
inat_73137830_119367118,astrophytum,astrophytum,0.5868,0.5868,4,pending,0
inat_74480404_121732801,astrophytum,astrophytum,0.8126,0.8126,4,pending,0
inat_77132340_126132575,astrophytum,astrophytum,0.889,0.889,4,pending,0
inat_82787216_135905757,astrophytum,astrophytum,0.9432,0.9432,4,pending,0
inat_8635075_11556928,astrophytum,astrophytum,0.8883,0.8883,4,pending,0
inat_95836545_159148214,astrophytum,astrophytum,0.8916,0.8916,4,pending,0
inat_97382496_161946467,astrophytum,astrophytum,0.9668,0.9668,4,pending,0
inat_369550341_675041312,echinocactus,echinocactus,0.924,0.924,4,pending,0
inat_370241493_676369107,echinocactus,echinocactus,0.9384,0.9384,4,pending,0
inat_371041390_677898105,echinocactus,echinocactus,0.9177,0.9177,4,pending,0
inat_371272153_678327958,echinocactus,echinocactus,0.8072,0.8072,4,pending,0
inat_371688131_679117249,echinocactus,parodia,0.2288,0.3615,4,blurry,1
inat_371798186_679330641,echinocactus,echinocactus,0.925,0.925,4,pending,0
inat_372528843_680744239,echinocactus,echinocactus,0.9378,0.9378,4,pending,0
inat_372549195_680784383,echinocactus,echinocactus,0.7467,0.7467,4,pending,0
inat_372795670_681249905,echinocactus,echinocactus,0.9086,0.9086,4,not_potted,0
inat_372946464_681531492,echinocactus,echinocactus,0.9074,0.9074,4,pending,0
inat_373616322_682813170,echinocactus,echinocactus,0.9011,0.9011,4,not_potted,0
inat_373820257_683206981,echinocactus,echinocactus,0.9495,0.9495,4,not_potted,0
inat_373856686_683279844,echinocactus,echinocactus,0.5705,0.5705,4,pending,0
inat_374667145_684840121,echinocactus,echinocactus,0.9481,0.9481,4,pending,0
inat_374718098_684940636,echinocactus,echinocactus,0.9392,0.9392,4,pending,0
inat_374812668_685131158,echinocactus,echinocactus,0.9044,0.9044,4,pending,0
inat_374913351_685322821,echinocactus,echinocactus,0.918,0.918,4,ok,0
inat_376556390_688503591,echinocactus,echinocactus,0.8639,0.8639,4,pending,0
inat_377501487_690331205,echinocactus,echinocactus,0.9034,0.9034,4,not_potted,0
inat_377536536_690401586,echinocactus,echinocactus,0.9163,0.9163,4,pending,0
inat_378358048_691984189,echinocactus,echinocactus,0.937,0.937,4,pending,0
inat_378501368_692239229,echinocactus,echinocactus,0.9692,0.9692,4,pending,0
inat_378720983_692681715,echinocactus,echinocactus,0.9201,0.9201,4,pending,0
inat_378721047_692681847,echinocactus,echinocactus,0.6451,0.6451,4,pending,0
inat_378987896_693202862,echinocactus,echinocactus,0.9284,0.9284,4,pending,0
inat_381215829_697509015,echinocactus,echinocactus,0.9234,0.9234,4,pending,0
inat_381836462_698715731,echinocactus,echinocactus,0.9503,0.9503,4,pending,0
inat_381889067_698821400,echinocactus,echinocactus,0.6915,0.6915,4,ok,0
inat_381930270_698899217,echinocactus,echinocactus,0.8936,0.8936,4,pending,0
inat_382024955_699078354,echinocactus,echinocactus,0.9205,0.9205,4,pending,0
inat_382720467_700411253,echinocactus,echinocactus,0.9464,0.9464,4,pending,0
inat_382811039_700589417,echinocactus,echinocactus,0.9113,0.9113,4,pending,0
inat_383595786_702100944,echinocactus,echinocactus,0.8829,0.8829,4,pending,0
inat_383887084_702660609,echinocactus,echinocactus,0.9294,0.9294,4,pending,0
inat_384382319_703614392,echinocactus,echinocactus,0.665,0.665,4,ok,0
inat_385660487_706055237,echinocactus,echinocactus,0.9373,0.9373,4,not_potted,0
inat_385830192_706380867,echinocactus,echinocactus,0.6917,0.6917,4,pending,0
inat_386822398_708283228,echinocactus,echinocactus,0.9266,0.9266,4,not_potted,0
inat_387120100_708852691,echinocactus,echinocactus,0.9428,0.9428,4,pending,0
inat_387262747_709066686,echinocactus,echinocactus,0.9264,0.9264,4,pending,0
inat_387558746_709695055,echinocactus,echinocactus,0.8946,0.8946,4,pending,0
inat_388047204_710651490,echinocactus,echinocactus,0.9343,0.9343,4,pending,0
inat_388059739_710675090,echinocactus,echinocactus,0.9115,0.9115,4,pending,0
inat_389093423_712675105,echinocactus,echinocactus,0.8101,0.8101,4,pending,0
inat_389559321_713580522,echinocactus,echinocactus,0.8979,0.8979,4,not_potted,0
inat_389660640_713776969,echinocactus,echinocactus,0.9165,0.9165,4,pending,0
inat_389705173_713863814,echinocactus,echinocactus,0.8996,0.8996,4,pending,0
inat_390316572_715062193,echinocactus,parodia,0.0844,0.858,4,pending,1
inat_390612127_716910243,echinocactus,echinocactus,0.8888,0.8888,4,pending,0
inat_391968880_718273406,echinocactus,echinocactus,0.9158,0.9158,4,pending,0
inat_393071698_720431593,echinocactus,echinocactus,0.9295,0.9295,4,pending,0
inat_393818851_721893191,echinocactus,echinocactus,0.9709,0.9709,4,pending,0
inat_393844333_721939554,echinocactus,echinocactus,0.9358,0.9358,4,pending,0
inat_393850473_721952572,echinocactus,echinocactus,0.8663,0.8663,4,pending,0
inat_394470295_723174844,echinocactus,echinocactus,0.8729,0.8729,4,pending,0
inat_394653193_723534406,echinocactus,echinocactus,0.9098,0.9098,4,pending,0
inat_394770457_723760097,echinocactus,echinocactus,0.9105,0.9105,4,pending,0
inat_395733976_725645696,echinocactus,echinocactus,0.8802,0.8802,4,ok,0
inat_395959368_726084475,echinocactus,echinocactus,0.9424,0.9424,4,pending,0
inat_396354236_726874251,echinocactus,echinocactus,0.9319,0.9319,4,pending,0
inat_396523024_727172032,echinocactus,echinocactus,0.863,0.863,4,pending,0
inat_396966252_728021607,echinocactus,echinocactus,0.8817,0.8817,4,pending,0
inat_396966856_728022850,echinocactus,echinocactus,0.9086,0.9086,4,pending,0
inat_396967835_728024879,echinocactus,echinocactus,0.9201,0.9201,4,pending,0
inat_396998454_728085844,echinocactus,echinocactus,0.9436,0.9436,4,pending,0
inat_397037847_728165039,echinocactus,echinocactus,0.9397,0.9397,4,pending,0
inat_397234482_728547719,echinocactus,echinocactus,0.9214,0.9214,4,pending,0
inat_397399500_728870607,echinocactus,echinocactus,0.874,0.874,4,pending,0
inat_397499518_729066643,echinocactus,echinocactus,0.6926,0.6926,4,pending,0
inat_397675611_729417139,echinocactus,echinocactus,0.923,0.923,4,pending,0
inat_398506074_731032967,echinocactus,echinocactus,0.9126,0.9126,4,pending,0
inat_398585317_731192655,echinocactus,echinocactus,0.9634,0.9634,4,pending,0
inat_398874082_731759619,echinocactus,echinocactus,0.8746,0.8746,4,pending,0
inat_398891663_731796141,echinocactus,echinocactus,0.9384,0.9384,4,not_potted,0
inat_399028427_732049649,echinocactus,echinocactus,0.9377,0.9377,4,pending,0
inat_399311929_732596951,echinocactus,echinocactus,0.8807,0.8807,4,pending,0
inat_400072758_734087878,echinocactus,echinocactus,0.9447,0.9447,4,pending,0
inat_400546794_735053211,echinocactus,echinocactus,0.7337,0.7337,4,not_potted,0
inat_400714571_735386527,echinocactus,echinocactus,0.8999,0.8999,4,pending,0
inat_401173027_736297025,echinocactus,echinocactus,0.9273,0.9273,4,pending,0
inat_100239437_167272853,echinopsis,echinopsis,0.8233,0.8233,4,pending,0
inat_109449197_184470673,echinopsis,echinopsis,0.8021,0.8021,4,pending,0
inat_114222375_192905738,echinopsis,echinopsis,0.4408,0.4408,4,pending,1
inat_115216970_194480361,echinopsis,echinopsis,0.8827,0.8827,4,pending,0
inat_115325345_194672228,echinopsis,echinopsis,0.902,0.902,4,pending,0
inat_124247857_210576076,echinopsis,echinopsis,0.9185,0.9185,4,pending,0
inat_129923444_220845690,echinopsis,echinopsis,0.8519,0.8519,4,pending,0
inat_130242434_221463823,echinopsis,echinopsis,0.8281,0.8281,4,pending,0
inat_131190409_223219632,echinopsis,echinopsis,0.9423,0.9423,4,pending,0
inat_132848563_226194760,echinopsis,echinopsis,0.8983,0.8983,4,pending,0
inat_135318179_230779515,echinopsis,astrophytum,0.1125,0.7283,4,pending,1
inat_135489372_231095703,echinopsis,echinopsis,0.9096,0.9096,4,pending,0
inat_137737419_235297137,echinopsis,echinopsis,0.7932,0.7932,4,pending,0
inat_140578554_240632074,echinopsis,echinopsis,0.713,0.713,4,pending,0
inat_141345392_242123979,echinopsis,echinopsis,0.8503,0.8503,4,pending,0
inat_146739412_252353361,echinopsis,echinopsis,0.885,0.885,4,pending,0
inat_147389913_253611123,echinopsis,echinopsis,0.9724,0.9724,4,pending,0
inat_151581639_261564890,echinopsis,echinopsis,0.8519,0.8519,4,pending,0
inat_151931263_262223086,echinopsis,mammillaria,0.1192,0.6623,4,pending,1
inat_154617594_267177143,echinopsis,echinopsis,0.9438,0.9438,4,pending,0
inat_156087304_269864245,echinopsis,gymnocalycium,0.2252,0.4446,4,pending,1
inat_156474082_270576047,echinopsis,echinopsis,0.9436,0.9436,4,pending,0
inat_156746235_271072429,echinopsis,echinopsis,0.7116,0.7116,4,pending,0
inat_157791790_272773848,echinopsis,echinopsis,0.9149,0.9149,4,pending,0
inat_159863516_276229714,echinopsis,echinopsis,0.8819,0.8819,4,pending,0
inat_161748049_279607525,echinopsis,echinopsis,0.9635,0.9635,4,pending,0
inat_164401848_284450241,echinopsis,echinopsis,0.9606,0.9606,4,pending,0
inat_164973607_285512324,echinopsis,echinopsis,0.9698,0.9698,4,pending,0
inat_170880989_296449755,echinopsis,echinopsis,0.8872,0.8872,4,pending,0
inat_172490811_299451405,echinopsis,echinopsis,0.7974,0.7974,4,pending,0
inat_177498161_308718874,echinopsis,echinopsis,0.9776,0.9776,4,pending,0
inat_179851651_313185502,echinopsis,echinopsis,0.8939,0.8939,4,pending,0
inat_182966276_319118813,echinopsis,echinopsis,0.7542,0.7542,4,pending,0
inat_190403236_333771920,echinopsis,echinopsis,0.6923,0.6923,4,pending,0
inat_191004828_334968229,echinopsis,echinopsis,0.9313,0.9313,4,pending,0
inat_201391459_355499016,echinopsis,echinopsis,0.7147,0.7147,4,pending,0
inat_205239939_362873217,echinopsis,echinopsis,0.9157,0.9157,4,pending,0
inat_206764478_365658141,echinopsis,echinopsis,0.9314,0.9314,4,pending,0
inat_209570619_370804762,echinopsis,echinopsis,0.902,0.902,4,pending,0
inat_217260556_384329487,echinopsis,echinopsis,0.8393,0.8393,4,pending,0
inat_218009326_385737050,echinopsis,echinopsis,0.8786,0.8786,4,pending,0
inat_228684504_405820394,echinopsis,echinopsis,0.9269,0.9269,4,pending,0
inat_234490083_416875207,echinopsis,echinopsis,0.9558,0.9558,4,pending,0
inat_237930428_423515146,echinopsis,echinopsis,0.6251,0.6251,4,pending,0
inat_241288798_430012131,echinopsis,echinopsis,0.8719,0.8719,4,pending,0
inat_243011908_433280505,echinopsis,echinopsis,0.9471,0.9471,4,pending,0
inat_243121863_433482326,echinopsis,echinopsis,0.3606,0.3606,4,ok,1
inat_243399184_434009354,echinopsis,echinopsis,0.5695,0.5695,4,pending,0
inat_244271314_435715819,echinopsis,echinopsis,0.9284,0.9284,4,pending,0
inat_244991392_437099764,echinopsis,echinopsis,0.9728,0.9728,4,pending,0
inat_246783399_440639471,echinopsis,echinopsis,0.8002,0.8002,4,pending,0
inat_247869540_442784957,echinopsis,echinopsis,0.8646,0.8646,4,ok,0
inat_247993613_443026116,echinopsis,echinopsis,0.6816,0.6816,4,pending,0
inat_253483492_453885203,echinopsis,echinopsis,0.8341,0.8341,4,pending,0
inat_256696324_460304680,echinopsis,echinopsis,0.6911,0.6911,4,pending,0
inat_257441534_461821041,echinopsis,echinopsis,0.8077,0.8077,4,ok,0
inat_259379611_465600545,echinopsis,echinopsis,0.9293,0.9293,4,pending,0
inat_266331650_478516699,echinopsis,echinopsis,0.9154,0.9154,4,pending,0
inat_268947941_483497515,echinopsis,echinopsis,0.9254,0.9254,4,pending,0
inat_272103611_489517450,echinopsis,echinopsis,0.884,0.884,4,pending,0
inat_275580295_495152515,echinopsis,echinopsis,0.9216,0.9216,4,pending,0
inat_276189113_496049084,echinopsis,echinopsis,0.9252,0.9252,4,pending,0
inat_276317469_496246960,echinopsis,echinopsis,0.7331,0.7331,4,ok,0
inat_276504203_496540958,echinopsis,echinopsis,0.7864,0.7864,4,not_potted,0
inat_277221273_497791912,echinopsis,echinopsis,0.8749,0.8749,4,pending,0
inat_277327461_497974295,echinopsis,echinopsis,0.8739,0.8739,4,pending,0
inat_278302337_499714304,echinopsis,echinopsis,0.9068,0.9068,4,pending,0
inat_279118701_501203995,echinopsis,echinopsis,0.9428,0.9428,4,pending,0
inat_279305613_501543561,echinopsis,echinopsis,0.8509,0.8509,4,pending,0
inat_279316036_501562422,echinopsis,echinopsis,0.9186,0.9186,4,pending,0
inat_280470622_503741296,echinopsis,echinopsis,0.9046,0.9046,4,pending,0
inat_280966498_504684652,echinopsis,echinopsis,0.5742,0.5742,4,pending,0
inat_281033568_504804700,echinopsis,echinopsis,0.884,0.884,4,pending,0
inat_282374896_507320177,echinopsis,echinopsis,0.8516,0.8516,4,pending,0
inat_283775635_509920713,echinopsis,echinopsis,0.6259,0.6259,4,pending,0
inat_288271261_518393973,echinopsis,echinopsis,0.9034,0.9034,4,pending,0
inat_290536380_522669200,echinopsis,echinopsis,0.9422,0.9422,4,pending,0
inat_294764852_530591330,echinopsis,astrophytum,0.1302,0.6609,4,pending,1
inat_296896415_534645529,echinopsis,echinopsis,0.5212,0.5212,4,pending,0
inat_297174350_535174291,echinopsis,echinopsis,0.9343,0.9343,4,pending,0
inat_301461489_543234180,echinopsis,echinopsis,0.9168,0.9168,4,pending,0
inat_304380257_548715600,echinopsis,echinopsis,0.9173,0.9173,4,pending,0
inat_308367148_556332677,echinopsis,echinopsis,0.9167,0.9167,4,pending,0
inat_309985583_559411171,echinopsis,echinopsis,0.6775,0.6775,4,ok,0
inat_312737248_564682730,echinopsis,echinopsis,0.9315,0.9315,4,pending,0
inat_315439014_569833401,echinopsis,echinopsis,0.9532,0.9532,4,pending,0
inat_316497474_571834018,echinopsis,echinopsis,0.8085,0.8085,4,pending,0
inat_317173151_573106180,echinopsis,echinopsis,0.9099,0.9099,4,pending,0
inat_318179965_575029708,echinopsis,echinopsis,0.925,0.925,4,pending,0
inat_319271116_577113875,echinopsis,echinopsis,0.9126,0.9126,4,ok,0
inat_319523787_577599580,echinopsis,echinopsis,0.3893,0.3893,4,ok,1
inat_320056795_578617946,echinopsis,echinopsis,0.9349,0.9349,4,pending,0
inat_320347490_579187141,echinopsis,echinopsis,0.8803,0.8803,4,pending,0
inat_321143416_580746923,echinopsis,echinopsis,0.907,0.907,4,pending,0
inat_321883481_582189083,echinopsis,echinopsis,0.8467,0.8467,4,pending,0
inat_323954277_586257421,echinopsis,echinopsis,0.9257,0.9257,4,pending,0
inat_323954658_586258210,echinopsis,echinopsis,0.7854,0.7854,4,blurry,0
inat_324486880_587319872,echinopsis,echinopsis,0.935,0.935,4,pending,0
inat_324799629_587956067,echinopsis,echinopsis,0.9116,0.9116,4,pending,0
inat_325276895_588901223,echinopsis,echinopsis,0.9275,0.9275,4,pending,0
inat_329075281_596432454,echinopsis,echinopsis,0.9269,0.9269,4,pending,0
inat_329169871_596625632,echinopsis,mammillaria,0.0157,0.9256,4,ok,1
inat_329293874_596873574,echinopsis,echinopsis,0.9558,0.9558,4,ok,0
inat_329460523_597211991,echinopsis,echinopsis,0.8957,0.8957,4,pending,0
inat_329592163_597479987,echinopsis,echinopsis,0.8,0.8,4,pending,0
inat_329932175_598166099,echinopsis,echinopsis,0.9343,0.9343,4,pending,0
inat_330556248_599440491,echinopsis,echinopsis,0.6958,0.6958,4,pending,0
inat_331104063_600572331,echinopsis,echinopsis,0.9204,0.9204,4,pending,0
inat_332761004_603971417,echinopsis,echinopsis,0.9367,0.9367,4,pending,0
inat_333860564_606162571,echinopsis,echinopsis,0.9531,0.9531,4,pending,0
inat_334086399_606623997,echinopsis,echinopsis,0.9109,0.9109,4,pending,0
inat_335198159_608890021,echinopsis,echinopsis,0.8771,0.8771,4,not_potted,0
inat_335454783_609405837,echinopsis,echinopsis,0.9535,0.9535,4,pending,0
inat_337443697_613432666,echinopsis,echinopsis,0.7815,0.7815,4,pending,0
inat_339442180_617495257,echinopsis,echinopsis,0.9006,0.9006,4,pending,0
inat_339512311_617638691,echinopsis,echinopsis,0.8424,0.8424,4,pending,0
inat_339631893_617876168,echinopsis,echinopsis,0.9292,0.9292,4,pending,0
inat_342165872_623042793,echinopsis,echinopsis,0.8096,0.8096,4,pending,0
inat_343067444_624851479,echinopsis,echinopsis,0.883,0.883,4,pending,0
inat_345460392_629581129,echinopsis,echinopsis,0.9089,0.9089,4,pending,0
inat_346221367_631074416,echinopsis,echinopsis,0.9293,0.9293,4,pending,0
inat_347539264_633690522,echinopsis,echinopsis,0.8321,0.8321,4,pending,0
inat_347611555_633831089,echinopsis,echinopsis,0.9474,0.9474,4,pending,0
inat_347638636_633882824,echinopsis,echinopsis,0.7915,0.7915,4,pending,0
inat_347644056_633893576,echinopsis,echinopsis,0.9107,0.9107,4,pending,0
inat_350947082_640380149,echinopsis,echinopsis,0.7855,0.7855,4,pending,0
inat_351103177_640675522,echinopsis,echinopsis,0.9334,0.9334,4,pending,0
inat_351392315_641248069,echinopsis,echinopsis,0.8413,0.8413,4,pending,0
inat_352394694_643181780,echinopsis,echinopsis,0.8709,0.8709,4,pending,0
inat_353186028_644477195,echinopsis,echinopsis,0.9302,0.9302,4,pending,0
inat_353394186_644822062,echinopsis,echinopsis,0.8627,0.8627,4,pending,0
inat_353864296_645598405,echinopsis,echinopsis,0.7423,0.7423,4,ok,0
inat_354892930_647360323,echinopsis,echinopsis,0.7591,0.7591,4,ok,0
inat_356102458_649394189,echinopsis,echinopsis,0.872,0.872,4,pending,0
inat_357375842_651817785,echinopsis,echinopsis,0.7991,0.7991,4,pending,0
inat_357745066_652526560,echinopsis,echinopsis,0.6048,0.6048,4,pending,0
inat_360727839_658253237,echinopsis,echinopsis,0.8689,0.8689,4,pending,0
inat_361610640_659959097,echinopsis,echinopsis,0.8936,0.8936,4,pending,0
inat_361610686_659959190,echinopsis,echinopsis,0.9565,0.9565,4,ok,0
inat_363051567_662681620,echinopsis,echinopsis,0.858,0.858,4,not_plant,0
inat_364153451_664770039,echinopsis,echinopsis,0.9297,0.9297,4,pending,0
inat_364880720_674525945,echinopsis,echinopsis,0.8375,0.8375,4,pending,0
inat_365416970_667164703,echinopsis,echinopsis,0.8865,0.8865,4,pending,0
inat_369671622_675276507,echinopsis,echinopsis,0.9404,0.9404,4,pending,0
inat_371739215_679215076,echinopsis,echinopsis,0.8748,0.8748,4,pending,0
inat_372743650_681146086,echinopsis,echinopsis,0.857,0.857,4,pending,0
inat_373963658_683380842,echinopsis,echinopsis,0.9038,0.9038,4,pending,0
inat_377708228_690734424,echinopsis,echinopsis,0.9388,0.9388,4,not_potted,0
inat_380033103_695221005,echinopsis,gymnocalycium,0.2831,0.5064,4,not_potted,1
inat_381482303_698025467,echinopsis,echinopsis,0.7138,0.7138,4,ok,0
inat_386170327_707039372,echinopsis,echinopsis,0.916,0.916,4,pending,0
inat_387068873_708750191,echinopsis,echinopsis,0.924,0.924,4,pending,0
inat_388938007_712400375,echinopsis,echinopsis,0.805,0.805,4,pending,0
inat_389874636_714199278,echinopsis,echinopsis,0.905,0.905,4,pending,0
inat_392466840_719250640,echinopsis,echinopsis,0.9405,0.9405,4,pending,0
inat_392959534_720209413,echinopsis,echinopsis,0.9409,0.9409,4,ok,0
inat_394536965_723303328,echinopsis,mammillaria,0.0057,0.8564,4,ok,1
inat_396229336_726624717,echinopsis,echinopsis,0.7168,0.7168,4,pending,0
inat_396934705_727962748,echinopsis,echinopsis,0.8367,0.8367,4,pending,0
inat_397543127_729149850,echinopsis,echinopsis,0.7787,0.7787,4,pending,0
inat_399732381_733416244,echinopsis,echinopsis,0.8433,0.8433,4,pending,0
inat_399951638_733847462,echinopsis,echinopsis,0.9036,0.9036,4,pending,0
inat_48243862_76538737,echinopsis,echinopsis,0.6495,0.6495,4,pending,0
inat_55501636_88381542,echinopsis,echinopsis,0.942,0.942,4,pending,0
inat_73173960_119433462,echinopsis,astrophytum,0.3067,0.483,4,pending,1
inat_75740492_123946792,echinopsis,echinopsis,0.8223,0.8223,4,pending,0
inat_76597088_125284986,echinopsis,echinopsis,0.8742,0.8742,4,pending,0
inat_84758748_139341376,echinopsis,echinopsis,0.915,0.915,4,pending,0
inat_97372812_161929464,echinopsis,echinopsis,0.5017,0.5017,4,pending,0
inat_99227975_165370377,echinopsis,echinopsis,0.9401,0.9401,4,pending,0
inat_99352659_165602635,echinopsis,echinopsis,0.8977,0.8977,4,pending,0
inat_213590638_377482847,gymnocalycium,gymnocalycium,0.9382,0.9382,4,pending,0
inat_214522297_379190832,gymnocalycium,gymnocalycium,0.9186,0.9186,4,pending,0
inat_215601552_381201529,gymnocalycium,gymnocalycium,0.9457,0.9457,4,pending,0
inat_215994322_381943614,gymnocalycium,gymnocalycium,0.7066,0.7066,4,pending,0
inat_215995149_381945203,gymnocalycium,gymnocalycium,0.5918,0.5918,4,pending,0
inat_216273620_382478512,gymnocalycium,astrophytum,0.043,0.8791,4,ok,1
inat_220514193_390424052,gymnocalycium,gymnocalycium,0.86,0.86,4,pending,0
inat_220628419_390645864,gymnocalycium,gymnocalycium,0.7892,0.7892,4,pending,0
inat_223924352_396815825,gymnocalycium,gymnocalycium,0.796,0.796,4,ok,0
inat_223940094_396844427,gymnocalycium,gymnocalycium,0.4789,0.4789,4,pending,1
inat_227173742_404359860,gymnocalycium,gymnocalycium,0.9055,0.9055,4,pending,0
inat_228787423_406041288,gymnocalycium,echinopsis,0.0365,0.8682,4,wrong_label,1
inat_232817674_414313162,gymnocalycium,gymnocalycium,0.7883,0.7883,4,pending,0
inat_239287026_426144820,gymnocalycium,gymnocalycium,0.6558,0.6558,4,pending,0
inat_240505595_428490025,gymnocalycium,gymnocalycium,0.9038,0.9038,4,pending,0
inat_242878587_433026730,gymnocalycium,gymnocalycium,0.6257,0.6257,4,ok,0
inat_243840246_434859672,gymnocalycium,gymnocalycium,0.8867,0.8867,4,pending,0
inat_244526193_436184661,gymnocalycium,gymnocalycium,0.3753,0.3753,4,pending,1
inat_246488969_440051489,gymnocalycium,gymnocalycium,0.8431,0.8431,4,pending,0
inat_248231257_443495281,gymnocalycium,astrophytum,0.0937,0.6483,4,pending,1
inat_249205310_445427870,gymnocalycium,gymnocalycium,0.7234,0.7234,4,ok,0
inat_249361004_445740551,gymnocalycium,gymnocalycium,0.8617,0.8617,4,pending,0
inat_252657906_452321934,gymnocalycium,gymnocalycium,0.9483,0.9483,4,pending,0
inat_252784109_452550691,gymnocalycium,echinopsis,0.2124,0.6631,4,ok,1
inat_254022551_454918694,gymnocalycium,gymnocalycium,0.8674,0.8674,4,pending,0
inat_263741619_473852623,gymnocalycium,gymnocalycium,0.4232,0.4232,4,not_potted,1
inat_265189754_476294415,gymnocalycium,gymnocalycium,0.8612,0.8612,4,pending,0
inat_266269472_478393992,gymnocalycium,gymnocalycium,0.8559,0.8559,4,pending,0
inat_270629154_486727384,gymnocalycium,gymnocalycium,0.8256,0.8256,4,pending,0
inat_271770574_488881696,gymnocalycium,gymnocalycium,0.8848,0.8848,4,pending,0
inat_272352994_489981903,gymnocalycium,gymnocalycium,0.8827,0.8827,4,pending,0
inat_272997339_491108223,gymnocalycium,gymnocalycium,0.9083,0.9083,4,pending,0
inat_273081188_491232753,gymnocalycium,gymnocalycium,0.649,0.649,4,ok,0
inat_275084437_494383453,gymnocalycium,echinopsis,0.107,0.8075,4,ok,1
inat_276832072_497102663,gymnocalycium,gymnocalycium,0.9024,0.9024,4,pending,0
inat_277039946_497465538,gymnocalycium,astrophytum,0.1815,0.5481,4,ok,1
inat_277165547_497690366,gymnocalycium,echinopsis,0.4119,0.5061,4,pending,1
inat_277966814_499114028,gymnocalycium,gymnocalycium,0.8691,0.8691,4,pending,0
inat_281133716_505363257,gymnocalycium,gymnocalycium,0.9124,0.9124,4,pending,0
inat_281536914_505752866,gymnocalycium,gymnocalycium,0.9097,0.9097,4,pending,0
inat_284041921_510427935,gymnocalycium,gymnocalycium,0.9452,0.9452,4,pending,0
inat_286300414_514683742,gymnocalycium,gymnocalycium,0.9043,0.9043,4,pending,0
inat_291072513_523670895,gymnocalycium,gymnocalycium,0.9449,0.9449,4,pending,0
inat_291281596_524067174,gymnocalycium,gymnocalycium,0.9569,0.9569,4,pending,0
inat_297327682_535461309,gymnocalycium,gymnocalycium,0.9535,0.9535,4,pending,0
inat_300614330_541662176,gymnocalycium,astrophytum,0.3237,0.4845,4,pending,1
inat_314817283_568643890,gymnocalycium,gymnocalycium,0.8991,0.8991,4,pending,0
inat_316639344_572106150,gymnocalycium,gymnocalycium,0.9244,0.9244,4,ok,0
inat_319160973_576904063,gymnocalycium,gymnocalycium,0.8124,0.8124,4,pending,0
inat_319342935_577246243,gymnocalycium,gymnocalycium,0.8921,0.8921,4,pending,0
inat_319684558_577906722,gymnocalycium,gymnocalycium,0.9268,0.9268,4,pending,0
inat_323647044_585653684,gymnocalycium,gymnocalycium,0.9252,0.9252,4,pending,0
inat_330652385_599581323,gymnocalycium,gymnocalycium,0.4692,0.4692,4,not_potted,1
inat_330653783_599643713,gymnocalycium,gymnocalycium,0.8944,0.8944,4,pending,0
inat_331067415_600497070,gymnocalycium,gymnocalycium,0.602,0.602,4,ok,0
inat_333714830_605864760,gymnocalycium,gymnocalycium,0.8623,0.8623,4,ok,0
inat_333869574_606180720,gymnocalycium,gymnocalycium,0.6576,0.6576,4,ok,0
inat_333966820_606379569,gymnocalycium,gymnocalycium,0.8431,0.8431,4,pending,0
inat_334734428_607941429,gymnocalycium,gymnocalycium,0.448,0.448,4,ok,1
inat_338358307_615307506,gymnocalycium,gymnocalycium,0.9636,0.9636,4,ok,0
inat_339276397_617152508,gymnocalycium,gymnocalycium,0.9063,0.9063,4,pending,0
inat_339276398_617152523,gymnocalycium,gymnocalycium,0.916,0.916,4,pending,0
inat_341313475_621312990,gymnocalycium,echinopsis,0.417,0.4626,4,pending,1
inat_349418262_637404246,gymnocalycium,gymnocalycium,0.8237,0.8237,4,pending,0
inat_355146361_647788658,gymnocalycium,gymnocalycium,0.8571,0.8571,4,pending,0
inat_355737578_648736657,gymnocalycium,gymnocalycium,0.8141,0.8141,4,pending,0
inat_358477999_653956696,gymnocalycium,gymnocalycium,0.9642,0.9642,4,pending,0
inat_367023497_670227857,gymnocalycium,gymnocalycium,0.7461,0.7461,4,pending,0
inat_368612942_673270595,gymnocalycium,echinopsis,0.0626,0.7053,4,not_plant,1
inat_372869309_681390331,gymnocalycium,mammillaria,0.0564,0.4671,4,ok,1
inat_378325467_691923844,gymnocalycium,gymnocalycium,0.9163,0.9163,4,pending,0
inat_385451153_705651947,gymnocalycium,astrophytum,0.0526,0.7552,4,ok,1
inat_385631603_706001315,gymnocalycium,gymnocalycium,0.9098,0.9098,4,pending,0
inat_388576326_711671216,gymnocalycium,gymnocalycium,0.8818,0.8818,4,pending,0
inat_388576349_711679813,gymnocalycium,gymnocalycium,0.8993,0.8993,4,pending,0
inat_388576352_711680493,gymnocalycium,gymnocalycium,0.9296,0.9296,4,pending,0
inat_392137107_718599538,gymnocalycium,gymnocalycium,0.8954,0.8954,4,ok,0
inat_392225312_718773662,gymnocalycium,gymnocalycium,0.7114,0.7114,4,pending,0
inat_393374889_721027151,gymnocalycium,gymnocalycium,0.7147,0.7147,4,pending,0
inat_399179731_732345694,gymnocalycium,gymnocalycium,0.4636,0.4636,4,pending,1
inat_10313878_14290593,mammillaria,mammillaria,0.9269,0.9269,4,pending,0
inat_103377296_173000527,mammillaria,mammillaria,0.9167,0.9167,4,pending,0
inat_105072849_176211209,mammillaria,mammillaria,0.9239,0.9239,4,pending,0
inat_111915761_188987402,mammillaria,mammillaria,0.9174,0.9174,4,pending,0
inat_112219918_189539534,mammillaria,mammillaria,0.9443,0.9443,4,pending,0
inat_114979595_194102944,mammillaria,mammillaria,0.9345,0.9345,4,pending,0
inat_12029980_17242710,mammillaria,mammillaria,0.9069,0.9069,4,pending,0
inat_122043185_206587205,mammillaria,mammillaria,0.9429,0.9429,4,pending,0
inat_133145208_226746517,mammillaria,mammillaria,0.9113,0.9113,4,pending,0
inat_135555496_231217066,mammillaria,mammillaria,0.9653,0.9653,4,pending,0
inat_139861165_239301836,mammillaria,mammillaria,0.9128,0.9128,4,pending,0
inat_143175077_245522358,mammillaria,mammillaria,0.9172,0.9172,4,pending,0
inat_145416697_249771282,mammillaria,mammillaria,0.9205,0.9205,4,pending,0
inat_146751757_252377511,mammillaria,mammillaria,0.941,0.941,4,pending,0
inat_147043060_252947756,mammillaria,mammillaria,0.926,0.926,4,pending,0
inat_147329195_253497359,mammillaria,mammillaria,0.9177,0.9177,4,pending,0
inat_151811614_261997800,mammillaria,mammillaria,0.8817,0.8817,4,pending,0
inat_152161394_262640232,mammillaria,mammillaria,0.9331,0.9331,4,pending,0
inat_153954723_265966161,mammillaria,mammillaria,0.9386,0.9386,4,pending,0
inat_158794573_274383694,mammillaria,mammillaria,0.9375,0.9375,4,pending,0
inat_158826146_274432277,mammillaria,mammillaria,0.9335,0.9335,4,pending,0
inat_160941569_278145168,mammillaria,mammillaria,0.9143,0.9143,4,pending,0
inat_163153225_282157488,mammillaria,mammillaria,0.9074,0.9074,4,pending,0
inat_164936529_285446806,mammillaria,mammillaria,0.9142,0.9142,4,pending,0
inat_166312455_287989245,mammillaria,mammillaria,0.9035,0.9035,4,pending,0
inat_173286651_300915614,mammillaria,mammillaria,0.8825,0.8825,4,pending,0
inat_173981203_302199883,mammillaria,mammillaria,0.9089,0.9089,4,pending,0
inat_178216658_310072369,mammillaria,mammillaria,0.7878,0.7878,4,pending,0
inat_179123351_311804008,mammillaria,mammillaria,0.8774,0.8774,4,pending,0
inat_180461016_314351900,mammillaria,mammillaria,0.9266,0.9266,4,pending,0
inat_188911457_330781001,mammillaria,mammillaria,0.8913,0.8913,4,pending,0
inat_189740181_332470268,mammillaria,mammillaria,0.8756,0.8756,4,pending,0
inat_193289902_339530719,mammillaria,mammillaria,0.9145,0.9145,4,pending,0
inat_196955072_346764865,mammillaria,echinopsis,0.3044,0.3376,4,pending,1
inat_197499949_347866919,mammillaria,mammillaria,0.8568,0.8568,4,pending,0
inat_203531720_359618173,mammillaria,mammillaria,0.9395,0.9395,4,pending,0
inat_20484761_31612704,mammillaria,mammillaria,0.8899,0.8899,4,pending,0
inat_205511123_363392241,mammillaria,mammillaria,0.9281,0.9281,4,pending,0
inat_208258875_368459509,mammillaria,mammillaria,0.9295,0.9295,4,pending,0
inat_208608635_369107999,mammillaria,mammillaria,0.9418,0.9418,4,pending,0
inat_210145753_371748046,mammillaria,mammillaria,0.9157,0.9157,4,pending,0
inat_210333637_372038448,mammillaria,mammillaria,0.859,0.859,4,pending,0
inat_210966818_374185642,mammillaria,mammillaria,0.9055,0.9055,4,pending,0
inat_211585902_374043556,mammillaria,mammillaria,0.9536,0.9536,4,pending,0
inat_211731879_374262211,mammillaria,mammillaria,0.8693,0.8693,4,pending,0
inat_211917798_374531755,mammillaria,mammillaria,0.8899,0.8899,4,pending,0
inat_214318399_378809126,mammillaria,mammillaria,0.944,0.944,4,pending,0
inat_214437226_379029249,mammillaria,mammillaria,0.9334,0.9334,4,pending,0
inat_215582183_381166280,mammillaria,mammillaria,0.7843,0.7843,4,pending,0
inat_220225519_389881052,mammillaria,mammillaria,0.8812,0.8812,4,pending,0
inat_224600702_398098131,mammillaria,mammillaria,0.9525,0.9525,4,pending,0
inat_226240168_401211946,mammillaria,mammillaria,0.9175,0.9175,4,pending,0
inat_226799613_402273674,mammillaria,mammillaria,0.9586,0.9586,4,pending,0
inat_228321460_405149657,mammillaria,mammillaria,0.9372,0.9372,4,pending,0
inat_229525837_407430116,mammillaria,mammillaria,0.886,0.886,4,pending,0
inat_232079206_412266665,mammillaria,mammillaria,0.902,0.902,4,pending,0
inat_23508193_36401002,mammillaria,mammillaria,0.9356,0.9356,4,pending,0
inat_237176246_422051961,mammillaria,mammillaria,0.8779,0.8779,4,pending,0
inat_237727031_423119253,mammillaria,mammillaria,0.9511,0.9511,4,pending,0
inat_240401275_428293460,mammillaria,mammillaria,0.9415,0.9415,4,pending,0
inat_242219764_431807793,mammillaria,mammillaria,0.8946,0.8946,4,pending,0
inat_243148313_433530995,mammillaria,mammillaria,0.9514,0.9514,4,pending,0
inat_243169288_433570690,mammillaria,mammillaria,0.951,0.951,4,pending,0
inat_243467081_434140146,mammillaria,mammillaria,0.9186,0.9186,4,pending,0
inat_245836413_438737562,mammillaria,mammillaria,0.9525,0.9525,4,pending,0
inat_250754790_448539364,mammillaria,mammillaria,0.9457,0.9457,4,pending,0
inat_252024268_451068877,mammillaria,mammillaria,0.9411,0.9411,4,pending,0
inat_252921119_452803918,mammillaria,mammillaria,0.9416,0.9416,4,pending,0
inat_263683418_473744305,mammillaria,mammillaria,0.9128,0.9128,4,pending,0
inat_26539578_41219447,mammillaria,mammillaria,0.9302,0.9302,4,pending,0
inat_265972485_477831068,mammillaria,mammillaria,0.9837,0.9837,4,pending,0
inat_266223427_478308383,mammillaria,mammillaria,0.9296,0.9296,4,pending,0
inat_266677409_479148762,mammillaria,mammillaria,0.9626,0.9626,4,pending,0
inat_268039878_481759096,mammillaria,mammillaria,0.9246,0.9246,4,pending,0
inat_268065715_481806347,mammillaria,echinopsis,0.0641,0.808,4,pending,1
inat_268113303_481890831,mammillaria,mammillaria,0.9299,0.9299,4,pending,0
inat_268829367_483268444,mammillaria,mammillaria,0.7983,0.7983,4,pending,0
inat_271392659_488176245,mammillaria,mammillaria,0.9448,0.9448,4,pending,0
inat_271790749_488921593,mammillaria,mammillaria,0.8577,0.8577,4,pending,0
inat_274056341_492755930,mammillaria,mammillaria,0.9397,0.9397,4,pending,0
inat_274243645_493061467,mammillaria,mammillaria,0.9345,0.9345,4,pending,0
inat_274502675_493480820,mammillaria,mammillaria,0.8873,0.8873,4,pending,0
inat_274566381_493575959,mammillaria,mammillaria,0.9318,0.9318,4,pending,0
inat_274765523_493883049,mammillaria,mammillaria,0.9447,0.9447,4,pending,0
inat_275954808_495690585,mammillaria,mammillaria,0.9075,0.9075,4,pending,0
inat_276393508_496366242,mammillaria,mammillaria,0.9368,0.9368,4,pending,0
inat_277229244_497729687,mammillaria,mammillaria,0.8772,0.8772,4,pending,0
inat_277435060_498158180,mammillaria,mammillaria,0.9143,0.9143,4,pending,0
inat_278287429_499675301,mammillaria,mammillaria,0.8391,0.8391,4,pending,0
inat_279059913_501095109,mammillaria,mammillaria,0.8325,0.8325,4,pending,0
inat_279092260_501154264,mammillaria,mammillaria,0.8614,0.8614,4,pending,0
inat_279568835_502033571,mammillaria,mammillaria,0.9115,0.9115,4,pending,0
inat_280367530_503535494,mammillaria,mammillaria,0.9317,0.9317,4,pending,0
inat_280368394_503536992,mammillaria,mammillaria,0.9093,0.9093,4,pending,0
inat_280396662_503542806,mammillaria,mammillaria,0.5619,0.5619,4,pending,0
inat_280550490_503886718,mammillaria,mammillaria,0.9351,0.9351,4,pending,0
inat_291793032_525027785,mammillaria,mammillaria,0.8758,0.8758,4,pending,0
inat_292303176_526007200,mammillaria,mammillaria,0.9279,0.9279,4,pending,0
inat_292444025_526269273,mammillaria,echinocactus,0.2852,0.4312,4,pending,1
inat_293900616_528958706,mammillaria,mammillaria,0.9449,0.9449,4,pending,0
inat_295837671_532616663,mammillaria,mammillaria,0.9284,0.9284,4,pending,0
inat_296247227_533409649,mammillaria,mammillaria,0.8849,0.8849,4,pending,0
inat_298933530_538517790,mammillaria,mammillaria,0.9138,0.9138,4,pending,0
inat_302061410_544357879,mammillaria,mammillaria,0.9278,0.9278,4,pending,0
inat_308070481_555757905,mammillaria,mammillaria,0.8996,0.8996,4,pending,0
inat_313045623_565277821,mammillaria,mammillaria,0.8865,0.8865,4,pending,0
inat_315641051_570216567,mammillaria,mammillaria,0.9663,0.9663,4,pending,0
inat_316707634_572234703,mammillaria,mammillaria,0.8902,0.8902,4,pending,0
inat_317047977_572862522,mammillaria,mammillaria,0.7641,0.7641,4,pending,0
inat_318322957_575299955,mammillaria,mammillaria,0.5576,0.5576,4,pending,0
inat_318381306_575412511,mammillaria,mammillaria,0.9359,0.9359,4,pending,0
inat_318478528_575597143,mammillaria,mammillaria,0.9343,0.9343,4,pending,0
inat_318515148_575668985,mammillaria,mammillaria,0.9382,0.9382,4,pending,0
inat_318515309_575669255,mammillaria,mammillaria,0.6447,0.6447,4,pending,0
inat_318669607_575964574,mammillaria,mammillaria,0.921,0.921,4,pending,0
inat_318962043_576517744,mammillaria,mammillaria,0.881,0.881,4,pending,0
inat_319284670_577139685,mammillaria,mammillaria,0.8724,0.8724,4,pending,0
inat_319374974_577311027,mammillaria,mammillaria,0.916,0.916,4,pending,0
inat_319702002_577941890,mammillaria,mammillaria,0.8362,0.8362,4,pending,0
inat_321073347_580610105,mammillaria,mammillaria,0.9074,0.9074,4,pending,0
inat_322414450_583254238,mammillaria,mammillaria,0.8972,0.8972,4,pending,0
inat_323774330_585907325,mammillaria,mammillaria,0.8891,0.8891,4,pending,0
inat_323857466_586061408,mammillaria,mammillaria,0.9186,0.9186,4,pending,0
inat_324545178_587435650,mammillaria,echinopsis,0.4008,0.468,4,pending,1
inat_324689712_587728748,mammillaria,mammillaria,0.9486,0.9486,4,pending,0
inat_324709803_587769812,mammillaria,mammillaria,0.9084,0.9084,4,pending,0
inat_324710102_587770307,mammillaria,mammillaria,0.9261,0.9261,4,pending,0
inat_325036585_588427091,mammillaria,mammillaria,0.9121,0.9121,4,pending,0
inat_327915125_594127917,mammillaria,mammillaria,0.9441,0.9441,4,pending,0
inat_328450174_595175124,mammillaria,mammillaria,0.7893,0.7893,4,pending,0
inat_328542382_595364563,mammillaria,mammillaria,0.8228,0.8228,4,pending,0
inat_329086017_596458319,mammillaria,mammillaria,0.9109,0.9109,4,pending,0
inat_329559135_597409991,mammillaria,mammillaria,0.6025,0.6025,4,pending,0
inat_329564423_597421444,mammillaria,mammillaria,0.7204,0.7204,4,pending,0
inat_330349781_599015050,mammillaria,mammillaria,0.9305,0.9305,4,pending,0
inat_330358357_599033346,mammillaria,mammillaria,0.838,0.838,4,pending,0
inat_330659723_599648194,mammillaria,gymnocalycium,0.1778,0.5878,4,pending,1
inat_331123713_600613148,mammillaria,mammillaria,0.9227,0.9227,4,pending,0
inat_331715213_601824324,mammillaria,mammillaria,0.9119,0.9119,4,ok,0
inat_333226692_604926813,mammillaria,mammillaria,0.495,0.495,4,not_potted,1
inat_335320608_609134078,mammillaria,mammillaria,0.9225,0.9225,4,pending,0
inat_336122556_610745695,mammillaria,mammillaria,0.9059,0.9059,4,pending,0
inat_337518041_613583956,mammillaria,mammillaria,0.812,0.812,4,pending,0
inat_33906609_53304290,mammillaria,mammillaria,0.9333,0.9333,4,pending,0
inat_339975185_618580225,mammillaria,astrophytum,0.2418,0.3132,4,ok,1
inat_340115768_618872505,mammillaria,mammillaria,0.6806,0.6806,4,ok,0
inat_34058399_53555523,mammillaria,mammillaria,0.891,0.891,4,pending,0
inat_340980690_620627100,mammillaria,mammillaria,0.9309,0.9309,4,pending,0
inat_341398178_621489845,mammillaria,mammillaria,0.9444,0.9444,4,pending,0
inat_341622483_621948662,mammillaria,parodia,0.1807,0.4412,4,blurry,1
inat_341754254_622213512,mammillaria,mammillaria,0.5884,0.5884,4,not_potted,0
inat_342360595_623439603,mammillaria,mammillaria,0.9297,0.9297,4,pending,0
inat_342634510_623994620,mammillaria,mammillaria,0.9044,0.9044,4,pending,0
inat_342806378_624324755,mammillaria,mammillaria,0.9424,0.9424,4,pending,0
inat_343700549_626138617,mammillaria,parodia,0.1272,0.5643,4,ok,1
inat_344138774_627005265,mammillaria,mammillaria,0.6018,0.6018,4,not_potted,0
inat_344418605_627548638,mammillaria,mammillaria,0.914,0.914,4,pending,0
inat_344421593_627556280,mammillaria,mammillaria,0.6502,0.6502,4,ok,0
inat_344965182_628596880,mammillaria,mammillaria,0.9175,0.9175,4,pending,0
inat_345350793_629360352,mammillaria,mammillaria,0.9457,0.9457,4,pending,0
inat_345355451_629368560,mammillaria,mammillaria,0.8783,0.8783,4,pending,0
inat_345385624_629429269,mammillaria,mammillaria,0.9231,0.9231,4,blurry,0
inat_346119653_630874471,mammillaria,mammillaria,0.9182,0.9182,4,pending,0
inat_346294249_631223336,mammillaria,mammillaria,0.9182,0.9182,4,pending,0
inat_346945570_632509591,mammillaria,mammillaria,0.5734,0.5734,4,pending,0
inat_346992369_636603843,mammillaria,mammillaria,0.9625,0.9625,4,pending,0
inat_347619124_633845194,mammillaria,mammillaria,0.4574,0.4574,4,ok,1
inat_350805045_640115534,mammillaria,mammillaria,0.8877,0.8877,4,pending,0
inat_35098556_55325735,mammillaria,mammillaria,0.9072,0.9072,4,pending,0
inat_351237208_640916390,mammillaria,mammillaria,0.9185,0.9185,4,pending,0
inat_351299373_641053455,mammillaria,mammillaria,0.8054,0.8054,4,ok,0
inat_352247332_642909762,mammillaria,mammillaria,0.8607,0.8607,4,pending,0
inat_352651752_643589851,mammillaria,mammillaria,0.9126,0.9126,4,pending,0
inat_354723398_647061910,mammillaria,mammillaria,0.9194,0.9194,4,pending,0
inat_355431455_648220430,mammillaria,mammillaria,0.9584,0.9584,4,pending,0
inat_355522004_648363368,mammillaria,mammillaria,0.7952,0.7952,4,pending,0
inat_355592918_648487164,mammillaria,mammillaria,0.7487,0.7487,4,pending,0
inat_356566011_650248380,mammillaria,mammillaria,0.9253,0.9253,4,pending,0
inat_356735173_650577410,mammillaria,mammillaria,0.9372,0.9372,4,ok,0
inat_357516531_652087343,mammillaria,mammillaria,0.9277,0.9277,4,pending,0
inat_358038372_653092383,mammillaria,mammillaria,0.8361,0.8361,4,pending,0
inat_358761347_654503339,mammillaria,mammillaria,0.7091,0.7091,4,pending,0
inat_358794426_654571014,mammillaria,mammillaria,0.9677,0.9677,4,pending,0
inat_36062516_56957634,mammillaria,mammillaria,0.8756,0.8756,4,pending,0
inat_360727868_658253283,mammillaria,mammillaria,0.8462,0.8462,4,pending,0
inat_361053315_658892242,mammillaria,mammillaria,0.6276,0.6276,4,pending,0
inat_361498238_659735909,mammillaria,mammillaria,0.739,0.739,4,pending,0
inat_361502093_659743409,mammillaria,mammillaria,0.9167,0.9167,4,pending,0
inat_363082433_662739456,mammillaria,mammillaria,0.9183,0.9183,4,ok,0
inat_363085017_662746510,mammillaria,mammillaria,0.9018,0.9018,4,pending,0
inat_363094669_662762193,mammillaria,mammillaria,0.8091,0.8091,4,pending,0
inat_363939090_664366925,mammillaria,mammillaria,0.9344,0.9344,4,pending,0
inat_366032799_668338023,mammillaria,mammillaria,0.8828,0.8828,4,pending,0
inat_368710085_673450874,mammillaria,mammillaria,0.9134,0.9134,4,pending,0
inat_36932000_58460701,mammillaria,mammillaria,0.9239,0.9239,4,pending,0
inat_371985666_679695295,mammillaria,mammillaria,0.9166,0.9166,4,pending,0
inat_372165695_680045682,mammillaria,mammillaria,0.8423,0.8423,4,pending,0
inat_372439239_680564855,mammillaria,mammillaria,0.923,0.923,4,pending,0
inat_37456137_59385046,mammillaria,mammillaria,0.9089,0.9089,4,pending,0
inat_374737600_684979229,mammillaria,mammillaria,0.7935,0.7935,4,pending,0
inat_375460857_686392227,mammillaria,mammillaria,0.9389,0.9389,4,pending,0
inat_376159576_687743513,mammillaria,mammillaria,0.7811,0.7811,4,ok,0
inat_379528449_694242187,mammillaria,mammillaria,0.6554,0.6554,4,multi_plant,0
inat_381371519_697811226,mammillaria,mammillaria,0.9398,0.9398,4,pending,0
inat_384895609_704602208,mammillaria,mammillaria,0.8885,0.8885,4,pending,0
inat_387281372_709159435,mammillaria,mammillaria,0.9501,0.9501,4,pending,0
inat_388418826_711383591,mammillaria,mammillaria,0.9206,0.9206,4,pending,0
inat_388923527_712371007,mammillaria,mammillaria,0.628,0.628,4,pending,0
inat_390216906_714869808,mammillaria,mammillaria,0.9258,0.9258,4,pending,0
inat_391028974_716453771,mammillaria,mammillaria,0.602,0.602,4,pending,0
inat_392535672_719382924,mammillaria,mammillaria,0.9095,0.9095,4,ok,0
inat_393679588_721620176,mammillaria,mammillaria,0.9656,0.9656,4,ok,0
inat_394473517_723181062,mammillaria,mammillaria,0.7078,0.7078,4,pending,0
inat_394641366_723511504,mammillaria,mammillaria,0.6228,0.6228,4,ok,0
inat_394690775_723606666,mammillaria,mammillaria,0.9402,0.9402,4,pending,0
inat_394839417_723900857,mammillaria,mammillaria,0.8961,0.8961,4,ok,0
inat_39519532_62708207,mammillaria,mammillaria,0.9668,0.9668,4,pending,0
inat_395872501_725914073,mammillaria,mammillaria,0.9271,0.9271,4,pending,0
inat_39813853_63202291,mammillaria,mammillaria,0.8815,0.8815,4,pending,0
inat_400575517_735113172,mammillaria,mammillaria,0.9219,0.9219,4,ok,0
inat_41828364_66371677,mammillaria,mammillaria,0.9213,0.9213,4,pending,0
inat_43010259_68292042,mammillaria,mammillaria,0.9494,0.9494,4,pending,0
inat_44002527_69764642,mammillaria,mammillaria,0.9429,0.9429,4,pending,0
inat_45104677_71509570,mammillaria,mammillaria,0.9284,0.9284,4,pending,0
inat_4767822_5804873,mammillaria,mammillaria,0.9096,0.9096,4,pending,0
inat_50989970_80993611,mammillaria,mammillaria,0.9506,0.9506,4,pending,0
inat_5515415_6802223,mammillaria,mammillaria,0.8999,0.8999,4,pending,0
inat_57841451_92295824,mammillaria,mammillaria,0.8285,0.8285,4,pending,0
inat_66483643_107185739,mammillaria,mammillaria,0.8498,0.8498,4,pending,0
inat_67674970_109400445,mammillaria,mammillaria,0.8754,0.8754,4,pending,0
inat_68337235_110626624,mammillaria,mammillaria,0.9348,0.9348,4,pending,0
inat_69947651_113618325,mammillaria,mammillaria,0.9311,0.9311,4,pending,0
inat_76714246_125469604,mammillaria,mammillaria,0.9601,0.9601,4,pending,0
inat_77928343_127480065,mammillaria,mammillaria,0.5374,0.5374,4,pending,0
inat_82584303_135555293,mammillaria,mammillaria,0.9353,0.9353,4,pending,0
inat_83172179_136574171,mammillaria,mammillaria,0.9049,0.9049,4,pending,0
inat_99122440_165171680,mammillaria,mammillaria,0.8094,0.8094,4,pending,0
inat_276586862_496681342,opuntia,opuntia,0.9508,0.9508,4,pending,0
inat_277351789_498014830,opuntia,opuntia,0.9409,0.9409,4,pending,0
inat_277591495_498441034,opuntia,opuntia,0.9269,0.9269,4,pending,0
inat_277905364_499002026,opuntia,opuntia,0.9378,0.9378,4,pending,0
inat_278506703_500076282,opuntia,opuntia,0.8964,0.8964,4,pending,0
inat_278647791_500339756,opuntia,opuntia,0.8414,0.8414,4,pending,0
inat_278716804_500468103,opuntia,opuntia,0.9243,0.9243,4,pending,0
inat_280740301_504251709,opuntia,opuntia,0.8997,0.8997,4,not_potted,0
inat_281124114_504971822,opuntia,opuntia,0.8977,0.8977,4,pending,0
inat_283123338_508711703,opuntia,opuntia,0.9241,0.9241,4,ok,0
inat_283223654_508891432,opuntia,opuntia,0.9136,0.9136,4,pending,0
inat_283762483_509899465,opuntia,opuntia,0.9099,0.9099,4,pending,0
inat_284736847_511754470,opuntia,opuntia,0.9169,0.9169,4,pending,0
inat_290737020_523039415,opuntia,opuntia,0.9458,0.9458,4,pending,0
inat_291816982_525072423,opuntia,opuntia,0.9652,0.9652,4,pending,0
inat_292061809_525541378,opuntia,opuntia,0.9283,0.9283,4,pending,0
inat_293181808_527668094,opuntia,opuntia,0.9451,0.9451,4,pending,0
inat_294991258_531003019,opuntia,echinopsis,0.1123,0.3413,4,not_potted,1
inat_296940604_534732231,opuntia,opuntia,0.8883,0.8883,4,pending,0
inat_297572262_535925393,opuntia,opuntia,0.8948,0.8948,4,pending,0
inat_297669277_536103586,opuntia,opuntia,0.9062,0.9062,4,pending,0
inat_299387737_539365142,opuntia,opuntia,0.7171,0.7171,4,pending,0
inat_299944197_540400119,opuntia,opuntia,0.9193,0.9193,4,pending,0
inat_300726050_541861152,opuntia,opuntia,0.8812,0.8812,4,ok,0
inat_301461527_543234266,opuntia,opuntia,0.8276,0.8276,4,pending,0
inat_302858330_545832660,opuntia,opuntia,0.8968,0.8968,4,pending,0
inat_302898354_545905058,opuntia,opuntia,0.7671,0.7671,4,pending,0
inat_305100593_550073641,opuntia,opuntia,0.9728,0.9728,4,pending,0
inat_305889537_551572987,opuntia,opuntia,0.6777,0.6777,4,pending,0
inat_306861553_553424178,opuntia,opuntia,0.8555,0.8555,4,pending,0
inat_314086537_567265743,opuntia,opuntia,0.9526,0.9526,4,ok,0
inat_316444011_579148783,opuntia,mammillaria,0.3813,0.5166,4,pending,1
inat_318485067_575610692,opuntia,astrophytum,0.3657,0.4397,4,blurry,1
inat_319587520_577717892,opuntia,opuntia,0.8982,0.8982,4,pending,0
inat_319850628_578222332,opuntia,opuntia,0.9218,0.9218,4,pending,0
inat_319876350_578272947,opuntia,opuntia,0.8563,0.8563,4,pending,0
inat_321213148_580886652,opuntia,opuntia,0.8103,0.8103,4,pending,0
inat_323293418_584952146,opuntia,opuntia,0.8593,0.8593,4,pending,0
inat_324911843_588180919,opuntia,opuntia,0.8378,0.8378,4,pending,0
inat_330561571_599452136,opuntia,opuntia,0.9214,0.9214,4,pending,0
inat_330609824_599551120,opuntia,opuntia,0.9267,0.9267,4,pending,0
inat_333429087_605337214,opuntia,opuntia,0.9214,0.9214,4,pending,0
inat_336177797_610851964,opuntia,opuntia,0.7939,0.7939,4,pending,0
inat_336259803_624843807,opuntia,opuntia,0.7114,0.7114,4,not_potted,0
inat_336466468_611435321,opuntia,opuntia,0.7912,0.7912,4,pending,0
inat_337990186_614551345,opuntia,opuntia,0.8772,0.8772,4,pending,0
inat_339018178_616626957,opuntia,opuntia,0.8478,0.8478,4,pending,0
inat_341753771_622212864,opuntia,opuntia,0.8513,0.8513,4,pending,0
inat_342112390_623976702,opuntia,opuntia,0.8947,0.8947,4,pending,0
inat_342689088_624105152,opuntia,opuntia,0.9338,0.9338,4,not_potted,0
inat_344782262_628246460,opuntia,opuntia,0.5615,0.5615,4,pending,0
inat_345461211_629844855,opuntia,opuntia,0.8145,0.8145,4,pending,0
inat_347612341_633832698,opuntia,opuntia,0.9269,0.9269,4,pending,0
inat_348544993_635681050,opuntia,opuntia,0.9211,0.9211,4,pending,0
inat_348558188_635707520,opuntia,opuntia,0.8927,0.8927,4,ok,0
inat_349027177_636634173,opuntia,opuntia,0.9188,0.9188,4,pending,0
inat_349860736_638275742,opuntia,opuntia,0.8831,0.8831,4,pending,0
inat_350500021_639524631,opuntia,opuntia,0.9191,0.9191,4,pending,0
inat_351714891_641878231,opuntia,opuntia,0.9318,0.9318,4,pending,0
inat_351736313_641917194,opuntia,opuntia,0.7063,0.7063,4,pending,0
inat_352047570_642518682,opuntia,opuntia,0.9167,0.9167,4,pending,0
inat_352249204_642913076,opuntia,opuntia,0.9368,0.9368,4,ok,0
inat_353869886_645608153,opuntia,opuntia,0.9247,0.9247,4,pending,0
inat_354561492_646782582,opuntia,opuntia,0.8767,0.8767,4,pending,0
inat_355759127_648776267,opuntia,opuntia,0.7842,0.7842,4,pending,0
inat_357939371_652902172,opuntia,opuntia,0.9669,0.9669,4,pending,0
inat_358840480_654661345,opuntia,opuntia,0.9403,0.9403,4,pending,0
inat_362038510_660752703,opuntia,opuntia,0.9347,0.9347,4,pending,0
inat_362572758_661765163,opuntia,opuntia,0.903,0.903,4,pending,0
inat_365039755_666445657,opuntia,opuntia,0.9565,0.9565,4,pending,0
inat_368080167_672245152,opuntia,opuntia,0.9598,0.9598,4,pending,0
inat_372916482_681478433,opuntia,opuntia,0.8738,0.8738,4,not_potted,0
inat_378895594_693015090,opuntia,opuntia,0.9132,0.9132,4,not_potted,0
inat_379502370_694191559,opuntia,opuntia,0.918,0.918,4,pending,0
inat_383736597_702365236,opuntia,opuntia,0.9221,0.9221,4,pending,0
inat_388044384_710645239,opuntia,mammillaria,0.4303,0.4556,4,pending,1
inat_388192614_710938618,opuntia,opuntia,0.9008,0.9008,4,not_potted,0
inat_388315908_711177714,opuntia,opuntia,0.9181,0.9181,4,pending,0
inat_393784055_721825280,opuntia,opuntia,0.785,0.785,4,pending,0
inat_393794885_721846491,opuntia,opuntia,0.8992,0.8992,4,ok,0
inat_102768677_171862028,parodia,parodia,0.8885,0.8885,4,pending,0
inat_10757493_15040128,parodia,parodia,0.9541,0.9541,4,pending,0
inat_109819763_185161302,parodia,echinopsis,0.2014,0.4684,4,pending,1
inat_118527440_200269764,parodia,parodia,0.9125,0.9125,4,pending,0
inat_139165638_237976120,parodia,parodia,0.856,0.856,4,pending,0
inat_142201147_243758866,parodia,parodia,0.5948,0.5948,4,pending,0
inat_146436182_251757076,parodia,parodia,0.9229,0.9229,4,pending,0
inat_146841010_252552827,parodia,parodia,0.9338,0.9338,4,pending,0
inat_147178634_253207269,parodia,parodia,0.9387,0.9387,4,pending,0
inat_148059898_254893015,parodia,parodia,0.6866,0.6866,4,pending,0
inat_153207393_264584399,parodia,parodia,0.8666,0.8666,4,pending,0
inat_155832400_269408480,parodia,parodia,0.5076,0.5076,4,pending,0
inat_156074917_269843429,parodia,parodia,0.9316,0.9316,4,pending,0
inat_157950328_273037715,parodia,parodia,0.9155,0.9155,4,pending,0
inat_158827952_274435581,parodia,parodia,0.9423,0.9423,4,pending,0
inat_167045975_289422305,parodia,parodia,0.5603,0.5603,4,pending,0
inat_167253784_289716512,parodia,parodia,0.684,0.684,4,pending,0
inat_170881577_296450857,parodia,parodia,0.3447,0.3447,4,pending,1
inat_175576279_305138125,parodia,parodia,0.9324,0.9324,4,pending,0
inat_177146988_308061664,parodia,parodia,0.9468,0.9468,4,pending,0
inat_182648725_318498804,parodia,parodia,0.8314,0.8314,4,pending,0
inat_183185315_319550592,parodia,parodia,0.9046,0.9046,4,pending,0
inat_190575666_334123279,parodia,parodia,0.9419,0.9419,4,pending,0
inat_190678153_334321123,parodia,parodia,0.9466,0.9466,4,pending,0
inat_190725124_334413744,parodia,parodia,0.8178,0.8178,4,pending,0
inat_192566536_338077884,parodia,parodia,0.8782,0.8782,4,pending,0
inat_195153028_343244580,parodia,parodia,0.8866,0.8866,4,pending,0
inat_195611087_344177010,parodia,parodia,0.4532,0.4532,4,pending,1
inat_197015126_346888197,parodia,parodia,0.8809,0.8809,4,pending,0
inat_201104992_354943229,parodia,parodia,0.7061,0.7061,4,pending,0
inat_202472672_357594082,parodia,parodia,0.9382,0.9382,4,pending,0
inat_203297502_359166776,parodia,parodia,0.9076,0.9076,4,pending,0
inat_206746404_365625145,parodia,parodia,0.7745,0.7745,4,pending,0
inat_209636693_370933909,parodia,parodia,0.9291,0.9291,4,pending,0
inat_211256935_373516304,parodia,parodia,0.9308,0.9308,4,pending,0
inat_217487975_384759404,parodia,parodia,0.7619,0.7619,4,pending,0
inat_218896715_387395117,parodia,parodia,0.966,0.966,4,pending,0
inat_221002477_391338360,parodia,parodia,0.8519,0.8519,4,pending,0
inat_221382526_392036380,parodia,parodia,0.7709,0.7709,4,pending,0
inat_222783346_394673261,parodia,parodia,0.8973,0.8973,4,pending,0
inat_224182922_397298639,parodia,parodia,0.4935,0.4935,4,pending,1
inat_224515302_397921446,parodia,echinopsis,0.0236,0.7808,4,blurry,1
inat_225709723_400211832,parodia,parodia,0.8241,0.8241,4,not_potted,0
inat_228321682_405150050,parodia,echinocactus,0.0107,0.91,4,ok,1
inat_238047133_423752655,parodia,parodia,0.95,0.95,4,pending,0
inat_244762610_436649737,parodia,mammillaria,0.3125,0.3476,4,ok,1
inat_246785565_440635357,parodia,parodia,0.8857,0.8857,4,pending,0
inat_247514275_442076589,parodia,parodia,0.9087,0.9087,4,pending,0
inat_24843461_38424917,parodia,parodia,0.8699,0.8699,4,pending,0
inat_252506557_452032339,parodia,parodia,0.8391,0.8391,4,pending,0
inat_253505504_453928123,parodia,parodia,0.9045,0.9045,4,pending,0
inat_253747212_454404666,parodia,astrophytum,0.0842,0.8322,4,ok,1
inat_254523084_455915907,parodia,parodia,0.9116,0.9116,4,pending,0
inat_262846635_472086367,parodia,parodia,0.9115,0.9115,4,pending,0
inat_262846698_472086495,parodia,parodia,0.8407,0.8407,4,pending,0
inat_264876207_475680028,parodia,parodia,0.9209,0.9209,4,pending,0
inat_266820875_479423730,parodia,parodia,0.9433,0.9433,4,pending,0
inat_266829969_479441508,parodia,parodia,0.8916,0.8916,4,pending,0
inat_268453663_482533895,parodia,parodia,0.8975,0.8975,4,pending,0
inat_268518589_482676447,parodia,parodia,0.963,0.963,4,pending,0
inat_271333481_488059795,parodia,parodia,0.8433,0.8433,4,pending,0
inat_272078613_489467373,parodia,parodia,0.9155,0.9155,4,ok,0
inat_275529108_495079217,parodia,parodia,0.9439,0.9439,4,pending,0
inat_276260334_496156518,parodia,parodia,0.8999,0.8999,4,pending,0
inat_277235112_497817771,parodia,parodia,0.9439,0.9439,4,pending,0
inat_280217459_503261982,parodia,mammillaria,0.2408,0.2926,4,not_potted,1
inat_280392693_503540846,parodia,parodia,0.9035,0.9035,4,pending,0
inat_285875994_513878965,parodia,parodia,0.8895,0.8895,4,pending,0
inat_288751445_519304099,parodia,parodia,0.774,0.774,4,not_plant,0
inat_2889091_3302801,parodia,parodia,0.9168,0.9168,4,pending,0
inat_290840631_523239555,parodia,parodia,0.8852,0.8852,4,pending,0
inat_295783827_532514624,parodia,parodia,0.8186,0.8186,4,pending,0
inat_296901111_534654440,parodia,parodia,0.9293,0.9293,4,pending,0
inat_301086852_542538984,parodia,parodia,0.7585,0.7585,4,pending,0
inat_303438044_546917023,parodia,parodia,0.829,0.829,4,pending,0
inat_304159252_548290921,parodia,parodia,0.8727,0.8727,4,not_potted,0
inat_305585120_550988336,parodia,parodia,0.8206,0.8206,4,pending,0
inat_306740425_553193553,parodia,parodia,0.9241,0.9241,4,pending,0
inat_311536552_562393143,parodia,parodia,0.7054,0.7054,4,ok,0
inat_313007040_565200553,parodia,parodia,0.904,0.904,4,pending,0
inat_313755511_566630236,parodia,parodia,0.8839,0.8839,4,pending,0
inat_315251637_569483982,parodia,parodia,0.6592,0.6592,4,pending,0
inat_315677888_570288436,parodia,parodia,0.8203,0.8203,4,pending,0
inat_316156112_571185982,parodia,parodia,0.8842,0.8842,4,pending,0
inat_317837536_574368701,parodia,parodia,0.4079,0.4079,4,pending,1
inat_318214963_575093635,parodia,parodia,0.9218,0.9218,4,pending,0
inat_318332189_575319642,parodia,parodia,0.9192,0.9192,4,pending,0
inat_318337272_575330088,parodia,parodia,0.5885,0.5885,4,pending,0
inat_318514824_575668598,parodia,parodia,0.932,0.932,4,pending,0
inat_319702483_577942705,parodia,parodia,0.6202,0.6202,4,pending,0
inat_323634228_585629044,parodia,parodia,0.8837,0.8837,4,pending,0
inat_3239837_3750119,parodia,parodia,0.9413,0.9413,4,pending,0
inat_328004099_594284146,parodia,parodia,0.9175,0.9175,4,pending,0
inat_328627766_595539001,parodia,parodia,0.92,0.92,4,pending,0
inat_329055451_596397422,parodia,echinocactus,0.3513,0.5283,4,ok,1
inat_329798746_597892095,parodia,parodia,0.9121,0.9121,4,pending,0
inat_329836090_597962078,parodia,parodia,0.8882,0.8882,4,pending,0
inat_330792264_599928502,parodia,parodia,0.68,0.68,4,ok,0
inat_334291314_607039782,parodia,parodia,0.8803,0.8803,4,pending,0
inat_334328666_607116519,parodia,parodia,0.9082,0.9082,4,pending,0
inat_334747880_607963224,parodia,parodia,0.8134,0.8134,4,not_potted,0
inat_334821878_608117641,parodia,parodia,0.5155,0.5155,4,not_plant,0
inat_336489863_611470778,parodia,parodia,0.9353,0.9353,4,pending,0
inat_338259104_615101869,parodia,parodia,0.8234,0.8234,4,ok,0
inat_339971514_618571549,parodia,parodia,0.9255,0.9255,4,pending,0
inat_341823601_622355578,parodia,parodia,0.9221,0.9221,4,pending,0
inat_34236337_53856828,parodia,mammillaria,0.0541,0.8473,4,pending,1
inat_344038868_626805859,parodia,parodia,0.8903,0.8903,4,pending,0
inat_344801633_628283976,parodia,parodia,0.894,0.894,4,pending,0
inat_344804144_628288172,parodia,parodia,0.9044,0.9044,4,not_potted,0
inat_344806502_628292514,parodia,parodia,0.9118,0.9118,4,pending,0
inat_346281205_631197198,parodia,parodia,0.9131,0.9131,4,pending,0
inat_346970771_632562377,parodia,parodia,0.5636,0.5636,4,pending,0
inat_347552122_633715269,parodia,parodia,0.9457,0.9457,4,pending,0
inat_348045913_634699155,parodia,parodia,0.9434,0.9434,4,pending,0
inat_348117174_634835074,parodia,parodia,0.9208,0.9208,4,pending,0
inat_348123541_634847907,parodia,parodia,0.9442,0.9442,4,pending,0
inat_34844440_54890178,parodia,parodia,0.9549,0.9549,4,pending,0
inat_351138221_640741921,parodia,parodia,0.7123,0.7123,4,pending,0
inat_357662485_665754140,parodia,parodia,0.7588,0.7588,4,pending,0
inat_357705231_652450352,parodia,parodia,0.9371,0.9371,4,not_potted,0
inat_36288935_57346783,parodia,parodia,0.8668,0.8668,4,pending,0
inat_364476739_665370372,parodia,parodia,0.9256,0.9256,4,pending,0
inat_364999967_666368237,parodia,parodia,0.9392,0.9392,4,pending,0
inat_365110466_666573733,parodia,parodia,0.9379,0.9379,4,pending,0
inat_367838325_671780667,parodia,parodia,0.9111,0.9111,4,pending,0
inat_367904068_671908638,parodia,parodia,0.9332,0.9332,4,pending,0
inat_369941733_675793108,parodia,parodia,0.8834,0.8834,4,pending,0
inat_372298731_680298947,parodia,parodia,0.8853,0.8853,4,pending,0
inat_381888206_698819445,parodia,parodia,0.8895,0.8895,4,pending,0
inat_381888868_698820962,parodia,parodia,0.9187,0.9187,4,ok,0
inat_386278980_707241490,parodia,parodia,0.8679,0.8679,4,pending,0
inat_389512498_713489631,parodia,parodia,0.8395,0.8395,4,pending,0
inat_390882479_716162746,parodia,parodia,0.8214,0.8214,4,pending,0
inat_394713531_723649308,parodia,parodia,0.8827,0.8827,4,pending,0
inat_399482409_732937641,parodia,parodia,0.9244,0.9244,4,pending,0
inat_43323648_68754138,parodia,parodia,0.5815,0.5815,4,pending,0
inat_46493797_73741685,parodia,parodia,0.8824,0.8824,4,pending,0
inat_73028488_119172727,parodia,parodia,0.932,0.932,4,pending,0
inat_73173440_119432614,parodia,parodia,0.8378,0.8378,4,pending,0
inat_74346956_121500472,parodia,parodia,0.9003,0.9003,4,pending,0
inat_82017826_134575625,parodia,parodia,0.8854,0.8854,4,pending,0
inat_82788181_135907249,parodia,parodia,0.9083,0.9083,4,pending,0
inat_89134043_147157688,parodia,parodia,0.9127,0.9127,4,pending,0
inat_92860072_153818749,parodia,parodia,0.7003,0.7003,4,pending,0
inat_94178228_156197201,parodia,parodia,0.9148,0.9148,4,pending,0
inat_95293946_158181441,parodia,echinocactus,0.0903,0.7478,4,pending,1
