image_id,label,pred,p_label,p_pred,fold,qc_status,flagged
inat_196097219_345154378,astrophytum,astrophytum,0.9084,0.9084,0,pending,0
inat_196255883_345473920,astrophytum,mammillaria,0.1861,0.562,0,pending,1
inat_196798448_346441162,astrophytum,astrophytum,0.9629,0.9629,0,pending,0
inat_196832644_346516439,astrophytum,astrophytum,0.4787,0.4787,0,pending,1
inat_200676223_354099550,astrophytum,astrophytum,0.8902,0.8902,0,pending,0
inat_208040670_368052457,astrophytum,astrophytum,0.872,0.872,0,not_potted,0
inat_208577158_369049896,astrophytum,astrophytum,0.8105,0.8105,0,pending,0
inat_210652273_372569427,astrophytum,astrophytum,0.8328,0.8328,0,ok,0
inat_211301082_373601791,astrophytum,astrophytum,0.8267,0.8267,0,pending,0
inat_211575863_374027193,astrophytum,astrophytum,0.9474,0.9474,0,pending,0
inat_212040462_374748031,astrophytum,astrophytum,0.92,0.92,0,pending,0
inat_212364873_375294494,astrophytum,echinocactus,0.0494,0.2487,0,pending,1
inat_214946663_379982911,astrophytum,astrophytum,0.8928,0.8928,0,pending,0
inat_215373350_380766898,astrophytum,astrophytum,0.8576,0.8576,0,pending,0
inat_215656971_381311925,astrophytum,astrophytum,0.8544,0.8544,0,pending,0
inat_221040655_391414819,astrophytum,astrophytum,0.8924,0.8924,0,pending,0
inat_226987131_402623535,astrophytum,astrophytum,0.8952,0.8952,0,pending,0
inat_227896753_404345230,astrophytum,astrophytum,0.9096,0.9096,0,pending,0
inat_230669355_409601254,astrophytum,astrophytum,0.943,0.943,0,not_potted,0
inat_232230171_412558315,astrophytum,astrophytum,0.8002,0.8002,0,ok,0
inat_232842950_413727615,astrophytum,astrophytum,0.9514,0.9514,0,pending,0
inat_233850560_415644817,astrophytum,astrophytum,0.9299,0.9299,0,pending,0
inat_240626674_428695914,astrophytum,astrophytum,0.5339,0.5339,0,pending,0
inat_240626695_428710166,astrophytum,astrophytum,0.8961,0.8961,0,pending,0
inat_245158676_437425563,astrophytum,astrophytum,0.9283,0.9283,0,pending,0
inat_266039212_477957699,astrophytum,astrophytum,0.8562,0.8562,0,pending,0
inat_270641001_486749548,astrophytum,astrophytum,0.7642,0.7642,0,pending,0
inat_271594324_488550066,astrophytum,astrophytum,0.8258,0.8258,0,pending,0
inat_272762656_490759032,astrophytum,astrophytum,0.8689,0.8689,0,pending,0
inat_274071829_492780147,astrophytum,astrophytum,0.8948,0.8948,0,pending,0
inat_275926223_495660301,astrophytum,astrophytum,0.9247,0.9247,0,pending,0
inat_276162519_496006137,astrophytum,astrophytum,0.9256,0.9256,0,pending,0
inat_276419965_496406356,astrophytum,astrophytum,0.9521,0.9521,0,pending,0
inat_276427463_496417432,astrophytum,astrophytum,0.7231,0.7231,0,pending,0
inat_277728868_498671703,astrophytum,astrophytum,0.8455,0.8455,0,pending,0
inat_277967254_499114666,astrophytum,astrophytum,0.8802,0.8802,0,pending,0
inat_278133956_499405432,astrophytum,astrophytum,0.9492,0.9492,0,pending,0
inat_279895073_502658530,astrophytum,astrophytum,0.9575,0.9575,0,pending,0
inat_282759049_508032742,astrophytum,gymnocalycium,0.2851,0.5152,0,pending,1
inat_283932224_510225677,astrophytum,astrophytum,0.9141,0.9141,0,pending,0
inat_284339997_510992262,astrophytum,astrophytum,0.9019,0.9019,0,pending,0
inat_284607196_511503816,astrophytum,astrophytum,0.9377,0.9377,0,pending,0
inat_285837504_513802375,astrophytum,astrophytum,0.6612,0.6612,0,ok,0
inat_289253225_520245620,astrophytum,astrophytum,0.5208,0.5208,0,not_potted,0
inat_289425881_520570580,astrophytum,astrophytum,0.3995,0.3995,0,pending,1
inat_290847062_523252338,astrophytum,astrophytum,0.9434,0.9434,0,pending,0
inat_292637659_526638207,astrophytum,astrophytum,0.7505,0.7505,0,pending,0
inat_300904919_542197927,astrophytum,astrophytum,0.8018,0.8018,0,pending,0
inat_309606856_558703907,astrophytum,astrophytum,0.8291,0.8291,0,pending,0
inat_313562246_566266281,astrophytum,astrophytum,0.7311,0.7311,0,pending,0
inat_313562587_566266936,astrophytum,astrophytum,0.4863,0.4863,0,pending,1
inat_314467807_567974103,astrophytum,astrophytum,0.5322,0.5322,0,pending,0
inat_315360203_569681157,astrophytum,astrophytum,0.9447,0.9447,0,pending,0
inat_315444403_569843093,astrophytum,astrophytum,0.8111,0.8111,0,pending,0
inat_316648093_576916803,astrophytum,astrophytum,0.9249,0.9249,0,pending,0
inat_317297322_573337499,astrophytum,astrophytum,0.9326,0.9326,0,pending,0
inat_319342859_577245930,astrophytum,astrophytum,0.9238,0.9238,0,pending,0
inat_319342992_577246575,astrophytum,astrophytum,0.922,0.922,0,pending,0
inat_324028721_586402712,astrophytum,astrophytum,0.9198,0.9198,0,pending,0
inat_329165628_596617039,astrophytum,astrophytum,0.4097,0.4097,0,pending,1
inat_329475202_597240437,astrophytum,astrophytum,0.8943,0.8943,0,pending,0
inat_329643108_597578064,astrophytum,astrophytum,0.8633,0.8633,0,pending,0
inat_343333854_625392380,astrophytum,astrophytum,0.9373,0.9373,0,pending,0
inat_343599875_625934747,astrophytum,opuntia,0.0838,0.2305,0,pending,1
inat_345401562_629462482,astrophytum,astrophytum,0.9521,0.9521,0,pending,0
inat_346202654_631037598,astrophytum,astrophytum,0.9224,0.9224,0,pending,0
inat_350098398_638732141,astrophytum,astrophytum,0.9339,0.9339,0,pending,0
inat_352249680_642913953,astrophytum,astrophytum,0.9044,0.9044,0,ok,0
inat_353170307_644447631,astrophytum,astrophytum,0.8437,0.8437,0,pending,0
inat_357661497_665752877,astrophytum,astrophytum,0.8999,0.8999,0,pending,0
inat_361324203_659408840,astrophytum,astrophytum,0.4558,0.4558,0,pending,1
inat_364999133_666366697,astrophytum,astrophytum,0.852,0.852,0,not_plant,0
inat_369537180_675014601,astrophytum,astrophytum,0.9503,0.9503,0,pending,0
inat_372797378_681253379,astrophytum,astrophytum,0.9424,0.9424,0,ok,0
inat_374997243_685480207,astrophytum,astrophytum,0.9338,0.9338,0,pending,0
inat_387790657_710148072,astrophytum,astrophytum,0.8595,0.8595,0,pending,0
inat_390134434_714705748,astrophytum,astrophytum,0.9146,0.9146,0,pending,0
inat_390325819_715081101,astrophytum,astrophytum,0.9175,0.9175,0,pending,0
inat_395848055_725866670,astrophytum,astrophytum,0.933,0.933,0,pending,0
inat_398132421_730304970,astrophytum,astrophytum,0.8596,0.8596,0,pending,0
inat_369805050_675528017,echinocactus,echinocactus,0.9062,0.9062,0,pending,0
inat_369865153_675640250,echinocactus,echinocactus,0.9521,0.9521,0,pending,0
inat_369882180_675675734,echinocactus,echinocactus,0.9208,0.9208,0,pending,0
inat_370301952_676482689,echinocactus,echinocactus,0.8439,0.8439,0,pending,0
inat_371273766_678330801,echinocactus,echinocactus,0.9174,0.9174,0,not_potted,0
inat_371797380_679329221,echinocactus,echinocactus,0.8631,0.8631,0,pending,0
inat_372348919_680391044,echinocactus,echinocactus,0.8354,0.8354,0,pending,0
inat_373024064_681680656,echinocactus,echinocactus,0.6875,0.6875,0,pending,0
inat_373820257_683206981,echinocactus,echinocactus,0.937,0.937,0,not_potted,0
inat_374098474_683737742,echinocactus,echinocactus,0.8644,0.8644,0,pending,0
inat_374219798_683978861,echinocactus,echinocactus,0.8008,0.8008,0,pending,0
inat_374806753_685118762,echinocactus,echinocactus,0.9069,0.9069,0,pending,0
inat_374856042_685214284,echinocactus,echinocactus,0.9269,0.9269,0,pending,0
inat_376265759_687941659,echinocactus,echinocactus,0.8555,0.8555,0,pending,0
inat_377202748_689749543,echinocactus,echinocactus,0.9239,0.9239,0,pending,0
inat_377365607_690072728,echinocactus,astrophytum,0.115,0.4304,0,pending,1
inat_377378001_690094822,echinocactus,echinocactus,0.4553,0.4553,0,pending,1
inat_377536536_690401586,echinocactus,echinocactus,0.9004,0.9004,0,pending,0
inat_378721047_692681847,echinocactus,echinocactus,0.5403,0.5403,0,pending,0
inat_378721890_692683739,echinocactus,echinocactus,0.9291,0.9291,0,pending,0
inat_378790855_692813354,echinocactus,echinocactus,0.9193,0.9193,0,pending,0
inat_379893166_694951195,echinocactus,echinocactus,0.8151,0.8151,0,pending,0
inat_380392508_695915841,echinocactus,echinocactus,0.5959,0.5959,0,pending,0
inat_381226421_697530485,echinocactus,echinocactus,0.8978,0.8978,0,ok,0
inat_381552476_698163895,echinocactus,echinocactus,0.9365,0.9365,0,pending,0
inat_381970433_698975583,echinocactus,echinocactus,0.954,0.954,0,pending,0
inat_382024955_699078354,echinocactus,echinocactus,0.9228,0.9228,0,pending,0
inat_382982086_701558825,echinocactus,echinocactus,0.8398,0.8398,0,pending,0
inat_383887084_702660609,echinocactus,echinocactus,0.8852,0.8852,0,pending,0
inat_384032707_702938949,echinocactus,echinocactus,0.9296,0.9296,0,pending,0
inat_384637681_704105462,echinocactus,echinocactus,0.9353,0.9353,0,pending,0
inat_384856942_704553651,echinocactus,echinocactus,0.2793,0.2793,0,pending,1
inat_387018842_708652430,echinocactus,echinocactus,0.9067,0.9067,0,pending,0
inat_387262747_709066686,echinocactus,echinocactus,0.9455,0.9455,0,pending,0
inat_387558746_709695055,echinocactus,echinocactus,0.9197,0.9197,0,pending,0
inat_387665886_709902842,echinocactus,echinocactus,0.9258,0.9258,0,pending,0
inat_388059739_710675090,echinocactus,echinocactus,0.92,0.92,0,pending,0
inat_388189336_710932835,echinocactus,echinocactus,0.9397,0.9397,0,pending,0
inat_388331582_711208700,echinocactus,echinocactus,0.7094,0.7094,0,pending,0
inat_388428199_711401513,echinocactus,echinocactus,0.9853,0.9853,0,pending,0
inat_388539620_711616301,echinocactus,echinocactus,0.9033,0.9033,0,pending,0
inat_388680007_711891862,echinocactus,echinocactus,0.8955,0.8955,0,pending,0
inat_389121669_712729939,echinocactus,echinocactus,0.8628,0.8628,0,pending,0
inat_389651939_713761069,echinocactus,echinocactus,0.8457,0.8457,0,pending,0
inat_389796463_714039075,echinocactus,echinocactus,0.8498,0.8498,0,pending,0
inat_389912882_714275597,echinocactus,echinocactus,0.9082,0.9082,0,pending,0
inat_390316572_715062193,echinocactus,echinocactus,0.6634,0.6634,0,pending,0
inat_390822034_716051643,echinocactus,echinocactus,0.933,0.933,0,pending,0
inat_390890100_716177633,echinocactus,echinocactus,0.9292,0.9292,0,pending,0
inat_391993995_718326270,echinocactus,echinocactus,0.9231,0.9231,0,pending,0
inat_392914336_720124124,echinocactus,echinocactus,0.9147,0.9147,0,pending,0
inat_393018845_720326227,echinocactus,echinocactus,0.9055,0.9055,0,pending,0
inat_393576682_721414840,echinocactus,echinocactus,0.851,0.851,0,pending,0
inat_393841007_721934274,echinocactus,echinocactus,0.9344,0.9344,0,pending,0
inat_393905386_722043448,echinocactus,echinocactus,0.8165,0.8165,0,pending,0
inat_394081508_722411650,echinocactus,echinocactus,0.8835,0.8835,0,pending,0
inat_394148329_722543264,echinocactus,echinocactus,0.9074,0.9074,0,pending,0
inat_394210834_722663387,echinocactus,echinocactus,0.9007,0.9007,0,pending,0
inat_394229418_722702747,echinocactus,echinocactus,0.8657,0.8657,0,pending,0
inat_394469516_723173321,echinocactus,echinocactus,0.9421,0.9421,0,pending,0
inat_394470295_723174844,echinocactus,echinocactus,0.9369,0.9369,0,pending,0
inat_394522004_723273846,echinocactus,echinocactus,0.6559,0.6559,0,pending,0
inat_395606563_725391622,echinocactus,echinocactus,0.9251,0.9251,0,pending,0
inat_395733976_725645696,echinocactus,echinocactus,0.9322,0.9322,0,ok,0
inat_396020902_726210706,echinocactus,echinocactus,0.8613,0.8613,0,pending,0
inat_396354236_726874251,echinocactus,echinocactus,0.9053,0.9053,0,pending,0
inat_396523024_727172032,echinocactus,echinocactus,0.8906,0.8906,0,pending,0
inat_396816430_727732653,echinocactus,echinocactus,0.9051,0.9051,0,pending,0
inat_396966856_728022850,echinocactus,echinocactus,0.9285,0.9285,0,pending,0
inat_397235452_728551275,echinocactus,echinocactus,0.9212,0.9212,0,pending,0
inat_397290869_728660240,echinocactus,echinocactus,0.9277,0.9277,0,pending,0
inat_397663549_729392633,echinocactus,echinocactus,0.9597,0.9597,0,pending,0
inat_398153372_730344980,echinocactus,echinocactus,0.9033,0.9033,0,pending,0
inat_398209891_730456092,echinocactus,echinocactus,0.9285,0.9285,0,pending,0
inat_399311929_732596951,echinocactus,echinocactus,0.9028,0.9028,0,pending,0
inat_399387388_732746740,echinocactus,echinocactus,0.8467,0.8467,0,pending,0
inat_399756994_733467428,echinocactus,echinocactus,0.9273,0.9273,0,pending,0
inat_400072758_734087878,echinocactus,echinocactus,0.9233,0.9233,0,pending,0
inat_400153214_734253606,echinocactus,echinocactus,0.9235,0.9235,0,pending,0
inat_401173027_736297025,echinocactus,echinocactus,0.9001,0.9001,0,pending,0
inat_242771084_432824021,echinopsis,echinopsis,0.9276,0.9276,0,pending,0
inat_242978519_433212620,echinopsis,echinopsis,0.9082,0.9082,0,pending,0
inat_243121863_433482326,echinopsis,echinocactus,0.1122,0.1977,0,pending,1
inat_243749084_434687995,echinopsis,echinopsis,0.9394,0.9394,0,pending,0
inat_243894532_434968700,echinopsis,echinopsis,0.8873,0.8873,0,pending,0
inat_245063899_437240961,echinopsis,echinopsis,0.9505,0.9505,0,pending,0
inat_245725273_438537819,echinopsis,echinopsis,0.9523,0.9523,0,pending,0
inat_246488003_440049772,echinopsis,echinopsis,0.9006,0.9006,0,pending,0
inat_247993613_443026116,echinopsis,echinopsis,0.6782,0.6782,0,pending,0
inat_248575557_444183289,echinopsis,echinopsis,0.4741,0.4741,0,pending,1
inat_252269997_451563902,echinopsis,echinopsis,0.9128,0.9128,0,pending,0
inat_252766302_452523049,echinopsis,echinopsis,0.9613,0.9613,0,ok,0
inat_252817942_452614140,echinopsis,echinopsis,0.8523,0.8523,0,pending,0
inat_253342807_453600714,echinopsis,echinopsis,0.8534,0.8534,0,pending,0
inat_254179564_455224917,echinopsis,echinopsis,0.9047,0.9047,0,pending,0
inat_259034994_464899016,echinopsis,astrophytum,0.1331,0.2386,0,pending,1
inat_260263896_467362073,echinopsis,echinopsis,0.9134,0.9134,0,pending,0
inat_264654914_475249346,echinopsis,echinopsis,0.67,0.67,0,pending,0
inat_268947941_483497515,echinopsis,echinopsis,0.8189,0.8189,0,pending,0
inat_270882531_487205853,echinopsis,astrophytum,0.2387,0.3159,0,ok,1
inat_271106150_487627318,echinopsis,echinopsis,0.8515,0.8515,0,pending,0
inat_272522840_490294462,echinopsis,astrophytum,0.1711,0.4959,0,not_potted,1
inat_272523611_490296086,echinopsis,astrophytum,0.271,0.3763,0,pending,1
inat_273389692_491711445,echinopsis,echinopsis,0.9248,0.9248,0,pending,0
inat_273475377_491853098,echinopsis,echinopsis,0.8412,0.8412,0,pending,0
inat_275867466_495561607,echinopsis,echinopsis,0.4423,0.4423,0,multi_plant,1
inat_276317469_496246960,echinopsis,astrophytum,0.0904,0.516,0,pending,1
inat_276338011_496280595,echinopsis,echinopsis,0.4049,0.4049,0,not_potted,1
inat_277240674_497826473,echinopsis,echinopsis,0.9493,0.9493,0,pending,0
inat_278302738_499714987,echinopsis,echinopsis,0.7685,0.7685,0,pending,0
inat_278322897_499751247,echinopsis,echinopsis,0.768,0.768,0,pending,0
inat_279120609_501207569,echinopsis,echinopsis,0.88,0.88,0,ok,0
inat_279305613_501543561,echinopsis,echinopsis,0.837,0.837,0,pending,0
inat_283953101_510264711,echinopsis,echinopsis,0.8929,0.8929,0,pending,0
inat_291012601_523555516,echinopsis,echinopsis,0.9575,0.9575,0,pending,0
inat_295382940_531754840,echinopsis,echinopsis,0.813,0.813,0,pending,0
inat_296260358_533432890,echinopsis,echinopsis,0.9384,0.9384,0,pending,0
inat_297174350_535174291,echinopsis,echinopsis,0.9105,0.9105,0,pending,0
inat_297190882_535205324,echinopsis,echinopsis,0.7705,0.7705,0,pending,0
inat_297302642_535416296,echinopsis,echinopsis,0.9308,0.9308,0,ok,0
inat_307991016_555605984,echinopsis,echinopsis,0.9489,0.9489,0,pending,0
inat_310903369_561172396,echinopsis,echinopsis,0.8589,0.8589,0,pending,0
inat_313765725_566650148,echinopsis,echinopsis,0.5582,0.5582,0,pending,0
inat_314289726_567655754,echinopsis,echinopsis,0.9084,0.9084,0,pending,0
inat_317173151_573106180,echinopsis,echinopsis,0.939,0.939,0,pending,0
inat_317961786_574609153,echinopsis,echinopsis,0.7334,0.7334,0,pending,0
inat_319553922_577655556,echinopsis,echinopsis,0.7493,0.7493,0,pending,0
inat_320424534_579337036,echinopsis,echinopsis,0.8613,0.8613,0,pending,0
inat_321327495_581108076,echinopsis,echinopsis,0.8765,0.8765,0,pending,0
inat_323201033_584804823,echinopsis,echinopsis,0.8617,0.8617,0,pending,0
inat_323482564_585324395,echinopsis,echinopsis,0.9171,0.9171,0,pending,0
inat_323963598_586273670,echinopsis,echinopsis,0.8898,0.8898,0,pending,0
inat_329293874_596873574,echinopsis,echinopsis,0.8601,0.8601,0,ok,0
inat_331742946_601881213,echinopsis,echinopsis,0.8926,0.8926,0,pending,0
inat_333714759_605864482,echinopsis,echinopsis,0.753,0.753,0,pending,0
inat_337218714_612970046,echinopsis,echinopsis,0.781,0.781,0,pending,0
inat_339406803_617425683,echinopsis,echinopsis,0.9603,0.9603,0,pending,0
inat_340561990_619778625,echinopsis,echinopsis,0.9213,0.9213,0,pending,0
inat_351299703_641054116,echinopsis,gymnocalycium,0.1902,0.5992,0,pending,1
inat_352394694_643181780,echinopsis,echinopsis,0.8537,0.8537,0,pending,0
inat_352868573_643928376,echinopsis,echinopsis,0.5254,0.5254,0,pending,0
inat_354892930_647360323,echinopsis,echinopsis,0.6173,0.6173,0,ok,0
inat_355294866_648009281,echinopsis,echinopsis,0.8075,0.8075,0,pending,0
inat_358559147_654116760,echinopsis,echinocactus,0.3199,0.3888,0,pending,1
inat_358825156_654630048,echinopsis,echinopsis,0.6961,0.6961,0,pending,0
inat_358831778_654643921,echinopsis,gymnocalycium,0.3962,0.425,0,pending,1
inat_358861233_654701601,echinopsis,echinopsis,0.8326,0.8326,0,ok,0
inat_358862193_654703351,echinopsis,echinopsis,0.7844,0.7844,0,pending,0
inat_367468185_671074875,echinopsis,echinopsis,0.9706,0.9706,0,pending,0
inat_368911386_673838965,echinopsis,echinopsis,0.9194,0.9194,0,pending,0
inat_375121023_685721965,echinopsis,echinopsis,0.9335,0.9335,0,ok,0
inat_385373705_705503760,echinopsis,echinopsis,0.9109,0.9109,0,ok,0
inat_388388535_711323662,echinopsis,echinopsis,0.9369,0.9369,0,pending,0
inat_389799463_714044887,echinopsis,echinopsis,0.9531,0.9531,0,pending,0
inat_392959534_720209413,echinopsis,echinopsis,0.9457,0.9457,0,ok,0
inat_394641430_723511713,echinopsis,echinopsis,0.9199,0.9199,0,pending,0
inat_395169499_724553610,echinopsis,echinopsis,0.9543,0.9543,0,pending,0
inat_396327741_726821206,echinopsis,echinopsis,0.6101,0.6101,0,pending,0
inat_396489167_727103661,echinopsis,echinopsis,0.568,0.568,0,pending,0
inat_401209865_736368463,echinopsis,echinopsis,0.4449,0.4449,0,pending,1
inat_215995149_381945203,gymnocalycium,gymnocalycium,0.7929,0.7929,0,pending,0
inat_215995713_381946528,gymnocalycium,gymnocalycium,0.7055,0.7055,0,pending,0
inat_216164558_382265932,gymnocalycium,gymnocalycium,0.9113,0.9113,0,pending,0
inat_216195771_382325628,gymnocalycium,gymnocalycium,0.7711,0.7711,0,pending,0
inat_216324892_382570500,gymnocalycium,gymnocalycium,0.704,0.704,0,pending,0
inat_219194838_387950828,gymnocalycium,gymnocalycium,0.8848,0.8848,0,pending,0
inat_221529568_392322158,gymnocalycium,gymnocalycium,0.9401,0.9401,0,pending,0
inat_226798484_402271949,gymnocalycium,gymnocalycium,0.9446,0.9446,0,pending,0
inat_227586307_403758439,gymnocalycium,gymnocalycium,0.8411,0.8411,0,pending,0
inat_229118556_406666929,gymnocalycium,gymnocalycium,0.6826,0.6826,0,pending,0
inat_233723940_415402917,gymnocalycium,gymnocalycium,0.9484,0.9484,0,pending,0
inat_235554216_418938220,gymnocalycium,gymnocalycium,0.9271,0.9271,0,pending,0
inat_237659466_422993122,gymnocalycium,gymnocalycium,0.9349,0.9349,0,pending,0
inat_239287026_426144820,gymnocalycium,gymnocalycium,0.9075,0.9075,0,pending,0
inat_239443292_426451861,gymnocalycium,gymnocalycium,0.8332,0.8332,0,ok,0
inat_240507949_428502091,gymnocalycium,gymnocalycium,0.8453,0.8453,0,pending,0
inat_240626680_428697666,gymnocalycium,gymnocalycium,0.6908,0.6908,0,pending,0
inat_244524863_436183561,gymnocalycium,echinopsis,0.187,0.6616,0,pending,1
inat_245432683_437961117,gymnocalycium,gymnocalycium,0.9601,0.9601,0,pending,0
inat_250999570_449024280,gymnocalycium,gymnocalycium,0.8566,0.8566,0,pending,0
inat_251521910_450063810,gymnocalycium,gymnocalycium,0.9571,0.9571,0,pending,0
inat_261452669_469713832,gymnocalycium,gymnocalycium,0.9008,0.9008,0,pending,0
inat_263642564_473665257,gymnocalycium,gymnocalycium,0.6626,0.6626,0,pending,0
inat_268453668_482534439,gymnocalycium,gymnocalycium,0.8618,0.8618,0,pending,0
inat_270489031_486454172,gymnocalycium,parodia,0.0398,0.897,0,not_potted,1
inat_270623224_486715324,gymnocalycium,gymnocalycium,0.922,0.922,0,pending,0
inat_270641862_486750133,gymnocalycium,echinopsis,0.171,0.6738,0,pending,1
inat_270673715_486809277,gymnocalycium,gymnocalycium,0.9359,0.9359,0,pending,0
inat_270676989_486815283,gymnocalycium,gymnocalycium,0.9018,0.9018,0,not_potted,0
inat_271277884_487952534,gymnocalycium,gymnocalycium,0.9111,0.9111,0,pending,0
inat_271470967_488317522,gymnocalycium,gymnocalycium,0.6785,0.6785,0,pending,0
inat_272997339_491108223,gymnocalycium,gymnocalycium,0.7468,0.7468,0,pending,0
inat_273967464_492612820,gymnocalycium,echinopsis,0.2968,0.4706,0,pending,1
inat_275017489_494276143,gymnocalycium,gymnocalycium,0.8417,0.8417,0,pending,0
inat_275525769_495074559,gymnocalycium,gymnocalycium,0.882,0.882,0,pending,0
inat_276320177_496250704,gymnocalycium,gymnocalycium,0.9567,0.9567,0,pending,0
inat_277166072_497691468,gymnocalycium,gymnocalycium,0.4392,0.4392,0,pending,1
inat_277966814_499114028,gymnocalycium,gymnocalycium,0.7809,0.7809,0,pending,0
inat_278902994_500810745,gymnocalycium,echinopsis,0.2775,0.5064,0,pending,1
inat_281133716_505363257,gymnocalycium,gymnocalycium,0.9208,0.9208,0,pending,0
inat_281536914_505752866,gymnocalycium,gymnocalycium,0.863,0.863,0,pending,0
inat_284041921_510427935,gymnocalycium,gymnocalycium,0.9319,0.9319,0,pending,0
inat_285586178_513335556,gymnocalycium,gymnocalycium,0.8454,0.8454,0,ok,0
inat_286300414_514683742,gymnocalycium,gymnocalycium,0.8989,0.8989,0,pending,0
inat_289033380_519829153,gymnocalycium,gymnocalycium,0.6768,0.6768,0,pending,0
inat_289872303_521393314,gymnocalycium,mammillaria,0.1782,0.7245,0,pending,1
inat_294567198_530215474,gymnocalycium,opuntia,0.1603,0.506,0,pending,1
inat_294581781_530241287,gymnocalycium,gymnocalycium,0.5296,0.5296,0,pending,0
inat_303627946_547278418,gymnocalycium,gymnocalycium,0.7043,0.7043,0,pending,0
inat_307154912_553983285,gymnocalycium,gymnocalycium,0.9248,0.9248,0,pending,0
inat_312887547_564975529,gymnocalycium,gymnocalycium,0.9358,0.9358,0,pending,0
inat_316440418_571728725,gymnocalycium,gymnocalycium,0.9389,0.9389,0,pending,0
inat_316639344_572106150,gymnocalycium,gymnocalycium,0.9204,0.9204,0,ok,0
inat_319684558_577906722,gymnocalycium,gymnocalycium,0.943,0.943,0,pending,0
inat_320280429_579051349,gymnocalycium,gymnocalycium,0.8323,0.8323,0,pending,0
inat_324212003_586767940,gymnocalycium,gymnocalycium,0.9329,0.9329,0,pending,0
inat_331874659_602154132,gymnocalycium,gymnocalycium,0.8881,0.8881,0,pending,0
inat_333869574_606180720,gymnocalycium,gymnocalycium,0.498,0.498,0,ok,1
inat_334734428_607941429,gymnocalycium,gymnocalycium,0.4243,0.4243,0,pending,1
inat_336009580_610519483,gymnocalycium,gymnocalycium,0.8101,0.8101,0,pending,0
inat_337522841_613594372,gymnocalycium,astrophytum,0.272,0.5494,0,pending,1
inat_338810260_616218833,gymnocalycium,gymnocalycium,0.9321,0.9321,0,pending,0
inat_339276397_617152508,gymnocalycium,gymnocalycium,0.9416,0.9416,0,pending,0
inat_343580470_625897531,gymnocalycium,parodia,0.2361,0.4978,0,pending,1
inat_345572622_629791826,gymnocalycium,gymnocalycium,0.9021,0.9021,0,pending,0
inat_346165769_630964649,gymnocalycium,gymnocalycium,0.8836,0.8836,0,pending,0
inat_349315324_637200771,gymnocalycium,gymnocalycium,0.9335,0.9335,0,pending,0
inat_352404202_643201391,gymnocalycium,gymnocalycium,0.924,0.924,0,pending,0
inat_355146361_647788658,gymnocalycium,gymnocalycium,0.8278,0.8278,0,pending,0
inat_357436244_651938194,gymnocalycium,gymnocalycium,0.9041,0.9041,0,pending,0
inat_368612942_673270595,gymnocalycium,echinopsis,0.117,0.4359,0,pending,1
inat_371062238_677936856,gymnocalycium,gymnocalycium,0.9548,0.9548,0,multi_plant,0
inat_372869309_681390331,gymnocalycium,mammillaria,0.2232,0.3917,0,pending,1
inat_373963676_683387843,gymnocalycium,gymnocalycium,0.4742,0.4742,0,pending,1
inat_375120372_685720630,gymnocalycium,gymnocalycium,0.9035,0.9035,0,pending,0
inat_388420279_711387124,gymnocalycium,gymnocalycium,0.7429,0.7429,0,pending,0
inat_388576326_711671216,gymnocalycium,gymnocalycium,0.9526,0.9526,0,pending,0
inat_392180163_718686684,gymnocalycium,gymnocalycium,0.8668,0.8668,0,pending,0
inat_392944272_720180218,gymnocalycium,gymnocalycium,0.8421,0.8421,0,pending,0
inat_393789150_721835277,gymnocalycium,gymnocalycium,0.8901,0.8901,0,pending,0
inat_332640856_603727818,mammillaria,mammillaria,0.8256,0.8256,0,pending,0
inat_333714719_605864382,mammillaria,mammillaria,0.8491,0.8491,0,pending,0
inat_334427142_607317421,mammillaria,mammillaria,0.9237,0.9237,0,pending,0
inat_334747879_607963218,mammillaria,mammillaria,0.4337,0.4337,0,pending,1
inat_335785063_610072175,mammillaria,mammillaria,0.7966,0.7966,0,pending,0
inat_337518041_613583956,mammillaria,mammillaria,0.8377,0.8377,0,pending,0
inat_337904918_614377538,mammillaria,opuntia,0.3696,0.5294,0,pending,1
inat_338122725_614823185,mammillaria,mammillaria,0.8442,0.8442,0,pending,0
inat_338530049_615668463,mammillaria,mammillaria,0.9334,0.9334,0,pending,0
inat_339276415_617152749,mammillaria,mammillaria,0.8357,0.8357,0,pending,0
inat_339739938_618096461,mammillaria,mammillaria,0.764,0.764,0,pending,0
inat_340688201_620028298,mammillaria,mammillaria,0.377,0.377,0,pending,1
inat_340980690_620627100,mammillaria,mammillaria,0.9591,0.9591,0,pending,0
inat_341756230_622217055,mammillaria,mammillaria,0.7993,0.7993,0,pending,0
inat_341823196_622354465,mammillaria,mammillaria,0.7226,0.7226,0,pending,0
inat_342634510_623994620,mammillaria,mammillaria,0.9409,0.9409,0,pending,0
inat_343056593_624830004,mammillaria,mammillaria,0.8931,0.8931,0,pending,0
inat_343490675_625710889,mammillaria,mammillaria,0.907,0.907,0,pending,0
inat_343599855_625934444,mammillaria,mammillaria,0.8161,0.8161,0,pending,0
inat_343599856_625934527,mammillaria,mammillaria,0.8472,0.8472,0,pending,0
inat_343648477_626034496,mammillaria,mammillaria,0.8312,0.8312,0,ok,0
inat_344114234_626956639,mammillaria,mammillaria,0.8224,0.8224,0,pending,0
inat_344114599_626957317,mammillaria,parodia,0.3592,0.5521,0,pending,1
inat_344418605_627548638,mammillaria,mammillaria,0.8944,0.8944,0,pending,0
inat_344469659_627646646,mammillaria,mammillaria,0.9116,0.9116,0,ok,0
inat_344707637_628109659,mammillaria,mammillaria,0.8021,0.8021,0,pending,0
inat_345313146_629286443,mammillaria,mammillaria,0.741,0.741,0,pending,0
inat_345401761_629462983,mammillaria,mammillaria,0.7221,0.7221,0,pending,0
inat_345644071_629943818,mammillaria,mammillaria,0.7245,0.7245,0,pending,0
inat_345954812_630549176,mammillaria,mammillaria,0.3483,0.3483,0,pending,1
inat_346244273_631120302,mammillaria,mammillaria,0.6639,0.6639,0,pending,0
inat_346294249_631223336,mammillaria,mammillaria,0.9252,0.9252,0,pending,0
inat_346945570_632509591,mammillaria,mammillaria,0.5471,0.5471,0,pending,0
inat_350962487_640509841,mammillaria,mammillaria,0.536,0.536,0,pending,0
inat_351393262_641249782,mammillaria,parodia,0.2611,0.6166,0,pending,1
inat_351928766_642293618,mammillaria,echinopsis,0.4132,0.5142,0,pending,1
inat_352032757_642488834,mammillaria,mammillaria,0.9364,0.9364,0,pending,0
inat_352158907_642738885,mammillaria,mammillaria,0.9545,0.9545,0,pending,0
inat_352202152_642824985,mammillaria,mammillaria,0.3257,0.3257,0,pending,1
inat_352639704_643571542,mammillaria,mammillaria,0.8795,0.8795,0,pending,0
inat_354381710_646490010,mammillaria,mammillaria,0.8256,0.8256,0,pending,0
inat_355516808_648354797,mammillaria,mammillaria,0.8564,0.8564,0,ok,0
inat_356147416_649471688,mammillaria,mammillaria,0.9399,0.9399,0,pending,0
inat_356640242_650394106,mammillaria,mammillaria,0.8798,0.8798,0,pending,0
inat_357152000_651373718,mammillaria,mammillaria,0.5982,0.5982,0,pending,0
inat_358038372_653092383,mammillaria,mammillaria,0.6905,0.6905,0,pending,0
inat_358092004_653196637,mammillaria,mammillaria,0.8959,0.8959,0,pending,0
inat_360243486_657334168,mammillaria,mammillaria,0.4664,0.4664,0,pending,1
inat_360387097_657599630,mammillaria,mammillaria,0.927,0.927,0,ok,0
inat_360584450_657975659,mammillaria,mammillaria,0.66,0.66,0,pending,0
inat_360728960_658255549,mammillaria,mammillaria,0.926,0.926,0,pending,0
inat_361499257_659738016,mammillaria,mammillaria,0.8649,0.8649,0,pending,0
inat_363080067_662735268,mammillaria,mammillaria,0.9636,0.9636,0,pending,0
inat_364557129_665530938,mammillaria,mammillaria,0.9404,0.9404,0,pending,0
inat_366032799_668338023,mammillaria,mammillaria,0.6274,0.6274,0,pending,0
inat_368231777_672542471,mammillaria,mammillaria,0.8547,0.8547,0,pending,0
inat_368976161_673948447,mammillaria,parodia,0.2732,0.6205,0,pending,1
inat_369895240_675701468,mammillaria,mammillaria,0.9095,0.9095,0,pending,0
inat_370302664_676484216,mammillaria,mammillaria,0.7334,0.7334,0,pending,0
inat_370367573_676603151,mammillaria,mammillaria,0.9072,0.9072,0,pending,0
inat_370368770_676605425,mammillaria,mammillaria,0.8937,0.8937,0,pending,0
inat_371669548_679084701,mammillaria,mammillaria,0.7238,0.7238,0,pending,0
inat_372166746_680047977,mammillaria,mammillaria,0.9002,0.9002,0,pending,0
inat_372892375_681433042,mammillaria,gymnocalycium,0.1917,0.522,0,pending,1
inat_374737600_684979229,mammillaria,mammillaria,0.8588,0.8588,0,pending,0
inat_376127016_687680760,mammillaria,mammillaria,0.8872,0.8872,0,ok,0
inat_376965034_689289570,mammillaria,mammillaria,0.8867,0.8867,0,pending,0
inat_379297762_693802717,mammillaria,mammillaria,0.7736,0.7736,0,pending,0
inat_379806323_694779043,mammillaria,mammillaria,0.8779,0.8779,0,pending,0
inat_380948166_696995800,mammillaria,mammillaria,0.7065,0.7065,0,pending,0
inat_382338051_699678229,mammillaria,mammillaria,0.4592,0.4592,0,pending,1
inat_382618369_700214780,mammillaria,mammillaria,0.9485,0.9485,0,pending,0
inat_388666645_711866473,mammillaria,mammillaria,0.8048,0.8048,0,pending,0
inat_388894428_712313264,mammillaria,mammillaria,0.6862,0.6862,0,pending,0
inat_390590607_715598888,mammillaria,mammillaria,0.6724,0.6724,0,pending,0
inat_392184918_718695455,mammillaria,mammillaria,0.9394,0.9394,0,pending,0
inat_393215546_720711549,mammillaria,mammillaria,0.9165,0.9165,0,pending,0
inat_395872501_725914073,mammillaria,mammillaria,0.9189,0.9189,0,pending,0
inat_398725285_731464944,mammillaria,mammillaria,0.8569,0.8569,0,pending,0
inat_400575517_735113172,mammillaria,mammillaria,0.9725,0.9725,0,ok,0
inat_276586862_496681342,opuntia,opuntia,0.9204,0.9204,0,pending,0
inat_276841021_497119453,opuntia,opuntia,0.9567,0.9567,0,pending,0
inat_277003479_497403382,opuntia,opuntia,0.9429,0.9429,0,pending,0
inat_277235322_497817058,opuntia,opuntia,0.9197,0.9197,0,pending,0
inat_277747773_498711610,opuntia,opuntia,0.8452,0.8452,0,pending,0
inat_281088433_504904468,opuntia,opuntia,0.9209,0.9209,0,not_potted,0
inat_282255507_507093640,opuntia,opuntia,0.8835,0.8835,0,pending,0
inat_283123338_508711703,opuntia,opuntia,0.9199,0.9199,0,ok,0
inat_292061809_525541378,opuntia,opuntia,0.8529,0.8529,0,pending,0
inat_294324799_529761963,opuntia,opuntia,0.9519,0.9519,0,pending,0
inat_295280602_531600490,opuntia,opuntia,0.9167,0.9167,0,pending,0
inat_296455205_533805548,opuntia,opuntia,0.905,0.905,0,pending,0
inat_297572262_535925393,opuntia,opuntia,0.9245,0.9245,0,pending,0
inat_297669277_536103586,opuntia,opuntia,0.8829,0.8829,0,pending,0
inat_298170581_537056426,opuntia,opuntia,0.9097,0.9097,0,pending,0
inat_299387737_539365142,opuntia,opuntia,0.8792,0.8792,0,pending,0
inat_299561517_539688071,opuntia,opuntia,0.8658,0.8658,0,pending,0
inat_303204688_546473338,opuntia,opuntia,0.8377,0.8377,0,pending,0
inat_303677795_547373714,opuntia,opuntia,0.8622,0.8622,0,pending,0
inat_305106292_550083815,opuntia,opuntia,0.925,0.925,0,pending,0
inat_311637677_562589638,opuntia,opuntia,0.9451,0.9451,0,pending,0
inat_316444011_579148783,opuntia,opuntia,0.7932,0.7932,0,pending,0
inat_316860879_572517187,opuntia,opuntia,0.8699,0.8699,0,pending,0
inat_317886775_574462061,opuntia,opuntia,0.8917,0.8917,0,pending,0
inat_318182448_575033570,opuntia,opuntia,0.9044,0.9044,0,pending,0
inat_318492604_575624755,opuntia,opuntia,0.8829,0.8829,0,pending,0
inat_319752650_578039890,opuntia,opuntia,0.8915,0.8915,0,pending,0
inat_319836082_578196000,opuntia,opuntia,0.9131,0.9131,0,pending,0
inat_319988384_578488259,opuntia,opuntia,0.9304,0.9304,0,pending,0
inat_321202765_580865548,opuntia,opuntia,0.8919,0.8919,0,pending,0
inat_322609509_583640776,opuntia,opuntia,0.8227,0.8227,0,pending,0
inat_323293406_584952106,opuntia,opuntia,0.7078,0.7078,0,ok,0
inat_323293418_584952146,opuntia,opuntia,0.897,0.897,0,pending,0
inat_323558581_585465771,opuntia,opuntia,0.8892,0.8892,0,pending,0
inat_324689694_587728729,opuntia,opuntia,0.9342,0.9342,0,pending,0
inat_326543730_591426887,opuntia,opuntia,0.8483,0.8483,0,pending,0
inat_326716290_591772996,opuntia,opuntia,0.8383,0.8383,0,pending,0
inat_327059676_592457561,opuntia,opuntia,0.8997,0.8997,0,pending,0
inat_330042708_598386645,opuntia,opuntia,0.9326,0.9326,0,pending,0
inat_330561571_599452136,opuntia,opuntia,0.929,0.929,0,pending,0
inat_332157584_602736572,opuntia,opuntia,0.9184,0.9184,0,ok,0
inat_332918322_604297730,opuntia,opuntia,0.9013,0.9013,0,pending,0
inat_336259803_624843807,opuntia,opuntia,0.5928,0.5928,0,not_potted,0
inat_337380251_613299335,opuntia,opuntia,0.8761,0.8761,0,pending,0
inat_337990186_614551345,opuntia,opuntia,0.886,0.886,0,pending,0
inat_338111043_614799769,opuntia,opuntia,0.9171,0.9171,0,pending,0
inat_339018178_616626957,opuntia,opuntia,0.8829,0.8829,0,pending,0
inat_339329718_617268320,opuntia,opuntia,0.874,0.874,0,pending,0
inat_342235071_623184927,opuntia,opuntia,0.7783,0.7783,0,pending,0
inat_343832344_626400145,opuntia,opuntia,0.894,0.894,0,pending,0
inat_345461211_629844855,opuntia,opuntia,0.8668,0.8668,0,pending,0
inat_345668277_629989460,opuntia,opuntia,0.943,0.943,0,pending,0
inat_349387582_637340196,opuntia,opuntia,0.8789,0.8789,0,pending,0
inat_349400014_637365786,opuntia,opuntia,0.7637,0.7637,0,pending,0
inat_350471694_639471809,opuntia,opuntia,0.8971,0.8971,0,pending,0
inat_350471698_639471805,opuntia,opuntia,0.9461,0.9461,0,pending,0
inat_350842291_640186552,opuntia,opuntia,0.9246,0.9246,0,pending,0
inat_351411323_641285885,opuntia,parodia,0.3688,0.4554,0,pending,1
inat_351797987_642031309,opuntia,opuntia,0.7836,0.7836,0,ok,0
inat_352249204_642913076,opuntia,opuntia,0.9316,0.9316,0,ok,0
inat_353869886_645608153,opuntia,opuntia,0.9033,0.9033,0,pending,0
inat_353943527_645742885,opuntia,opuntia,0.9236,0.9236,0,pending,0
inat_354591670_646834081,opuntia,opuntia,0.9381,0.9381,0,pending,0
inat_355771630_648798110,opuntia,opuntia,0.9264,0.9264,0,pending,0
inat_356189822_649552710,opuntia,opuntia,0.8755,0.8755,0,pending,0
inat_356452491_650040993,opuntia,opuntia,0.9297,0.9297,0,pending,0
inat_356685750_650479506,opuntia,opuntia,0.8966,0.8966,0,pending,0
inat_357331095_651723556,opuntia,opuntia,0.9034,0.9034,0,pending,0
inat_358754011_654488589,opuntia,opuntia,0.5468,0.5468,0,pending,0
inat_358840480_654661345,opuntia,opuntia,0.912,0.912,0,pending,0
inat_369877802_675659934,opuntia,opuntia,0.9184,0.9184,0,pending,0
inat_378168004_691617097,opuntia,opuntia,0.8728,0.8728,0,pending,0
inat_378758261_692752954,opuntia,opuntia,0.926,0.926,0,pending,0
inat_382280039_699571448,opuntia,opuntia,0.8745,0.8745,0,ok,0
inat_382573282_700131638,opuntia,opuntia,0.7678,0.7678,0,pending,0
inat_382641039_700259183,opuntia,opuntia,0.8977,0.8977,0,pending,0
inat_383736597_702365236,opuntia,opuntia,0.9137,0.9137,0,pending,0
inat_386699751_708040767,opuntia,opuntia,0.9537,0.9537,0,pending,0
inat_387400218_709391575,opuntia,opuntia,0.9047,0.9047,0,pending,0
inat_392505865_719324920,opuntia,opuntia,0.8856,0.8856,0,pending,0
inat_225709723_400211832,parodia,parodia,0.7832,0.7832,0,not_potted,0
inat_226156125_401043301,parodia,parodia,0.8287,0.8287,0,pending,0
inat_232709006_413465305,parodia,parodia,0.8818,0.8818,0,pending,0
inat_236730800_421600002,parodia,parodia,0.9076,0.9076,0,pending,0
inat_238047133_423752655,parodia,parodia,0.9447,0.9447,0,pending,0
inat_239320520_426213668,parodia,parodia,0.6416,0.6416,0,pending,0
inat_244523800_436181288,parodia,parodia,0.8137,0.8137,0,pending,0
inat_244526577_436186260,parodia,parodia,0.959,0.959,0,pending,0
inat_246281098_439635850,parodia,parodia,0.8716,0.8716,0,pending,0
inat_246697533_440458997,parodia,parodia,0.9215,0.9215,0,not_potted,0
inat_247514275_442076589,parodia,parodia,0.8748,0.8748,0,pending,0
inat_253352585_453621222,parodia,parodia,0.8836,0.8836,0,pending,0
inat_253505504_453928123,parodia,parodia,0.8213,0.8213,0,pending,0
inat_254523084_455915907,parodia,parodia,0.9189,0.9189,0,pending,0
inat_256696158_460304359,parodia,parodia,0.8703,0.8703,0,ok,0
inat_260332676_467498421,parodia,parodia,0.5658,0.5658,0,pending,0
inat_266097695_478070825,parodia,parodia,0.921,0.921,0,pending,0
inat_266820875_479423730,parodia,parodia,0.9391,0.9391,0,pending,0
inat_268414792_482471759,parodia,parodia,0.5395,0.5395,0,pending,0
inat_268486404_482612249,parodia,parodia,0.9342,0.9342,0,pending,0
inat_268518792_482676939,parodia,echinocactus,0.3998,0.4976,0,pending,1
inat_271333481_488059795,parodia,parodia,0.7991,0.7991,0,pending,0
inat_274732160_493829365,parodia,parodia,0.9251,0.9251,0,pending,0
inat_275089469_494390617,parodia,parodia,0.5548,0.5548,0,pending,0
inat_275529108_495079217,parodia,parodia,0.841,0.841,0,pending,0
inat_275818761_495492827,parodia,parodia,0.9143,0.9143,0,pending,0
inat_276338541_496281502,parodia,parodia,0.8942,0.8942,0,pending,0
inat_277474268_498223731,parodia,echinocactus,0.1866,0.4376,0,ok,1
inat_281609515_505889361,parodia,parodia,0.9316,0.9316,0,pending,0
inat_281870867_506370358,parodia,parodia,0.5275,0.5275,0,pending,0
inat_284153982_510646225,parodia,parodia,0.878,0.878,0,pending,0
inat_287549726_517043523,parodia,parodia,0.6539,0.6539,0,ok,0
inat_290530136_522657882,parodia,astrophytum,0.1007,0.4567,0,pending,1
inat_290840631_523239555,parodia,parodia,0.7726,0.7726,0,pending,0
inat_296901111_534654440,parodia,parodia,0.9512,0.9512,0,pending,0
inat_297831314_536415146,parodia,parodia,0.8525,0.8525,0,pending,0
inat_302666702_545479745,parodia,parodia,0.8912,0.8912,0,pending,0
inat_307140861_553954082,parodia,parodia,0.6706,0.6706,0,pending,0
inat_311536552_562393143,parodia,mammillaria,0.1807,0.2988,0,ok,1
inat_311784743_562858523,parodia,parodia,0.8875,0.8875,0,pending,0
inat_313007040_565200553,parodia,parodia,0.9012,0.9012,0,pending,0
inat_313755511_566630236,parodia,parodia,0.8159,0.8159,0,pending,0
inat_315251637_569483982,parodia,parodia,0.6668,0.6668,0,pending,0
inat_316846054_572486101,parodia,echinocactus,0.0926,0.845,0,pending,1
inat_317837536_574368701,parodia,parodia,0.6804,0.6804,0,pending,0
inat_318215008_575093720,parodia,parodia,0.9086,0.9086,0,ok,0
inat_318332978_575320908,parodia,parodia,0.6931,0.6931,0,ok,0
inat_318514824_575668598,parodia,parodia,0.9244,0.9244,0,pending,0
inat_318933900_576467706,parodia,parodia,0.9151,0.9151,0,ok,0
inat_319702483_577942705,parodia,parodia,0.8661,0.8661,0,pending,0
inat_319874128_578269531,parodia,parodia,0.858,0.858,0,pending,0
inat_320516029_579597925,parodia,parodia,0.9301,0.9301,0,pending,0
inat_322994041_584392288,parodia,parodia,0.8998,0.8998,0,pending,0
inat_333225736_604926611,parodia,parodia,0.7505,0.7505,0,pending,0
inat_336405816_611312341,parodia,echinocactus,0.2736,0.6262,0,pending,1
inat_336992802_612506365,parodia,parodia,0.5963,0.5963,0,pending,0
inat_337660890_613877506,parodia,parodia,0.6137,0.6137,0,pending,0
inat_343363340_625450906,parodia,parodia,0.8174,0.8174,0,pending,0
inat_344004044_626738707,parodia,astrophytum,0.0282,0.8359,0,ok,1
inat_344139154_627005799,parodia,parodia,0.9487,0.9487,0,pending,0
inat_344801668_628284048,parodia,parodia,0.904,0.904,0,pending,0
inat_344807343_628293825,parodia,parodia,0.8691,0.8691,0,pending,0
inat_348045913_634699155,parodia,parodia,0.9616,0.9616,0,pending,0
inat_348116293_634833332,parodia,parodia,0.9429,0.9429,0,pending,0
inat_350823850_661735390,parodia,mammillaria,0.1691,0.729,0,pending,1
inat_351138221_640741921,parodia,parodia,0.5489,0.5489,0,pending,0
inat_357155427_651379762,parodia,parodia,0.929,0.929,0,ok,0
inat_357305236_651671246,parodia,parodia,0.8908,0.8908,0,pending,0
inat_360628664_658059498,parodia,parodia,0.7261,0.7261,0,pending,0
inat_361338091_659437197,parodia,parodia,0.9049,0.9049,0,not_potted,0
inat_363087027_662748325,parodia,parodia,0.6232,0.6232,0,pending,0
inat_364476739_665370372,parodia,parodia,0.9317,0.9317,0,pending,0
inat_367904068_671908638,parodia,parodia,0.8761,0.8761,0,pending,0
inat_368234174_672546796,parodia,parodia,0.7877,0.7877,0,pending,0
inat_388124559_710807382,parodia,parodia,0.7987,0.7987,0,pending,0
inat_389153510_712791872,parodia,mammillaria,0.1441,0.6662,0,pending,1
inat_393197028_720676583,parodia,parodia,0.7941,0.7941,0,pending,0
inat_394130162_722508666,parodia,parodia,0.9454,0.9454,0,pending,0
inat_395206797_724625933,parodia,parodia,0.8269,0.8269,0,pending,0
inat_399482409_732937641,parodia,parodia,0.9693,0.9693,0,pending,0
inat_194880619_342685675,astrophytum,astrophytum,0.9156,0.9156,1,pending,0
inat_195529713_344012904,astrophytum,astrophytum,0.805,0.805,1,pending,0
inat_196421982_345812489,astrophytum,astrophytum,0.9161,0.9161,1,pending,0
inat_196935015_346722566,astrophytum,astrophytum,0.863,0.863,1,ok,0
inat_198459836_349800522,astrophytum,astrophytum,0.9424,0.9424,1,not_potted,0
inat_198519220_349917299,astrophytum,astrophytum,0.9164,0.9164,1,pending,0
inat_198705734_350285721,astrophytum,astrophytum,0.9102,0.9102,1,pending,0
inat_199173861_351203480,astrophytum,astrophytum,0.8077,0.8077,1,pending,0
inat_199335837_351522139,astrophytum,astrophytum,0.9284,0.9284,1,pending,0
inat_199406771_351653565,astrophytum,astrophytum,0.6987,0.6987,1,pending,0
inat_199846559_352489168,astrophytum,astrophytum,0.6817,0.6817,1,pending,0
inat_199955272_352694165,astrophytum,astrophytum,0.7713,0.7713,1,pending,0
inat_200467721_353693277,astrophytum,astrophytum,0.8884,0.8884,1,pending,0
inat_207026181_366145634,astrophytum,echinopsis,0.1404,0.5363,1,pending,1
inat_208040151_368051418,astrophytum,astrophytum,0.8302,0.8302,1,pending,0
inat_211170335_373385561,astrophytum,astrophytum,0.9275,0.9275,1,pending,0
inat_212814025_376082737,astrophytum,astrophytum,0.4591,0.4591,1,pending,1
inat_215293878_380621278,astrophytum,astrophytum,0.9198,0.9198,1,pending,0
inat_217175670_384163116,astrophytum,astrophytum,0.9181,0.9181,1,pending,0
inat_218719335_387060814,astrophytum,astrophytum,0.7853,0.7853,1,pending,0
inat_219626852_388759340,astrophytum,astrophytum,0.913,0.913,1,ok,0
inat_219863114_415585182,astrophytum,astrophytum,0.8981,0.8981,1,pending,0
inat_220514197_390424063,astrophytum,astrophytum,0.9493,0.9493,1,ok,0
inat_220832738_391023539,astrophytum,astrophytum,0.9404,0.9404,1,pending,0
inat_221885267_392980690,astrophytum,astrophytum,0.5955,0.5955,1,pending,0
inat_223976308_396910099,astrophytum,astrophytum,0.9082,0.9082,1,pending,0
inat_226352808_401429758,astrophytum,astrophytum,0.8501,0.8501,1,pending,0
inat_232281743_412653991,astrophytum,astrophytum,0.7066,0.7066,1,pending,0
inat_235858041_419519178,astrophytum,astrophytum,0.8909,0.8909,1,pending,0
inat_236064631_419926210,astrophytum,echinopsis,0.0083,0.7389,1,pending,1
inat_236726012_421190482,astrophytum,astrophytum,0.5724,0.5724,1,pending,0
inat_239694198_426936680,astrophytum,astrophytum,0.6705,0.6705,1,pending,0
inat_240505598_428491529,astrophytum,astrophytum,0.942,0.942,1,pending,0
inat_257650637_462228845,astrophytum,astrophytum,0.9204,0.9204,1,pending,0
inat_260330731_467494904,astrophytum,astrophytum,0.893,0.893,1,pending,0
inat_262385376_471388541,astrophytum,astrophytum,0.7279,0.7279,1,pending,0
inat_269490199_484549905,astrophytum,astrophytum,0.8512,0.8512,1,pending,0
inat_270045365_485604690,astrophytum,astrophytum,0.9179,0.9179,1,pending,0
inat_270078766_485669227,astrophytum,astrophytum,0.8708,0.8708,1,pending,0
inat_274050313_492746836,astrophytum,astrophytum,0.869,0.869,1,pending,0
inat_276224234_496032957,astrophytum,astrophytum,0.9342,0.9342,1,pending,0
inat_276375863_496338336,astrophytum,astrophytum,0.9313,0.9313,1,pending,0
inat_282838705_508187178,astrophytum,astrophytum,0.9461,0.9461,1,pending,0
inat_285800252_513727604,astrophytum,astrophytum,0.9487,0.9487,1,pending,0
inat_285801674_513730815,astrophytum,astrophytum,0.8879,0.8879,1,pending,0
inat_287849328_517602008,astrophytum,astrophytum,0.9021,0.9021,1,pending,0
inat_290237947_522097790,astrophytum,astrophytum,0.9624,0.9624,1,pending,0
inat_292151651_525714085,astrophytum,astrophytum,0.794,0.794,1,pending,0
inat_292475655_526388031,astrophytum,astrophytum,0.7942,0.7942,1,pending,0
inat_294243781_529611125,astrophytum,astrophytum,0.9806,0.9806,1,pending,0
inat_297839971_536431891,astrophytum,astrophytum,0.6933,0.6933,1,pending,0
inat_299421498_539428466,astrophytum,astrophytum,0.9141,0.9141,1,not_potted,0
inat_299421754_539428658,astrophytum,astrophytum,0.7544,0.7544,1,pending,0
inat_300826964_542053879,astrophytum,astrophytum,0.9747,0.9747,1,pending,0
inat_309358067_558481014,astrophytum,astrophytum,0.8445,0.8445,1,pending,0
inat_313561426_566264593,astrophytum,astrophytum,0.9268,0.9268,1,pending,0
inat_313599083_566332781,astrophytum,astrophytum,0.7637,0.7637,1,pending,0
inat_317935466_574560391,astrophytum,astrophytum,0.974,0.974,1,pending,0
inat_318996513_576585248,astrophytum,astrophytum,0.9182,0.9182,1,pending,0
inat_320424131_579336229,astrophytum,astrophytum,0.9301,0.9301,1,ok,0
inat_326917010_592175511,astrophytum,astrophytum,0.9525,0.9525,1,pending,0
inat_327436468_593209770,astrophytum,astrophytum,0.6812,0.6812,1,pending,0
inat_329798712_597891954,astrophytum,astrophytum,0.9127,0.9127,1,pending,0
inat_331715593_601825312,astrophytum,astrophytum,0.9314,0.9314,1,ok,0
inat_333938206_606325181,astrophytum,astrophytum,0.7511,0.7511,1,pending,0
inat_335154609_608803381,astrophytum,astrophytum,0.8127,0.8127,1,pending,0
inat_336103769_610709104,astrophytum,astrophytum,0.953,0.953,1,pending,0
inat_336576380_611660271,astrophytum,astrophytum,0.835,0.835,1,pending,0
inat_337800942_614158983,astrophytum,astrophytum,0.9021,0.9021,1,pending,0
inat_339276339_617151831,astrophytum,astrophytum,0.9724,0.9724,1,pending,0
inat_340130116_618903591,astrophytum,astrophytum,0.9261,0.9261,1,pending,0
inat_341199506_621079163,astrophytum,astrophytum,0.9365,0.9365,1,pending,0
inat_341749036_622204746,astrophytum,astrophytum,0.8895,0.8895,1,pending,0
inat_343341839_625406078,astrophytum,astrophytum,0.9537,0.9537,1,ok,0
inat_344665301_628027639,astrophytum,astrophytum,0.9316,0.9316,1,pending,0
inat_350805039_640115515,astrophytum,astrophytum,0.9477,0.9477,1,pending,0
inat_368976103_673942942,astrophytum,astrophytum,0.9294,0.9294,1,pending,0
inat_372869866_681391288,astrophytum,mammillaria,0.0108,0.7543,1,pending,1
inat_385451151_705651943,astrophytum,astrophytum,0.8975,0.8975,1,ok,0
inat_387815998_710196113,astrophytum,astrophytum,0.9302,0.9302,1,pending,0
inat_370967525_677826894,echinocactus,echinocactus,0.8477,0.8477,1,pending,0
inat_371038905_677893533,echinocactus,echinocactus,0.9133,0.9133,1,pending,0
inat_371128228_678067402,echinocactus,echinocactus,0.3338,0.3338,1,pending,1
inat_371272153_678327958,echinocactus,echinocactus,0.7789,0.7789,1,pending,0
inat_371966837_679659315,echinocactus,echinopsis,0.3616,0.4942,1,pending,1
inat_372213510_680141114,echinocactus,echinocactus,0.8938,0.8938,1,pending,0
inat_372217853_680150221,echinocactus,echinocactus,0.9034,0.9034,1,pending,0
inat_372551255_680788264,echinocactus,echinocactus,0.8507,0.8507,1,pending,0
inat_372931305_681504407,echinocactus,echinocactus,0.8474,0.8474,1,pending,0
inat_372946464_681531492,echinocactus,echinocactus,0.9218,0.9218,1,pending,0
inat_373390660_682381896,echinocactus,echinocactus,0.8985,0.8985,1,not_potted,0
inat_373616322_682813170,echinocactus,echinocactus,0.8941,0.8941,1,not_potted,0
inat_374667145_684840121,echinocactus,echinocactus,0.9517,0.9517,1,pending,0
inat_374812668_685131158,echinocactus,echinocactus,0.9204,0.9204,1,pending,0
inat_375052446_685585549,echinocactus,echinocactus,0.8913,0.8913,1,pending,0
inat_376541525_688472792,echinocactus,echinocactus,0.8297,0.8297,1,pending,0
inat_377001849_689363567,echinocactus,echinocactus,0.8301,0.8301,1,pending,0
inat_377241714_689824370,echinocactus,echinocactus,0.9122,0.9122,1,pending,0
inat_377377257_690094009,echinocactus,echinocactus,0.879,0.879,1,pending,0
inat_377922087_691148835,echinocactus,echinocactus,0.9321,0.9321,1,pending,0
inat_377976878_691252903,echinocactus,echinocactus,0.8962,0.8962,1,pending,0
inat_378359558_691986688,echinocactus,echinocactus,0.9444,0.9444,1,pending,0
inat_378795182_692821568,echinocactus,echinocactus,0.8979,0.8979,1,pending,0
inat_378875724_692977466,echinocactus,echinocactus,0.9547,0.9547,1,pending,0
inat_379300332_693807419,echinocactus,echinopsis,0.1688,0.3951,1,pending,1
inat_379484673_694154116,echinocactus,echinocactus,0.9304,0.9304,1,pending,0
inat_380428185_695984839,echinocactus,echinocactus,0.9235,0.9235,1,pending,0
inat_381215829_697509015,echinocactus,echinocactus,0.9215,0.9215,1,pending,0
inat_381393992_697854854,echinocactus,echinocactus,0.9362,0.9362,1,pending,0
inat_381534572_698126641,echinocactus,parodia,0.0355,0.9094,1,pending,1
inat_381579768_698217736,echinocactus,echinocactus,0.9054,0.9054,1,pending,0
inat_381889067_698821400,echinocactus,echinocactus,0.5319,0.5319,1,ok,0
inat_382106034_699231798,echinocactus,echinocactus,0.848,0.848,1,pending,0
inat_382194378_699407931,echinocactus,echinocactus,0.9287,0.9287,1,pending,0
inat_382335046_699672709,echinocactus,echinocactus,0.8876,0.8876,1,pending,0
inat_383595786_702100944,echinocactus,echinocactus,0.8818,0.8818,1,pending,0
inat_384636519_704103352,echinocactus,echinocactus,0.913,0.913,1,pending,0
inat_384744911_704316918,echinocactus,echinocactus,0.9268,0.9268,1,pending,0
inat_384895639_704602257,echinocactus,echinocactus,0.9079,0.9079,1,pending,0
inat_385830192_706380867,echinocactus,echinocactus,0.8227,0.8227,1,pending,0
inat_386119973_706938919,echinocactus,echinocactus,0.2678,0.2678,1,blurry,1
inat_386314898_707312636,echinocactus,echinocactus,0.9322,0.9322,1,pending,0
inat_387038664_708687749,echinocactus,echinocactus,0.8382,0.8382,1,pending,0
inat_387195391_708997460,echinocactus,echinocactus,0.9416,0.9416,1,pending,0
inat_387361577_709316859,echinocactus,echinocactus,0.8878,0.8878,1,pending,0
inat_387386650_709365461,echinocactus,echinocactus,0.9275,0.9275,1,pending,0
inat_388011371_710579280,echinocactus,echinocactus,0.9373,0.9373,1,pending,0
inat_388680008_711891868,echinocactus,echinocactus,0.9406,0.9406,1,pending,0
inat_389849487_714147006,echinocactus,echinocactus,0.8961,0.8961,1,pending,0
inat_390135513_714708063,echinocactus,echinocactus,0.8084,0.8084,1,pending,0
inat_390542854_715509757,echinocactus,echinocactus,0.9438,0.9438,1,pending,0
inat_390758838_715929873,echinocactus,echinocactus,0.9265,0.9265,1,pending,0
inat_391077179_716549780,echinocactus,echinocactus,0.818,0.818,1,pending,0
inat_391811506_717969226,echinocactus,echinocactus,0.5162,0.5162,1,pending,0
inat_391995539_718328887,echinocactus,echinocactus,0.7876,0.7876,1,pending,0
inat_392164356_719655070,echinocactus,echinocactus,0.8376,0.8376,1,pending,0
inat_392185512_718696618,echinocactus,echinocactus,0.8047,0.8047,1,pending,0
inat_392865397_720029020,echinocactus,echinocactus,0.8846,0.8846,1,pending,0
inat_393125270_720539262,echinocactus,echinocactus,0.9435,0.9435,1,pending,0
inat_393217843_720716456,echinocactus,echinocactus,0.9311,0.9311,1,not_potted,0
inat_394081551_722411892,echinocactus,echinocactus,0.8592,0.8592,1,ok,0
inat_394876872_723975933,echinocactus,echinocactus,0.8541,0.8541,1,pending,0
inat_395031417_724278250,echinocactus,echinocactus,0.9134,0.9134,1,ok,0
inat_395487299_725175752,echinocactus,echinocactus,0.8816,0.8816,1,pending,0
inat_395734244_725645985,echinocactus,echinocactus,0.883,0.883,1,pending,0
inat_395959368_726084475,echinocactus,echinocactus,0.8732,0.8732,1,pending,0
inat_396960316_728009900,echinocactus,echinocactus,0.9059,0.9059,1,pending,0
inat_396997378_728087503,echinocactus,echinocactus,0.8094,0.8094,1,pending,0
inat_397239488_728557264,echinocactus,echinocactus,0.9205,0.9205,1,pending,0
inat_397787840_729624932,echinocactus,echinocactus,0.5577,0.5577,1,pending,0
inat_398093450_730232802,echinocactus,echinocactus,0.9361,0.9361,1,pending,0
inat_398245436_730525685,echinocactus,echinocactus,0.8563,0.8563,1,pending,0
inat_398376019_730790511,echinocactus,echinocactus,0.7793,0.7793,1,pending,0
inat_399304233_732581508,echinocactus,echinocactus,0.9334,0.9334,1,pending,0
inat_399481503_732935870,echinocactus,echinocactus,0.6877,0.6877,1,pending,0
inat_399675573_733284226,echinocactus,echinocactus,0.9287,0.9287,1,pending,0
inat_400044998_734029663,echinocactus,echinocactus,0.8173,0.8173,1,ok,0
inat_400072705_734087798,echinocactus,echinocactus,0.3692,0.3692,1,pending,1
inat_400546794_735053211,echinocactus,echinocactus,0.8784,0.8784,1,not_potted,0
inat_400809593_735575353,echinocactus,echinocactus,0.8202,0.8202,1,pending,0
inat_241288798_430012131,echinopsis,echinopsis,0.8223,0.8223,1,pending,0
inat_242878753_433026991,echinopsis,gymnocalycium,0.0059,0.9534,1,pending,1
inat_243011908_433280505,echinopsis,echinopsis,0.9245,0.9245,1,pending,0
inat_243749030_434687934,echinopsis,echinopsis,0.8467,0.8467,1,pending,0
inat_244271448_435716016,echinopsis,echinopsis,0.942,0.942,1,pending,0
inat_245598571_438289903,echinopsis,echinopsis,0.9128,0.9128,1,pending,0
inat_246783399_440639471,echinopsis,echinopsis,0.793,0.793,1,pending,0
inat_252962604_452874415,echinopsis,echinopsis,0.9493,0.9493,1,pending,0
inat_255019827_456921914,echinopsis,opuntia,0.3229,0.3879,1,pending,1
inat_261408700_469626580,echinopsis,echinopsis,0.8652,0.8652,1,pending,0
inat_265208658_476334023,echinopsis,echinopsis,0.45,0.45,1,pending,1
inat_268489891_482619558,echinopsis,astrophytum,0.1373,0.5568,1,pending,1
inat_269742702_485038853,echinopsis,echinopsis,0.612,0.612,1,pending,0
inat_275439709_494952380,echinopsis,echinopsis,0.7619,0.7619,1,pending,0
inat_275473317_494994557,echinopsis,echinopsis,0.8385,0.8385,1,pending,0
inat_275577745_495148854,echinopsis,echinopsis,0.5053,0.5053,1,pending,0
inat_275729803_495364976,echinopsis,echinopsis,0.8438,0.8438,1,ok,0
inat_276340988_496285779,echinopsis,echinopsis,0.7048,0.7048,1,pending,0
inat_279458931_501833557,echinopsis,echinopsis,0.9601,0.9601,1,pending,0
inat_279681424_502252642,echinopsis,echinopsis,0.9061,0.9061,1,pending,0
inat_280408824_503547987,echinopsis,echinopsis,0.9098,0.9098,1,pending,0
inat_280486372_503771297,echinopsis,echinopsis,0.9294,0.9294,1,pending,0
inat_281096905_504920852,echinopsis,echinopsis,0.4336,0.4336,1,pending,1
inat_282374896_507320177,echinopsis,echinopsis,0.7374,0.7374,1,pending,0
inat_282581775_507704682,echinopsis,echinopsis,0.7999,0.7999,1,ok,0
inat_282904990_508305067,echinopsis,echinopsis,0.9401,0.9401,1,ok,0
inat_286127637_514348083,echinopsis,echinopsis,0.5287,0.5287,1,pending,0
inat_287250943_516485997,echinopsis,gymnocalycium,0.3974,0.5102,1,pending,1
inat_288439196_518721628,echinopsis,mammillaria,0.0526,0.5249,1,pending,1
inat_289233048_520206192,echinopsis,echinopsis,0.8998,0.8998,1,pending,0
inat_290835013_523229302,echinopsis,echinopsis,0.8893,0.8893,1,pending,0
inat_292310331_525992902,echinopsis,echinopsis,0.4066,0.4066,1,pending,1
inat_294411836_529923353,echinopsis,echinopsis,0.9436,0.9436,1,pending,0
inat_294481326_530054112,echinopsis,echinopsis,0.4852,0.4852,1,pending,1
inat_294496745_530084360,echinopsis,echinopsis,0.9417,0.9417,1,pending,0
inat_294764852_530591330,echinopsis,echinopsis,0.667,0.667,1,pending,0
inat_297168830_535163530,echinopsis,echinopsis,0.8289,0.8289,1,pending,0
inat_298698071_538066018,echinopsis,echinopsis,0.9756,0.9756,1,pending,0
inat_306437090_552623665,echinopsis,echinopsis,0.7646,0.7646,1,pending,0
inat_309985583_559411171,echinopsis,gymnocalycium,0.2736,0.479,1,pending,1
inat_311573451_562461845,echinopsis,echinopsis,0.9691,0.9691,1,pending,0
inat_315040713_569075428,echinopsis,echinopsis,0.7114,0.7114,1,pending,0
inat_316144359_571163469,echinopsis,echinopsis,0.8297,0.8297,1,pending,0
inat_318158987_574989731,echinopsis,echinopsis,0.844,0.844,1,pending,0
inat_318562296_575760695,echinopsis,echinopsis,0.8945,0.8945,1,pending,0
inat_319262961_577097654,echinopsis,echinopsis,0.5861,0.5861,1,pending,0
inat_323954277_586257421,echinopsis,echinopsis,0.7121,0.7121,1,pending,0
inat_326612124_591566447,echinopsis,echinopsis,0.5424,0.5424,1,pending,0
inat_326640988_591621435,echinopsis,echinopsis,0.9634,0.9634,1,pending,0
inat_327479606_593297429,echinopsis,gymnocalycium,0.3367,0.5155,1,pending,1
inat_329022098_596331176,echinopsis,echinopsis,0.5734,0.5734,1,ok,0
inat_329169871_596625632,echinopsis,mammillaria,0.1356,0.5589,1,pending,1
inat_329293935_596873704,echinopsis,echinopsis,0.8587,0.8587,1,pending,0
inat_329293948_596873729,echinopsis,echinopsis,0.9066,0.9066,1,pending,0
inat_329460523_597211991,echinopsis,echinopsis,0.9125,0.9125,1,pending,0
inat_329592163_597479987,echinopsis,echinopsis,0.7913,0.7913,1,pending,0
inat_329932175_598166099,echinopsis,echinopsis,0.8333,0.8333,1,pending,0
inat_330896578_600141334,echinopsis,echinopsis,0.8499,0.8499,1,pending,0
inat_332522248_603489480,echinopsis,echinopsis,0.951,0.951,1,pending,0
inat_332679653_603807741,echinopsis,echinopsis,0.8757,0.8757,1,pending,0
inat_334086399_606623997,echinopsis,echinopsis,0.8834,0.8834,1,pending,0
inat_338245641_615074194,echinopsis,echinopsis,0.7874,0.7874,1,pending,0
inat_343067444_624851479,echinopsis,echinopsis,0.6798,0.6798,1,pending,0
inat_351354821_641167479,echinopsis,echinopsis,0.9341,0.9341,1,pending,0
inat_357575640_652200358,echinopsis,echinopsis,0.7937,0.7937,1,pending,0
inat_360462024_657747792,echinopsis,echinopsis,0.4646,0.4646,1,ok,1
inat_361610686_659959190,echinopsis,echinopsis,0.9539,0.9539,1,ok,0
inat_368046514_672185087,echinopsis,echinocactus,0.0637,0.8193,1,not_potted,1
inat_369693578_675317160,echinopsis,echinopsis,0.9616,0.9616,1,pending,0
inat_372655928_680981031,echinopsis,echinopsis,0.6137,0.6137,1,pending,0
inat_377708228_690734424,echinopsis,echinopsis,0.8973,0.8973,1,not_potted,0
inat_379079990_693379338,echinopsis,echinopsis,0.5947,0.5947,1,pending,0
inat_389476171_713417666,echinopsis,echinopsis,0.8936,0.8936,1,ok,0
inat_392469022_719254242,echinopsis,echinopsis,0.2894,0.2894,1,pending,1
inat_392469527_719255117,echinopsis,echinopsis,0.6206,0.6206,1,pending,0
inat_395932312_726027391,echinopsis,echinopsis,0.9268,0.9268,1,pending,0
inat_396612089_727334039,echinopsis,echinopsis,0.9195,0.9195,1,pending,0
inat_398350868_730741494,echinopsis,opuntia,0.2768,0.4123,1,blurry,1
inat_398938812_731885058,echinopsis,echinopsis,0.9346,0.9346,1,pending,0
inat_399414917_732803889,echinopsis,gymnocalycium,0.1549,0.7653,1,not_plant,1
inat_213970521_378160330,gymnocalycium,gymnocalycium,0.764,0.764,1,pending,0
inat_214385910_378936623,gymnocalycium,gymnocalycium,0.6589,0.6589,1,pending,0
inat_215601552_381201529,gymnocalycium,gymnocalycium,0.902,0.902,1,pending,0
inat_215758461_381488750,gymnocalycium,gymnocalycium,0.4839,0.4839,1,pending,1
inat_216273620_382478512,gymnocalycium,astrophytum,0.1917,0.5951,1,pending,1
inat_216393376_382697491,gymnocalycium,gymnocalycium,0.9177,0.9177,1,pending,0
inat_217840544_385426314,gymnocalycium,gymnocalycium,0.9158,0.9158,1,pending,0
inat_220572229_390534107,gymnocalycium,gymnocalycium,0.9072,0.9072,1,pending,0
inat_220738060_390840395,gymnocalycium,gymnocalycium,0.7749,0.7749,1,pending,0
inat_224873749_398616320,gymnocalycium,gymnocalycium,0.9248,0.9248,1,pending,0
inat_225370765_399562596,gymnocalycium,gymnocalycium,0.7092,0.7092,1,pending,0
inat_227662992_403904238,gymnocalycium,gymnocalycium,0.8752,0.8752,1,pending,0
inat_228787423_406041288,gymnocalycium,echinopsis,0.0837,0.6651,1,pending,1
inat_232499663_413066260,gymnocalycium,echinopsis,0.1858,0.5032,1,pending,1
inat_236232062_422910377,gymnocalycium,gymnocalycium,0.956,0.956,1,pending,0
inat_240505600_428492403,gymnocalycium,gymnocalycium,0.8942,0.8942,1,pending,0
inat_240626664_428696572,gymnocalycium,gymnocalycium,0.4073,0.4073,1,pending,1
inat_244044078_435261633,gymnocalycium,gymnocalycium,0.547,0.547,1,pending,0
inat_244526193_436184661,gymnocalycium,gymnocalycium,0.6639,0.6639,1,pending,0
inat_251977103_450973716,gymnocalycium,gymnocalycium,0.8013,0.8013,1,pending,0
inat_252656874_452319834,gymnocalycium,gymnocalycium,0.9276,0.9276,1,pending,0
inat_252657887_452321867,gymnocalycium,gymnocalycium,0.8783,0.8783,1,pending,0
inat_252784109_452550691,gymnocalycium,gymnocalycium,0.4968,0.4968,1,pending,1
inat_253747195_454404607,gymnocalycium,gymnocalycium,0.8991,0.8991,1,pending,0
inat_259789185_466422178,gymnocalycium,gymnocalycium,0.8844,0.8844,1,pending,0
inat_263774452_473922724,gymnocalycium,gymnocalycium,0.8986,0.8986,1,pending,0
inat_266106657_478086778,gymnocalycium,gymnocalycium,0.887,0.887,1,pending,0
inat_268107236_481883863,gymnocalycium,gymnocalycium,0.4019,0.4019,1,pending,1
inat_270635821_486740405,gymnocalycium,gymnocalycium,0.9344,0.9344,1,pending,0
inat_270679625_486819586,gymnocalycium,gymnocalycium,0.9281,0.9281,1,ok,0
inat_272352994_489981903,gymnocalycium,gymnocalycium,0.8764,0.8764,1,pending,0
inat_275141821_494472766,gymnocalycium,gymnocalycium,0.8643,0.8643,1,pending,0
inat_275656783_495260540,gymnocalycium,gymnocalycium,0.6605,0.6605,1,pending,0
inat_276832072_497102663,gymnocalycium,gymnocalycium,0.8559,0.8559,1,pending,0
inat_277165547_497690366,gymnocalycium,gymnocalycium,0.833,0.833,1,pending,0
inat_279098417_501165739,gymnocalycium,gymnocalycium,0.7164,0.7164,1,pending,0
inat_281148811_505019328,gymnocalycium,gymnocalycium,0.925,0.925,1,pending,0
inat_282835648_508181233,gymnocalycium,gymnocalycium,0.988,0.988,1,ok,0
inat_282836118_508175441,gymnocalycium,gymnocalycium,0.8841,0.8841,1,pending,0
inat_284226750_543216808,gymnocalycium,gymnocalycium,0.9347,0.9347,1,pending,0
inat_292335358_526067374,gymnocalycium,gymnocalycium,0.8563,0.8563,1,pending,0
inat_300614330_541662176,gymnocalycium,gymnocalycium,0.5088,0.5088,1,pending,0
inat_311360429_562056498,gymnocalycium,gymnocalycium,0.8898,0.8898,1,pending,0
inat_323507192_434365897,gymnocalycium,mammillaria,0.2869,0.4549,1,pending,1
inat_327997743_594273315,gymnocalycium,gymnocalycium,0.6394,0.6394,1,ok,0
inat_329064517_596415358,gymnocalycium,gymnocalycium,0.8767,0.8767,1,pending,0
inat_329091606_596469798,gymnocalycium,gymnocalycium,0.5534,0.5534,1,pending,0
inat_330863288_600072132,gymnocalycium,gymnocalycium,0.8313,0.8313,1,pending,0
inat_338259271_615102372,gymnocalycium,gymnocalycium,0.9494,0.9494,1,pending,0
inat_339276396_617152495,gymnocalycium,gymnocalycium,0.6045,0.6045,1,pending,0
inat_340092977_619391711,gymnocalycium,gymnocalycium,0.8771,0.8771,1,pending,0
inat_340130123_618903619,gymnocalycium,gymnocalycium,0.9311,0.9311,1,pending,0
inat_340491315_619618251,gymnocalycium,gymnocalycium,0.818,0.818,1,pending,0
inat_344494798_627695005,gymnocalycium,gymnocalycium,0.8702,0.8702,1,pending,0
inat_346863692_632344596,gymnocalycium,gymnocalycium,0.8732,0.8732,1,pending,0
inat_349640918_637843646,gymnocalycium,gymnocalycium,0.9237,0.9237,1,pending,0
inat_351110799_640689390,gymnocalycium,gymnocalycium,0.8873,0.8873,1,pending,0
inat_351980712_642391959,gymnocalycium,gymnocalycium,0.7811,0.7811,1,pending,0
inat_352377165_643169354,gymnocalycium,gymnocalycium,0.9282,0.9282,1,pending,0
inat_352395842_643185153,gymnocalycium,gymnocalycium,0.9692,0.9692,1,pending,0
inat_353169861_644446716,gymnocalycium,gymnocalycium,0.6172,0.6172,1,pending,0
inat_356121195_649424306,gymnocalycium,gymnocalycium,0.723,0.723,1,pending,0
inat_357012523_651101830,gymnocalycium,gymnocalycium,0.5561,0.5561,1,pending,0
inat_357436272_651938265,gymnocalycium,gymnocalycium,0.9209,0.9209,1,pending,0
inat_358477999_653956696,gymnocalycium,gymnocalycium,0.9563,0.9563,1,pending,0
inat_359191258_655327139,gymnocalycium,gymnocalycium,0.652,0.652,1,pending,0
inat_362501937_661701330,gymnocalycium,gymnocalycium,0.8379,0.8379,1,pending,0
inat_365000164_666368545,gymnocalycium,gymnocalycium,0.3425,0.3425,1,pending,1
inat_370416116_676682363,gymnocalycium,gymnocalycium,0.8765,0.8765,1,pending,0
inat_370806464_677446020,gymnocalycium,gymnocalycium,0.7612,0.7612,1,ok,0
inat_378325467_691923844,gymnocalycium,gymnocalycium,0.8741,0.8741,1,pending,0
inat_380490149_696105334,gymnocalycium,gymnocalycium,0.913,0.913,1,pending,0
inat_384548807_703940502,gymnocalycium,gymnocalycium,0.9335,0.9335,1,pending,0
inat_388279646_711100385,gymnocalycium,gymnocalycium,0.9142,0.9142,1,pending,0
inat_388576361_711683925,gymnocalycium,gymnocalycium,0.8905,0.8905,1,pending,0
inat_388576368_711684576,gymnocalycium,gymnocalycium,0.8564,0.8564,1,pending,0
inat_392225312_718773662,gymnocalycium,gymnocalycium,0.7955,0.7955,1,pending,0
inat_393153711_720593725,gymnocalycium,opuntia,0.0701,0.3772,1,pending,1
inat_393374712_721026834,gymnocalycium,gymnocalycium,0.7873,0.7873,1,pending,0
inat_399179731_732345694,gymnocalycium,gymnocalycium,0.6006,0.6006,1,pending,0
inat_331724948_601844298,mammillaria,mammillaria,0.692,0.692,1,pending,0
inat_331946370_602299825,mammillaria,mammillaria,0.5892,0.5892,1,pending,0
inat_332042170_602496594,mammillaria,mammillaria,0.9038,0.9038,1,pending,0
inat_332936064_604335526,mammillaria,mammillaria,0.9488,0.9488,1,pending,0
inat_333714817_605864723,mammillaria,mammillaria,0.7572,0.7572,1,pending,0
inat_334747884_607963236,mammillaria,mammillaria,0.5,0.5,1,ok,1
inat_334913103_608306610,mammillaria,mammillaria,0.5956,0.5956,1,pending,0
inat_335065525_608624464,mammillaria,mammillaria,0.8656,0.8656,1,pending,0
inat_335095807_608683580,mammillaria,mammillaria,0.9292,0.9292,1,pending,0
inat_335228769_608949653,mammillaria,mammillaria,0.2476,0.2476,1,pending,1
inat_335783923_610069442,mammillaria,mammillaria,0.8772,0.8772,1,pending,0
inat_336576805_611661324,mammillaria,mammillaria,0.7941,0.7941,1,pending,0
inat_336822042_612160579,mammillaria,mammillaria,0.9606,0.9606,1,pending,0
inat_338515716_615637319,mammillaria,mammillaria,0.8873,0.8873,1,pending,0
inat_339893603_618412270,mammillaria,mammillaria,0.809,0.809,1,pending,0
inat_339971074_618570839,mammillaria,echinocactus,0.3369,0.3938,1,ok,1
inat_340326216_619299191,mammillaria,mammillaria,0.9005,0.9005,1,pending,0
inat_340334567_619317448,mammillaria,mammillaria,0.8605,0.8605,1,pending,0
inat_340700649_620053365,mammillaria,mammillaria,0.8175,0.8175,1,pending,0
inat_342285347_623285545,mammillaria,mammillaria,0.9686,0.9686,1,pending,0
inat_343832321_626400107,mammillaria,parodia,0.1379,0.2245,1,pending,1
inat_344421767_627556682,mammillaria,mammillaria,0.9468,0.9468,1,ok,0
inat_344946003_628552130,mammillaria,mammillaria,0.6517,0.6517,1,pending,0
inat_346119551_630874247,mammillaria,mammillaria,0.9055,0.9055,1,pending,0
inat_346119653_630874471,mammillaria,mammillaria,0.9576,0.9576,1,pending,0
inat_346130529_630895127,mammillaria,opuntia,0.1264,0.3906,1,pending,1
inat_346991985_636603835,mammillaria,mammillaria,0.7531,0.7531,1,pending,0
inat_351076978_640627645,mammillaria,mammillaria,0.916,0.916,1,pending,0
inat_351299373_641053455,mammillaria,mammillaria,0.9263,0.9263,1,ok,0
inat_352010490_642447150,mammillaria,mammillaria,0.8055,0.8055,1,pending,0
inat_352247332_642909762,mammillaria,mammillaria,0.8762,0.8762,1,pending,0
inat_352281430_642969988,mammillaria,mammillaria,0.8945,0.8945,1,pending,0
inat_352647476_643582772,mammillaria,mammillaria,0.8557,0.8557,1,pending,0
inat_353175208_644457072,mammillaria,mammillaria,0.9655,0.9655,1,pending,0
inat_354766095_647138415,mammillaria,mammillaria,0.7461,0.7461,1,pending,0
inat_355525983_648369970,mammillaria,mammillaria,0.9063,0.9063,1,pending,0
inat_355592918_648487164,mammillaria,mammillaria,0.7176,0.7176,1,pending,0
inat_355838174_648917397,mammillaria,mammillaria,0.8539,0.8539,1,pending,0
inat_356277780_649712987,mammillaria,mammillaria,0.7686,0.7686,1,pending,0
inat_356566011_650248380,mammillaria,mammillaria,0.9469,0.9469,1,pending,0
inat_356735173_650577410,mammillaria,mammillaria,0.761,0.761,1,ok,0
inat_357092906_651262493,mammillaria,mammillaria,0.4723,0.4723,1,pending,1
inat_357153322_651375831,mammillaria,mammillaria,0.9377,0.9377,1,pending,0
inat_357526122_652105173,mammillaria,mammillaria,0.8889,0.8889,1,pending,0
inat_357589501_652225831,mammillaria,mammillaria,0.8397,0.8397,1,pending,0
inat_358038411_653092467,mammillaria,mammillaria,0.9206,0.9206,1,pending,0
inat_360727868_658253283,mammillaria,mammillaria,0.7661,0.7661,1,pending,0
inat_360728356_658254374,mammillaria,mammillaria,0.7437,0.7437,1,pending,0
inat_360939956_658666965,mammillaria,mammillaria,0.5221,0.5221,1,pending,0
inat_361053315_658892242,mammillaria,mammillaria,0.6136,0.6136,1,pending,0
inat_361486836_659714181,mammillaria,mammillaria,0.8475,0.8475,1,pending,0
inat_361498238_659735909,mammillaria,mammillaria,0.9734,0.9734,1,pending,0
inat_361502093_659743409,mammillaria,mammillaria,0.8848,0.8848,1,pending,0
inat_361899758_660502294,mammillaria,mammillaria,0.8925,0.8925,1,pending,0
inat_361963262_660618865,mammillaria,mammillaria,0.7726,0.7726,1,pending,0
inat_362157195_660978657,mammillaria,mammillaria,0.6444,0.6444,1,pending,0
inat_362210676_661082923,mammillaria,mammillaria,0.5099,0.5099,1,ok,0
inat_362924601_662441174,mammillaria,mammillaria,0.7083,0.7083,1,pending,0
inat_363088044_662750771,mammillaria,mammillaria,0.9274,0.9274,1,pending,0
inat_363249067_663063747,mammillaria,mammillaria,0.923,0.923,1,pending,0
inat_365113548_666580886,mammillaria,mammillaria,0.9233,0.9233,1,pending,0
inat_368264330_672606451,mammillaria,mammillaria,0.4716,0.4716,1,pending,1
inat_370107585_676103082,mammillaria,mammillaria,0.6234,0.6234,1,pending,0
inat_370107589_676103123,mammillaria,mammillaria,0.5414,0.5414,1,pending,0
inat_370366433_676601024,mammillaria,mammillaria,0.9312,0.9312,1,pending,0
inat_373507394_682611535,mammillaria,parodia,0.0864,0.6702,1,pending,1
inat_373560322_682710808,mammillaria,mammillaria,0.4858,0.4858,1,pending,1
inat_373963633_683368180,mammillaria,mammillaria,0.8228,0.8228,1,pending,0
inat_374383364_684293681,mammillaria,mammillaria,0.8623,0.8623,1,pending,0
inat_374602499_684722146,mammillaria,mammillaria,0.8058,0.8058,1,pending,0
inat_379060198_693341410,mammillaria,mammillaria,0.8288,0.8288,1,pending,0
inat_379712398_694599678,mammillaria,mammillaria,0.8929,0.8929,1,pending,0
inat_382376396_699752760,mammillaria,mammillaria,0.889,0.889,1,pending,0
inat_382946462_700848668,mammillaria,opuntia,0.2939,0.571,1,pending,1
inat_383118777_701175903,mammillaria,mammillaria,0.9109,0.9109,1,pending,0
inat_387281372_709159435,mammillaria,mammillaria,0.8647,0.8647,1,pending,0
inat_392535672_719382924,mammillaria,mammillaria,0.4582,0.4582,1,pending,1
inat_393041473_720371463,mammillaria,mammillaria,0.9771,0.9771,1,pending,0
inat_394641366_723511504,mammillaria,mammillaria,0.474,0.474,1,pending,1
inat_396947126_727984969,mammillaria,mammillaria,0.9205,0.9205,1,ok,0
inat_276868918_497154395,opuntia,opuntia,0.9072,0.9072,1,pending,0
inat_276868922_497154402,opuntia,opuntia,0.943,0.943,1,pending,0
inat_277867918_498932368,opuntia,opuntia,0.884,0.884,1,pending,0
inat_277905364_499002026,opuntia,opuntia,0.9344,0.9344,1,pending,0
inat_278299059_499707707,opuntia,opuntia,0.94,0.94,1,pending,0
inat_278301315_499713679,opuntia,opuntia,0.8548,0.8548,1,pending,0
inat_278323265_499752118,opuntia,opuntia,0.9278,0.9278,1,pending,0
inat_278531912_500125458,opuntia,opuntia,0.8085,0.8085,1,pending,0
inat_280646563_504068527,opuntia,opuntia,0.9027,0.9027,1,pending,0
inat_280791297_504345974,opuntia,opuntia,0.927,0.927,1,pending,0
inat_281424386_505539357,opuntia,opuntia,0.8076,0.8076,1,pending,0
inat_283671442_509726808,opuntia,opuntia,0.9636,0.9636,1,not_potted,0
inat_284442150_511190391,opuntia,opuntia,0.9333,0.9333,1,pending,0
inat_285206883_512630824,opuntia,opuntia,0.9317,0.9317,1,pending,0
inat_293181808_527668094,opuntia,opuntia,0.9024,0.9024,1,pending,0
inat_293378796_528042210,opuntia,opuntia,0.9188,0.9188,1,ok,0
inat_294991258_531003019,opuntia,opuntia,0.6184,0.6184,1,not_potted,0
inat_295520659_532013864,opuntia,opuntia,0.8985,0.8985,1,pending,0
inat_296940604_534732231,opuntia,opuntia,0.9214,0.9214,1,pending,0
inat_298265138_537233424,opuntia,opuntia,0.9256,0.9256,1,pending,0
inat_300701137_541816685,opuntia,opuntia,0.9206,0.9206,1,pending,0
inat_302898354_545905058,opuntia,opuntia,0.8659,0.8659,1,pending,0
inat_312261481_563761973,opuntia,gymnocalycium,0.2083,0.3529,1,pending,1
inat_312737175_564682539,opuntia,opuntia,0.8798,0.8798,1,pending,0
inat_314504114_568045795,opuntia,opuntia,0.9252,0.9252,1,pending,0
inat_314763331_568542723,opuntia,opuntia,0.8171,0.8171,1,pending,0
inat_316805887_572407903,opuntia,opuntia,0.9314,0.9314,1,pending,0
inat_317885579_574459694,opuntia,opuntia,0.95,0.95,1,pending,0
inat_318390948_575430131,opuntia,opuntia,0.8559,0.8559,1,pending,0
inat_319258855_577089567,opuntia,opuntia,0.8828,0.8828,1,pending,0
inat_319876350_578272947,opuntia,opuntia,0.8858,0.8858,1,pending,0
inat_324243194_586831865,opuntia,opuntia,0.9484,0.9484,1,pending,0
inat_326359530_591058722,opuntia,opuntia,0.9094,0.9094,1,pending,0
inat_327419377_593175504,opuntia,opuntia,0.9219,0.9219,1,pending,0
inat_327513428_593362891,opuntia,opuntia,0.9183,0.9183,1,pending,0
inat_327573226_593459414,opuntia,opuntia,0.693,0.693,1,pending,0
inat_328026879_594327628,opuntia,opuntia,0.9346,0.9346,1,pending,0
inat_330898665_600145191,opuntia,opuntia,0.921,0.921,1,pending,0
inat_333429087_605337214,opuntia,opuntia,0.8879,0.8879,1,pending,0
inat_339525167_617665363,opuntia,opuntia,0.935,0.935,1,pending,0
inat_339787743_618193573,opuntia,opuntia,0.9196,0.9196,1,pending,0
inat_341272628_621228109,opuntia,opuntia,0.8576,0.8576,1,pending,0
inat_343060842_624838351,opuntia,opuntia,0.9301,0.9301,1,pending,0
inat_344684560_628067218,opuntia,opuntia,0.9363,0.9363,1,pending,0
inat_346673340_631968345,opuntia,opuntia,0.6586,0.6586,1,pending,0
inat_347259930_633138362,opuntia,opuntia,0.9282,0.9282,1,pending,0
inat_349345747_637258506,opuntia,opuntia,0.9381,0.9381,1,pending,0
inat_349499473_637569452,opuntia,opuntia,0.939,0.939,1,pending,0
inat_350495081_639515044,opuntia,opuntia,0.8971,0.8971,1,pending,0
inat_350551562_639622362,opuntia,opuntia,0.9039,0.9039,1,pending,0
inat_351714891_641878231,opuntia,opuntia,0.9199,0.9199,1,pending,0
inat_352057258_642537495,opuntia,opuntia,0.894,0.894,1,pending,0
inat_354722256_647059760,opuntia,opuntia,0.8974,0.8974,1,pending,0
inat_355041519_647626090,opuntia,opuntia,0.8105,0.8105,1,pending,0
inat_355759127_648776267,opuntia,opuntia,0.8301,0.8301,1,pending,0
inat_355885579_649000416,opuntia,opuntia,0.8815,0.8815,1,pending,0
inat_356807271_650711527,opuntia,opuntia,0.9579,0.9579,1,pending,0
inat_357575703_652200472,opuntia,opuntia,0.9494,0.9494,1,pending,0
inat_357750963_652541621,opuntia,opuntia,0.9103,0.9103,1,pending,0
inat_361139362_659058710,opuntia,opuntia,0.901,0.901,1,pending,0
inat_361467971_659679240,opuntia,opuntia,0.9064,0.9064,1,pending,0
inat_366009569_668294652,opuntia,opuntia,0.9377,0.9377,1,pending,0
inat_367112142_670422294,opuntia,opuntia,0.9604,0.9604,1,pending,0
inat_367604345_671341431,opuntia,opuntia,0.942,0.942,1,pending,0
inat_374934381_685360095,opuntia,opuntia,0.9445,0.9445,1,pending,0
inat_377714217_690746168,opuntia,opuntia,0.9607,0.9607,1,pending,0
inat_378809464_692849840,opuntia,opuntia,0.9303,0.9303,1,pending,0
inat_378895594_693015090,opuntia,opuntia,0.8823,0.8823,1,not_potted,0
inat_379959969_695081295,opuntia,opuntia,0.9135,0.9135,1,pending,0
inat_380150959_695452138,opuntia,opuntia,0.9202,0.9202,1,pending,0
inat_380352170_695847265,opuntia,opuntia,0.9198,0.9198,1,pending,0
inat_388315831_711177559,opuntia,opuntia,0.9088,0.9088,1,not_potted,0
inat_390011507_714466674,opuntia,opuntia,0.82,0.82,1,pending,0
inat_390734912_715881015,opuntia,opuntia,0.9131,0.9131,1,pending,0
inat_392732116_719765578,opuntia,opuntia,0.944,0.944,1,not_potted,0
inat_393714449_721690148,opuntia,opuntia,0.9464,0.9464,1,pending,0
inat_395682986_725542562,opuntia,opuntia,0.9054,0.9054,1,pending,0
inat_397660519_729387012,opuntia,opuntia,0.9289,0.9289,1,pending,0
inat_398838097_731684609,opuntia,opuntia,0.8185,0.8185,1,pending,0
inat_400559463_735079805,opuntia,opuntia,0.9142,0.9142,1,pending,0
inat_224269781_397465043,parodia,parodia,0.8585,0.8585,1,pending,0
inat_226161132_401064988,parodia,parodia,0.9125,0.9125,1,pending,0
inat_226944177_402542406,parodia,echinocactus,0.1654,0.4491,1,pending,1
inat_228287320_405084379,parodia,parodia,0.7179,0.7179,1,pending,0
inat_243736558_434662135,parodia,parodia,0.9107,0.9107,1,pending,0
inat_248301188_443629545,parodia,echinopsis,0.218,0.6236,1,pending,1
inat_264876207_475680028,parodia,parodia,0.9063,0.9063,1,pending,0
inat_265337174_476585555,parodia,parodia,0.9128,0.9128,1,pending,0
inat_265612158_477122506,parodia,parodia,0.9448,0.9448,1,pending,0
inat_265959035_477806811,parodia,gymnocalycium,0.011,0.8907,1,pending,1
inat_269283124_484154793,parodia,parodia,0.9308,0.9308,1,pending,0
inat_269878978_485293861,parodia,parodia,0.897,0.897,1,pending,0
inat_273028197_491154728,parodia,parodia,0.7633,0.7633,1,pending,0
inat_275192252_494553221,parodia,parodia,0.6864,0.6864,1,pending,0
inat_275424733_494930521,parodia,parodia,0.9196,0.9196,1,ok,0
inat_275660717_495266094,parodia,astrophytum,0.2577,0.3634,1,pending,1
inat_276322791_496254990,parodia,parodia,0.8903,0.8903,1,pending,0
inat_276778995_497010254,parodia,parodia,0.8693,0.8693,1,not_potted,0
inat_280255427_503328884,parodia,parodia,0.7119,0.7119,1,pending,0
inat_280392686_503540654,parodia,parodia,0.9208,0.9208,1,not_potted,0
inat_280392688_503540656,parodia,parodia,0.7346,0.7346,1,pending,0
inat_288751445_519304099,parodia,echinopsis,0.1125,0.5536,1,pending,1
inat_289492939_520695642,parodia,parodia,0.2427,0.2427,1,pending,1
inat_291181012_523880313,parodia,parodia,0.8175,0.8175,1,pending,0
inat_292416205_526216475,parodia,parodia,0.5934,0.5934,1,pending,0
inat_292494897_526367457,parodia,parodia,0.9181,0.9181,1,pending,0
inat_300615930_541665140,parodia,parodia,0.7212,0.7212,1,pending,0
inat_301086852_542538984,parodia,parodia,0.775,0.775,1,pending,0
inat_305585120_550988336,parodia,parodia,0.9058,0.9058,1,pending,0
inat_305814201_551430299,parodia,parodia,0.901,0.901,1,pending,0
inat_308992421_557529093,parodia,parodia,0.8648,0.8648,1,pending,0
inat_309443232_558400467,parodia,parodia,0.9354,0.9354,1,pending,0
inat_315260719_569499938,parodia,parodia,0.9412,0.9412,1,pending,0
inat_317389143_573511394,parodia,parodia,0.8643,0.8643,1,pending,0
inat_317993123_574668284,parodia,parodia,0.3843,0.3843,1,pending,1
inat_318474321_575588993,parodia,parodia,0.9333,0.9333,1,pending,0
inat_318514905_575668711,parodia,parodia,0.8987,0.8987,1,ok,0
inat_318515008_575668877,parodia,parodia,0.4238,0.4238,1,pending,1
inat_318558584_575753612,parodia,parodia,0.9483,0.9483,1,pending,0
inat_322842158_584094223,parodia,parodia,0.5561,0.5561,1,pending,0
inat_328005813_594287050,parodia,parodia,0.809,0.809,1,pending,0
inat_329836090_597962078,parodia,parodia,0.9635,0.9635,1,pending,0
inat_330792264_599928502,parodia,parodia,0.4731,0.4731,1,pending,1
inat_331527372_601445220,parodia,parodia,0.6246,0.6246,1,pending,0
inat_334660552_607786565,parodia,parodia,0.8516,0.8516,1,pending,0
inat_334747880_607963224,parodia,parodia,0.4792,0.4792,1,pending,1
inat_336489860_611470766,parodia,parodia,0.8758,0.8758,1,pending,0
inat_337540944_613629435,parodia,parodia,0.9126,0.9126,1,pending,0
inat_337878782_614321945,parodia,parodia,0.6897,0.6897,1,pending,0
inat_338259104_615101869,parodia,parodia,0.8195,0.8195,1,ok,0
inat_341747383_622201089,parodia,parodia,0.7599,0.7599,1,pending,0
inat_341824054_622356719,parodia,parodia,0.9449,0.9449,1,pending,0
inat_342811393_624334567,parodia,mammillaria,0.0237,0.9355,1,pending,1
inat_344038868_626805859,parodia,parodia,0.7399,0.7399,1,pending,0
inat_344801912_628284508,parodia,parodia,0.8611,0.8611,1,pending,0
inat_346906647_632429541,parodia,parodia,0.9585,0.9585,1,pending,0
inat_347225759_633070877,parodia,parodia,0.7173,0.7173,1,pending,0
inat_348117174_634835074,parodia,parodia,0.8911,0.8911,1,pending,0
inat_351479208_641416486,parodia,mammillaria,0.1641,0.5508,1,pending,1
inat_352953210_644074874,parodia,parodia,0.926,0.926,1,pending,0
inat_357444244_651953110,parodia,parodia,0.9406,0.9406,1,pending,0
inat_361467609_659678568,parodia,parodia,0.9311,0.9311,1,pending,0
inat_361500271_659739954,parodia,parodia,0.8883,0.8883,1,pending,0
inat_361962900_660618131,parodia,parodia,0.5174,0.5174,1,pending,0
inat_363079775_662734462,parodia,parodia,0.8802,0.8802,1,pending,0
inat_364476776_665370423,parodia,parodia,0.8628,0.8628,1,pending,0
inat_365812448_667913042,parodia,parodia,0.9622,0.9622,1,pending,0
inat_366650937_669511678,parodia,parodia,0.9183,0.9183,1,pending,0
inat_369941733_675793108,parodia,parodia,0.9147,0.9147,1,pending,0
inat_370846042_677525859,parodia,parodia,0.9214,0.9214,1,ok,0
inat_372256843_680221847,parodia,parodia,0.9278,0.9278,1,pending,0
inat_381858570_698758099,parodia,parodia,0.9435,0.9435,1,pending,0
inat_381888868_698820962,parodia,parodia,0.9256,0.9256,1,ok,0
inat_386278980_707241490,parodia,parodia,0.9294,0.9294,1,pending,0
inat_386546202_707758718,parodia,parodia,0.9439,0.9439,1,pending,0
inat_388467697_711476621,parodia,parodia,0.8969,0.8969,1,pending,0
inat_389905220_714260457,parodia,parodia,0.9563,0.9563,1,pending,0
inat_391935043_718207595,parodia,parodia,0.8922,0.8922,1,pending,0
inat_394956142_724111107,parodia,parodia,0.8934,0.8934,1,pending,0
inat_398107546_730258546,parodia,parodia,0.87,0.87,1,pending,0
inat_195032333_342999889,astrophytum,astrophytum,0.9245,0.9245,2,ok,0
inat_195082074_343099349,astrophytum,astrophytum,0.9022,0.9022,2,pending,0
inat_197578576_348029343,astrophytum,astrophytum,0.8229,0.8229,2,pending,0
inat_198967204_350791823,astrophytum,astrophytum,0.7057,0.7057,2,pending,0
inat_200676065_354099002,astrophytum,astrophytum,0.9219,0.9219,2,pending,0
inat_201408799_355532949,astrophytum,astrophytum,0.9434,0.9434,2,pending,0
inat_201984585_356644559,astrophytum,astrophytum,0.9456,0.9456,2,pending,0
inat_202213099_357089365,astrophytum,astrophytum,0.7286,0.7286,2,pending,0
inat_206692508_365521964,astrophytum,astrophytum,0.8452,0.8452,2,pending,0
inat_208078284_368123070,astrophytum,astrophytum,0.9316,0.9316,2,pending,0
inat_210013190_371547130,astrophytum,astrophytum,0.9733,0.9733,2,pending,0
inat_210427008_372190097,astrophytum,astrophytum,0.9456,0.9456,2,pending,0
inat_212817037_376088404,astrophytum,mammillaria,0.307,0.3646,2,pending,1
inat_213962481_378145972,astrophytum,astrophytum,0.9191,0.9191,2,pending,0
inat_218806156_387228356,astrophytum,astrophytum,0.9161,0.9161,2,pending,0
inat_218820905_387257196,astrophytum,astrophytum,0.8388,0.8388,2,pending,0
inat_219041959_387668460,astrophytum,astrophytum,0.5751,0.5751,2,pending,0
inat_220832756_391023650,astrophytum,astrophytum,0.717,0.717,2,pending,0
inat_221190114_391692564,astrophytum,astrophytum,0.5274,0.5274,2,pending,0
inat_221210166_391731273,astrophytum,astrophytum,0.9389,0.9389,2,pending,0
inat_222284808_393733375,astrophytum,astrophytum,0.9146,0.9146,2,pending,0
inat_222452645_394052389,astrophytum,astrophytum,0.8828,0.8828,2,pending,0
inat_224019617_396988965,astrophytum,astrophytum,0.9139,0.9139,2,pending,0
inat_226202884_401141785,astrophytum,astrophytum,0.9383,0.9383,2,pending,0
inat_226349857_401423476,astrophytum,astrophytum,0.9401,0.9401,2,ok,0
inat_226798601_402272128,astrophytum,astrophytum,0.9083,0.9083,2,pending,0
inat_229979614_408295471,astrophytum,astrophytum,0.7649,0.7649,2,pending,0
inat_230417050_409130333,astrophytum,parodia,0.0945,0.42,2,not_plant,1
inat_234697854_417279298,astrophytum,astrophytum,0.914,0.914,2,ok,0
inat_238463254_424537376,astrophytum,astrophytum,0.9643,0.9643,2,ok,0
inat_240505609_428495019,astrophytum,astrophytum,0.8943,0.8943,2,pending,0
inat_245725270_438537814,astrophytum,astrophytum,0.9106,0.9106,2,ok,0
inat_256696215_460304531,astrophytum,astrophytum,0.9428,0.9428,2,pending,0
inat_259193602_465221798,astrophytum,astrophytum,0.8911,0.8911,2,pending,0
inat_260654188_468131649,astrophytum,astrophytum,0.8464,0.8464,2,pending,0
inat_261328043_469469150,astrophytum,astrophytum,0.8479,0.8479,2,pending,0
inat_263380958_473149564,astrophytum,astrophytum,0.9386,0.9386,2,pending,0
inat_267383037_480501815,astrophytum,astrophytum,0.9387,0.9387,2,pending,0
inat_268181363_482030000,astrophytum,astrophytum,0.8954,0.8954,2,pending,0
inat_268634720_482894173,astrophytum,astrophytum,0.8359,0.8359,2,pending,0
inat_270321124_486135518,astrophytum,mammillaria,0.1905,0.3425,2,pending,1
inat_274624293_493664049,astrophytum,astrophytum,0.7566,0.7566,2,pending,0
inat_276129795_495757299,astrophytum,astrophytum,0.9499,0.9499,2,pending,0
inat_276374167_496335705,astrophytum,astrophytum,0.9156,0.9156,2,pending,0
inat_276428363_496418566,astrophytum,astrophytum,0.9813,0.9813,2,pending,0
inat_280392701_503540938,astrophytum,astrophytum,0.7644,0.7644,2,pending,0
inat_300308182_541084400,astrophytum,astrophytum,0.7879,0.7879,2,pending,0
inat_301935875_544119752,astrophytum,astrophytum,0.7638,0.7638,2,pending,0
inat_305215981_550293707,astrophytum,astrophytum,0.4697,0.4697,2,pending,1
inat_311025903_561415074,astrophytum,astrophytum,0.9129,0.9129,2,pending,0
inat_311559302_562435603,astrophytum,astrophytum,0.9283,0.9283,2,pending,0
inat_313561939_566265633,astrophytum,astrophytum,0.9598,0.9598,2,pending,0
inat_313562632_566267002,astrophytum,astrophytum,0.9599,0.9599,2,pending,0
inat_315316324_569603333,astrophytum,astrophytum,0.9582,0.9582,2,not_potted,0
inat_316842212_572477952,astrophytum,astrophytum,0.92,0.92,2,pending,0
inat_318549808_575737424,astrophytum,astrophytum,0.9414,0.9414,2,pending,0
inat_321977300_582377714,astrophytum,astrophytum,0.5703,0.5703,2,pending,0
inat_324640376_587627355,astrophytum,astrophytum,0.8988,0.8988,2,pending,0
inat_324725868_587802493,astrophytum,astrophytum,0.3259,0.3259,2,ok,1
inat_326811551_591962679,astrophytum,astrophytum,0.9523,0.9523,2,pending,0
inat_328765256_595816174,astrophytum,astrophytum,0.9429,0.9429,2,pending,0
inat_330237275_598785574,astrophytum,astrophytum,0.8989,0.8989,2,pending,0
inat_332457471_603357994,astrophytum,astrophytum,0.6913,0.6913,2,not_potted,0
inat_332698514_603846170,astrophytum,astrophytum,0.9675,0.9675,2,pending,0
inat_332698884_603846747,astrophytum,astrophytum,0.9598,0.9598,2,pending,0
inat_339276340_617151842,astrophytum,astrophytum,0.8977,0.8977,2,pending,0
inat_339977572_618585477,astrophytum,astrophytum,0.7585,0.7585,2,pending,0
inat_339978324_618586905,astrophytum,astrophytum,0.9251,0.9251,2,pending,0
inat_358365086_653735847,astrophytum,astrophytum,0.948,0.948,2,pending,0
inat_363086777_662748226,astrophytum,astrophytum,0.9676,0.9676,2,ok,0
inat_366442873_669107752,astrophytum,astrophytum,0.8954,0.8954,2,pending,0
inat_369580879_712319196,astrophytum,astrophytum,0.8154,0.8154,2,pending,0
inat_375124653_685729650,astrophytum,astrophytum,0.8595,0.8595,2,pending,0
inat_376952349_689266748,astrophytum,astrophytum,0.9485,0.9485,2,pending,0
inat_380066277_695285235,astrophytum,astrophytum,0.9378,0.9378,2,pending,0
inat_384800875_704425870,astrophytum,astrophytum,0.9202,0.9202,2,pending,0
inat_387067417_708747664,astrophytum,astrophytum,0.8118,0.8118,2,ok,0
inat_388279560_711083601,astrophytum,astrophytum,0.8064,0.8064,2,pending,0
inat_395065377_724342975,astrophytum,astrophytum,0.9113,0.9113,2,pending,0
inat_399432309_732838480,astrophytum,astrophytum,0.8954,0.8954,2,pending,0
inat_369550341_675041312,echinocactus,echinocactus,0.9374,0.9374,2,pending,0
inat_370034651_675968220,echinocactus,echinocactus,0.9186,0.9186,2,pending,0
inat_370615517_677075018,echinocactus,echinocactus,0.9304,0.9304,2,pending,0
inat_371688131_679117249,echinocactus,echinopsis,0.0745,0.544,2,pending,1
inat_372190838_680095957,echinocactus,echinocactus,0.9208,0.9208,2,pending,0
inat_372528843_680744239,echinocactus,echinocactus,0.946,0.946,2,pending,0
inat_372795670_681249905,echinocactus,echinocactus,0.8712,0.8712,2,not_potted,0
inat_372938073_681517037,echinocactus,echinocactus,0.9279,0.9279,2,pending,0
inat_373219344_684137571,echinocactus,echinocactus,0.8768,0.8768,2,pending,0
inat_373405816_682411611,echinocactus,echinocactus,0.8428,0.8428,2,pending,0
inat_373590027_682766400,echinocactus,echinocactus,0.757,0.757,2,pending,0
inat_374718098_684940636,echinocactus,echinocactus,0.9252,0.9252,2,pending,0
inat_374935674_685359812,echinocactus,echinocactus,0.903,0.903,2,pending,0
inat_375312620_686095563,echinocactus,echinocactus,0.9314,0.9314,2,pending,0
inat_376466608_688331279,echinocactus,echinocactus,0.837,0.837,2,pending,0
inat_376604360_688595982,echinocactus,echinocactus,0.9218,0.9218,2,pending,0
inat_376612303_688611891,echinocactus,echinocactus,0.9053,0.9053,2,pending,0
inat_377052481_689466093,echinocactus,echinocactus,0.8523,0.8523,2,not_potted,0
inat_377102067_689560118,echinocactus,echinocactus,0.8987,0.8987,2,pending,0
inat_377116206_689587396,echinocactus,echinocactus,0.8355,0.8355,2,pending,0
inat_377192494_689729414,echinocactus,echinocactus,0.9467,0.9467,2,pending,0
inat_378074200_691437130,echinocactus,echinocactus,0.8131,0.8131,2,pending,0
inat_378512840_692277418,echinocactus,echinocactus,0.675,0.675,2,pending,0
inat_378690395_692625223,echinocactus,echinocactus,0.9159,0.9159,2,pending,0
inat_378721125_692682014,echinocactus,echinocactus,0.7514,0.7514,2,not_potted,0
inat_378987539_693202030,echinocactus,echinocactus,0.7276,0.7276,2,pending,0
inat_379277691_693759920,echinocactus,echinocactus,0.8921,0.8921,2,pending,0
inat_379286329_693779142,echinocactus,echinocactus,0.9128,0.9128,2,pending,0
inat_379609046_694401910,echinocactus,echinocactus,0.8977,0.8977,2,pending,0
inat_379714497_694603625,echinocactus,echinocactus,0.8607,0.8607,2,pending,0
inat_381836462_698715731,echinocactus,echinocactus,0.8685,0.8685,2,pending,0
inat_381930270_698899217,echinocactus,echinocactus,0.9166,0.9166,2,pending,0
inat_382336432_699674685,echinocactus,echinocactus,0.8151,0.8151,2,pending,0
inat_382933111_700823992,echinocactus,echinocactus,0.8797,0.8797,2,pending,0
inat_383859827_702608711,echinocactus,echinocactus,0.7879,0.7879,2,pending,0
inat_384008621_702891420,echinocactus,echinocactus,0.944,0.944,2,pending,0
inat_384744852_704316774,echinocactus,echinocactus,0.7002,0.7002,2,not_potted,0
inat_385660487_706055237,echinocactus,echinocactus,0.9389,0.9389,2,not_potted,0
inat_386428683_707529481,echinocactus,echinocactus,0.8735,0.8735,2,pending,0
inat_386822398_708283228,echinocactus,echinocactus,0.9206,0.9206,2,not_potted,0
inat_387120100_708852691,echinocactus,echinocactus,0.9308,0.9308,2,pending,0
inat_387424763_709441295,echinocactus,echinocactus,0.9303,0.9303,2,pending,0
inat_387611456_709797384,echinocactus,echinocactus,0.915,0.915,2,pending,0
inat_387805353_710175979,echinocactus,echinocactus,0.9221,0.9221,2,pending,0
inat_387882530_710326029,echinocactus,echinocactus,0.8981,0.8981,2,pending,0
inat_387972107_710502203,echinocactus,echinocactus,0.8811,0.8811,2,pending,0
inat_388047204_710651490,echinocactus,echinocactus,0.9497,0.9497,2,pending,0
inat_388101508_710760283,echinocactus,echinocactus,0.902,0.902,2,pending,0
inat_388170391_710896081,echinocactus,echinocactus,0.9384,0.9384,2,pending,0
inat_389093423_712675105,echinocactus,echinocactus,0.8792,0.8792,2,pending,0
inat_389705173_713863814,echinocactus,echinocactus,0.8612,0.8612,2,pending,0
inat_390226067_714887895,echinocactus,echinocactus,0.8953,0.8953,2,pending,0
inat_390966519_716329039,echinocactus,gymnocalycium,0.0708,0.6457,2,pending,1
inat_391503953_717379815,echinocactus,echinocactus,0.8764,0.8764,2,pending,0
inat_391767709_717889691,echinocactus,echinocactus,0.9278,0.9278,2,pending,0
inat_391968880_718273406,echinocactus,echinocactus,0.9084,0.9084,2,pending,0
inat_392460602_719237935,echinocactus,echinocactus,0.8347,0.8347,2,pending,0
inat_392892997_720083492,echinocactus,echinocactus,0.9029,0.9029,2,pending,0
inat_393285565_720848245,echinocactus,echinocactus,0.9165,0.9165,2,pending,0
inat_393818851_721893191,echinocactus,echinocactus,0.9607,0.9607,2,pending,0
inat_394203039_722651589,echinocactus,echinocactus,0.7332,0.7332,2,pending,0
inat_394276975_722795141,echinocactus,echinocactus,0.8391,0.8391,2,pending,0
inat_394549075_724285358,echinocactus,echinocactus,0.9122,0.9122,2,not_potted,0
inat_394653193_723534406,echinocactus,echinocactus,0.9435,0.9435,2,pending,0
inat_394713517_723649280,echinocactus,echinocactus,0.8874,0.8874,2,pending,0
inat_394956147_724111116,echinocactus,echinopsis,0.2093,0.3364,2,pending,1
inat_395243006_724692664,echinocactus,echinocactus,0.9066,0.9066,2,pending,0
inat_395722862_725621891,echinocactus,echinocactus,0.9179,0.9179,2,pending,0
inat_395962363_726091096,echinocactus,echinocactus,0.8838,0.8838,2,not_potted,0
inat_396359854_726884380,echinocactus,echinocactus,0.9416,0.9416,2,pending,0
inat_396966252_728021607,echinocactus,echinocactus,0.8917,0.8917,2,pending,0
inat_396998454_728085844,echinocactus,echinocactus,0.9267,0.9267,2,pending,0
inat_398363017_730766440,echinocactus,echinocactus,0.9072,0.9072,2,pending,0
inat_398436687_731477778,echinocactus,echinocactus,0.9194,0.9194,2,pending,0
inat_398585317_731192655,echinocactus,echinocactus,0.8249,0.8249,2,pending,0
inat_399028427_732049649,echinocactus,echinocactus,0.8968,0.8968,2,pending,0
inat_399076478_732144621,echinocactus,echinocactus,0.9097,0.9097,2,pending,0
inat_399253766_732487157,echinocactus,echinocactus,0.7484,0.7484,2,pending,0
inat_400019034_733977632,echinocactus,echinocactus,0.916,0.916,2,pending,0
inat_400714571_735386527,echinocactus,echinocactus,0.9269,0.9269,2,pending,0
inat_243034656_433324752,echinopsis,echinopsis,0.7105,0.7105,2,pending,0
inat_243045455_433344336,echinopsis,echinopsis,0.876,0.876,2,pending,0
inat_243369006_433953770,echinopsis,echinopsis,0.7613,0.7613,2,pending,0
inat_243399184_434009354,echinopsis,echinopsis,0.6602,0.6602,2,pending,0
inat_247255476_441566911,echinopsis,echinopsis,0.9251,0.9251,2,pending,0
inat_250595155_448212124,echinopsis,echinopsis,0.9401,0.9401,2,pending,0
inat_253104173_453137308,echinopsis,echinopsis,0.9296,0.9296,2,pending,0
inat_253139360_453208293,echinopsis,echinopsis,0.8929,0.8929,2,pending,0
inat_253245496_453409307,echinopsis,echinopsis,0.9366,0.9366,2,pending,0
inat_253521621_453958351,echinopsis,echinopsis,0.5555,0.5555,2,pending,0
inat_263662737_473704162,echinopsis,echinopsis,0.4838,0.4838,2,pending,1
inat_266362186_478575909,echinopsis,echinopsis,0.8411,0.8411,2,pending,0
inat_268112436_481893570,echinopsis,echinopsis,0.9412,0.9412,2,pending,0
inat_270352587_486198365,echinopsis,echinopsis,0.6454,0.6454,2,pending,0
inat_270962445_487360335,echinopsis,echinopsis,0.7546,0.7546,2,pending,0
inat_272103611_489517450,echinopsis,echinopsis,0.843,0.843,2,pending,0
inat_273100492_491261049,echinopsis,echinopsis,0.733,0.733,2,pending,0
inat_273967600_492617335,echinopsis,gymnocalycium,0.1531,0.7476,2,pending,1
inat_274673351_493740044,echinopsis,echinopsis,0.5299,0.5299,2,pending,0
inat_274688891_493763989,echinopsis,echinopsis,0.7855,0.7855,2,pending,0
inat_275255894_494658270,echinopsis,echinopsis,0.8684,0.8684,2,pending,0
inat_275729731_495364812,echinopsis,echinopsis,0.9379,0.9379,2,pending,0
inat_275992092_495746419,echinopsis,echinopsis,0.8016,0.8016,2,pending,0
inat_276253480_496145639,echinopsis,mammillaria,0.427,0.4838,2,pending,1
inat_277288623_497910500,echinopsis,echinopsis,0.9059,0.9059,2,pending,0
inat_278257760_499633543,echinopsis,echinopsis,0.8023,0.8023,2,pending,0
inat_278302337_499714304,echinopsis,echinopsis,0.9124,0.9124,2,pending,0
inat_281018961_504777577,echinopsis,echinopsis,0.8974,0.8974,2,pending,0
inat_281834518_506306488,echinopsis,echinopsis,0.9095,0.9095,2,pending,0
inat_283595764_509599615,echinopsis,echinopsis,0.9246,0.9246,2,not_potted,0
inat_296390168_533682326,echinopsis,echinopsis,0.9385,0.9385,2,pending,0
inat_303132270_546344547,echinopsis,mammillaria,0.1306,0.3037,2,pending,1
inat_304629726_549189810,echinopsis,echinopsis,0.7306,0.7306,2,pending,0
inat_304677809_549281236,echinopsis,echinopsis,0.4778,0.4778,2,pending,1
inat_319271116_577113875,echinopsis,echinopsis,0.8922,0.8922,2,ok,0
inat_319278981_577129106,echinopsis,echinopsis,0.8443,0.8443,2,pending,0
inat_319523787_577599580,echinopsis,echinopsis,0.746,0.746,2,ok,0
inat_320056795_578617946,echinopsis,echinopsis,0.8815,0.8815,2,pending,0
inat_322891229_584197951,echinopsis,echinopsis,0.7898,0.7898,2,pending,0
inat_323954658_586258210,echinopsis,echinopsis,0.2977,0.2977,2,pending,1
inat_323954723_586258306,echinopsis,echinopsis,0.8876,0.8876,2,pending,0
inat_324777762_587909772,echinopsis,echinopsis,0.9005,0.9005,2,pending,0
inat_327140016_592610813,echinopsis,echinopsis,0.9636,0.9636,2,pending,0
inat_327396056_593128898,echinopsis,echinopsis,0.9283,0.9283,2,pending,0
inat_327809113_593929850,echinopsis,echinopsis,0.9537,0.9537,2,pending,0
inat_328145941_594566025,echinopsis,echinopsis,0.8216,0.8216,2,pending,0
inat_330098136_598502955,echinopsis,echinopsis,0.851,0.851,2,pending,0
inat_330556248_599440491,echinopsis,echinopsis,0.7403,0.7403,2,pending,0
inat_330867396_600078703,echinopsis,echinopsis,0.9213,0.9213,2,pending,0
inat_336821244_612159457,echinopsis,astrophytum,0.2486,0.2975,2,pending,1
inat_336821466_612159745,echinopsis,echinopsis,0.7411,0.7411,2,pending,0
inat_337696685_613948548,echinopsis,echinopsis,0.9183,0.9183,2,pending,0
inat_338013409_614599742,echinopsis,echinopsis,0.8919,0.8919,2,pending,0
inat_339442180_617495257,echinopsis,echinopsis,0.9517,0.9517,2,pending,0
inat_339504953_617622507,echinopsis,echinopsis,0.9319,0.9319,2,pending,0
inat_339512311_617638691,echinopsis,echinopsis,0.8576,0.8576,2,pending,0
inat_340428069_619507774,echinopsis,echinopsis,0.5255,0.5255,2,pending,0
inat_342165872_623042793,echinopsis,echinopsis,0.5766,0.5766,2,pending,0
inat_344212398_627141244,echinopsis,echinopsis,0.9172,0.9172,2,pending,0
inat_345460392_629581129,echinopsis,echinopsis,0.8977,0.8977,2,pending,0
inat_345542921_629736893,echinopsis,echinopsis,0.9476,0.9476,2,ok,0
inat_347779455_634171471,echinopsis,echinopsis,0.4987,0.4987,2,pending,1
inat_347808482_634227012,echinopsis,echinopsis,0.8453,0.8453,2,pending,0
inat_351103177_640675522,echinopsis,echinopsis,0.9189,0.9189,2,pending,0
inat_352377627_643149864,echinopsis,echinopsis,0.8935,0.8935,2,pending,0
inat_353486394_644966925,echinopsis,echinopsis,0.9032,0.9032,2,pending,0
inat_357745066_652526560,echinopsis,echinopsis,0.7262,0.7262,2,pending,0
inat_358267782_653549594,echinopsis,echinopsis,0.9629,0.9629,2,pending,0
inat_363211963_662985659,echinopsis,echinopsis,0.9047,0.9047,2,ok,0
inat_365342992_667025621,echinopsis,echinopsis,0.9077,0.9077,2,pending,0
inat_369671622_675276507,echinopsis,echinopsis,0.9778,0.9778,2,pending,0
inat_378408614_692079271,echinopsis,echinopsis,0.8742,0.8742,2,pending,0
inat_379061133_693343701,echinopsis,echinopsis,0.8615,0.8615,2,ok,0
inat_379229703_693665011,echinopsis,echinopsis,0.8898,0.8898,2,pending,0
inat_387061094_708734271,echinopsis,echinopsis,0.9197,0.9197,2,pending,0
inat_387068873_708750191,echinopsis,echinopsis,0.9088,0.9088,2,pending,0
inat_391350704_717082415,echinopsis,echinopsis,0.8991,0.8991,2,pending,0
inat_397186542_728455824,echinopsis,echinopsis,0.9319,0.9319,2,pending,0
inat_397275378_728629919,echinopsis,echinopsis,0.6708,0.6708,2,pending,0
inat_398009850_730071879,echinopsis,echinopsis,0.8689,0.8689,2,pending,0
inat_217357785_384512468,gymnocalycium,gymnocalycium,0.9028,0.9028,2,pending,0
inat_218184793_386062115,gymnocalycium,echinopsis,0.1665,0.2775,2,pending,1
inat_219555173_388617496,gymnocalycium,gymnocalycium,0.9516,0.9516,2,pending,0
inat_220514193_390424052,gymnocalycium,gymnocalycium,0.8856,0.8856,2,pending,0
inat_222340050_393838301,gymnocalycium,gymnocalycium,0.9294,0.9294,2,pending,0
inat_223924352_396815825,gymnocalycium,gymnocalycium,0.9373,0.9373,2,ok,0
inat_227173742_404359860,gymnocalycium,gymnocalycium,0.8504,0.8504,2,pending,0
inat_228900634_406253635,gymnocalycium,gymnocalycium,0.8895,0.8895,2,pending,0
inat_230422156_409141625,gymnocalycium,gymnocalycium,0.9554,0.9554,2,pending,0
inat_230840083_409914784,gymnocalycium,gymnocalycium,0.8757,0.8757,2,ok,0
inat_232817674_414313162,gymnocalycium,gymnocalycium,0.8033,0.8033,2,pending,0
inat_233509031_418936061,gymnocalycium,gymnocalycium,0.9429,0.9429,2,pending,0
inat_240626654_428660643,gymnocalycium,gymnocalycium,0.955,0.955,2,pending,0
inat_240626681_428699384,gymnocalycium,gymnocalycium,0.9354,0.9354,2,pending,0
inat_242586052_432472414,gymnocalycium,gymnocalycium,0.928,0.928,2,pending,0
inat_242866579_433004373,gymnocalycium,mammillaria,0.1107,0.364,2,ok,1
inat_243840246_434859672,gymnocalycium,gymnocalycium,0.8608,0.8608,2,pending,0
inat_249361004_445740551,gymnocalycium,gymnocalycium,0.8827,0.8827,2,pending,0
inat_252891251_452753002,gymnocalycium,gymnocalycium,0.8986,0.8986,2,pending,0
inat_253661365_454236667,gymnocalycium,gymnocalycium,0.605,0.605,2,pending,0
inat_254314092_455497088,gymnocalycium,gymnocalycium,0.9267,0.9267,2,pending,0
inat_255112534_457108371,gymnocalycium,gymnocalycium,0.9301,0.9301,2,pending,0
inat_260565834_476119514,gymnocalycium,gymnocalycium,0.8302,0.8302,2,pending,0
inat_261355550_469522174,gymnocalycium,gymnocalycium,0.8465,0.8465,2,pending,0
inat_263741619_473852623,gymnocalycium,mammillaria,0.1441,0.4069,2,not_potted,1
inat_265189754_476294415,gymnocalycium,gymnocalycium,0.8899,0.8899,2,pending,0
inat_266109210_478091298,gymnocalycium,gymnocalycium,0.9234,0.9234,2,pending,0
inat_268923212_483451667,gymnocalycium,gymnocalycium,0.786,0.786,2,ok,0
inat_270104566_485719213,gymnocalycium,gymnocalycium,0.8391,0.8391,2,pending,0
inat_271218642_487844256,gymnocalycium,gymnocalycium,0.901,0.901,2,pending,0
inat_273081188_491232753,gymnocalycium,echinopsis,0.3753,0.4457,2,pending,1
inat_273378194_491692066,gymnocalycium,gymnocalycium,0.8556,0.8556,2,pending,0
inat_273582534_492029389,gymnocalycium,gymnocalycium,0.8979,0.8979,2,pending,0
inat_273878217_492474101,gymnocalycium,gymnocalycium,0.9847,0.9847,2,pending,0
inat_274071314_492779164,gymnocalycium,gymnocalycium,0.8332,0.8332,2,pending,0
inat_274452060_493403049,gymnocalycium,gymnocalycium,0.9602,0.9602,2,pending,0
inat_275528824_495078836,gymnocalycium,gymnocalycium,0.8752,0.8752,2,pending,0
inat_284785253_511847511,gymnocalycium,gymnocalycium,0.756,0.756,2,pending,0
inat_286811958_515655742,gymnocalycium,gymnocalycium,0.8288,0.8288,2,ok,0
inat_291072513_523670895,gymnocalycium,gymnocalycium,0.9146,0.9146,2,pending,0
inat_309492660_558491908,gymnocalycium,parodia,0.1285,0.1975,2,pending,1
inat_309749896_558982857,gymnocalycium,gymnocalycium,0.8828,0.8828,2,pending,0
inat_314817283_568643890,gymnocalycium,gymnocalycium,0.8111,0.8111,2,pending,0
inat_316440450_571728784,gymnocalycium,gymnocalycium,0.9326,0.9326,2,pending,0
inat_318323798_575301986,gymnocalycium,gymnocalycium,0.9313,0.9313,2,pending,0
inat_318514687_575668469,gymnocalycium,gymnocalycium,0.831,0.831,2,pending,0
inat_319342935_577246243,gymnocalycium,gymnocalycium,0.8013,0.8013,2,pending,0
inat_319342945_577246291,gymnocalycium,gymnocalycium,0.8768,0.8768,2,pending,0
inat_322637361_583695855,gymnocalycium,gymnocalycium,0.9346,0.9346,2,pending,0
inat_330009599_598318983,gymnocalycium,gymnocalycium,0.9074,0.9074,2,pending,0
inat_330403318_599125922,gymnocalycium,gymnocalycium,0.7966,0.7966,2,pending,0
inat_330652385_599581323,gymnocalycium,gymnocalycium,0.4543,0.4543,2,pending,1
inat_330653783_599643713,gymnocalycium,gymnocalycium,0.7978,0.7978,2,pending,0
inat_330938014_600227688,gymnocalycium,gymnocalycium,0.4595,0.4595,2,pending,1
inat_332862958_604179958,gymnocalycium,gymnocalycium,0.9321,0.9321,2,pending,0
inat_333714830_605864760,gymnocalycium,gymnocalycium,0.874,0.874,2,ok,0
inat_333966820_606379569,gymnocalycium,gymnocalycium,0.845,0.845,2,pending,0
inat_337038798_612600706,gymnocalycium,gymnocalycium,0.5011,0.5011,2,ok,0
inat_338012832_614598455,gymnocalycium,mammillaria,0.0663,0.7773,2,pending,1
inat_338358307_615307506,gymnocalycium,gymnocalycium,0.945,0.945,2,ok,0
inat_338366967_615325523,gymnocalycium,gymnocalycium,0.9173,0.9173,2,pending,0
inat_338530580_615669468,gymnocalycium,gymnocalycium,0.9747,0.9747,2,pending,0
inat_339276398_617152523,gymnocalycium,gymnocalycium,0.9495,0.9495,2,pending,0
inat_339630629_617873631,gymnocalycium,gymnocalycium,0.9075,0.9075,2,ok,0
inat_355737578_648736657,gymnocalycium,gymnocalycium,0.8569,0.8569,2,pending,0
inat_357663075_665755014,gymnocalycium,gymnocalycium,0.9099,0.9099,2,pending,0
inat_365066341_666494036,gymnocalycium,gymnocalycium,0.7008,0.7008,2,pending,0
inat_366192972_668640162,gymnocalycium,astrophytum,0.3498,0.3782,2,pending,1
inat_371476787_678720422,gymnocalycium,gymnocalycium,0.7478,0.7478,2,pending,0
inat_371870029_679473435,gymnocalycium,gymnocalycium,0.8069,0.8069,2,pending,0
inat_375653552_686765923,gymnocalycium,gymnocalycium,0.9511,0.9511,2,pending,0
inat_385631603_706001315,gymnocalycium,gymnocalycium,0.8581,0.8581,2,pending,0
inat_387881756_710324551,gymnocalycium,echinopsis,0.1981,0.4096,2,not_plant,1
inat_388576349_711679813,gymnocalycium,gymnocalycium,0.8827,0.8827,2,pending,0
inat_388576360_711684234,gymnocalycium,gymnocalycium,0.9333,0.9333,2,pending,0
inat_390694395_715800002,gymnocalycium,gymnocalycium,0.8825,0.8825,2,pending,0
inat_394690800_723609368,gymnocalycium,gymnocalycium,0.9395,0.9395,2,pending,0
inat_395184576_724583866,gymnocalycium,gymnocalycium,0.8705,0.8705,2,pending,0
inat_397223643_728527824,gymnocalycium,gymnocalycium,0.8797,0.8797,2,pending,0
inat_399179728_732345178,gymnocalycium,gymnocalycium,0.6456,0.6456,2,pending,0
inat_331919924_602246120,mammillaria,mammillaria,0.6958,0.6958,2,pending,0
inat_332030467_602472626,mammillaria,mammillaria,0.7807,0.7807,2,pending,0
inat_332744861_603936715,mammillaria,echinopsis,0.0616,0.6093,2,pending,1
inat_333226692_604926813,mammillaria,echinocactus,0.0951,0.3111,2,pending,1
inat_333850639_606142676,mammillaria,mammillaria,0.5277,0.5277,2,pending,0
inat_333859645_606160515,mammillaria,mammillaria,0.769,0.769,2,pending,0
inat_334747883_607963234,mammillaria,mammillaria,0.7885,0.7885,2,pending,0
inat_334971206_608427747,mammillaria,mammillaria,0.911,0.911,2,pending,0
inat_335833570_610171659,mammillaria,mammillaria,0.8614,0.8614,2,pending,0
inat_335847831_610199298,mammillaria,mammillaria,0.7858,0.7858,2,pending,0
inat_335984169_610469336,mammillaria,mammillaria,0.966,0.966,2,pending,0
inat_336255619_611010519,mammillaria,parodia,0.1607,0.7259,2,pending,1
inat_336822191_612160759,mammillaria,mammillaria,0.7913,0.7913,2,pending,0
inat_336998963_612527113,mammillaria,mammillaria,0.8888,0.8888,2,pending,0
inat_337507840_613564352,mammillaria,echinopsis,0.1931,0.701,2,pending,1
inat_338324383_615236696,mammillaria,mammillaria,0.9442,0.9442,2,pending,0
inat_338358712_615307837,mammillaria,mammillaria,0.9429,0.9429,2,pending,0
inat_339636882_617887737,mammillaria,mammillaria,0.9225,0.9225,2,pending,0
inat_339878800_618382463,mammillaria,mammillaria,0.9291,0.9291,2,pending,0
inat_339975185_618580225,mammillaria,astrophytum,0.0579,0.669,2,ok,1
inat_339977421_618585051,mammillaria,parodia,0.2454,0.5684,2,pending,1
inat_340864313_620387416,mammillaria,mammillaria,0.9339,0.9339,2,pending,0
inat_341754254_622213512,mammillaria,mammillaria,0.4193,0.4193,2,pending,1
inat_341754363_622213656,mammillaria,mammillaria,0.3532,0.3532,2,pending,1
inat_342227194_623169861,mammillaria,parodia,0.3324,0.5655,2,pending,1
inat_342779106_624270454,mammillaria,mammillaria,0.8959,0.8959,2,pending,0
inat_343501016_625731137,mammillaria,mammillaria,0.9235,0.9235,2,pending,0
inat_343592783_625923329,mammillaria,echinocactus,0.3493,0.4052,2,pending,1
inat_343599853_625934409,mammillaria,mammillaria,0.733,0.733,2,pending,0
inat_343599869_625934651,mammillaria,mammillaria,0.5284,0.5284,2,pending,0
inat_343772134_626282014,mammillaria,mammillaria,0.8644,0.8644,2,pending,0
inat_343902326_626538359,mammillaria,mammillaria,0.9362,0.9362,2,pending,0
inat_344965182_628596880,mammillaria,mammillaria,0.9351,0.9351,2,pending,0
inat_345295905_629254500,mammillaria,mammillaria,0.9373,0.9373,2,pending,0
inat_345350793_629360352,mammillaria,mammillaria,0.949,0.949,2,pending,0
inat_345385624_629429269,mammillaria,mammillaria,0.4881,0.4881,2,pending,1
inat_345518080_629689451,mammillaria,mammillaria,0.8978,0.8978,2,ok,0
inat_346070487_630775815,mammillaria,mammillaria,0.8839,0.8839,2,pending,0
inat_346992369_636603843,mammillaria,mammillaria,0.7854,0.7854,2,pending,0
inat_347705950_634019627,mammillaria,mammillaria,0.8133,0.8133,2,pending,0
inat_347840615_634288737,mammillaria,parodia,0.0503,0.4446,2,pending,1
inat_348348942_635296078,mammillaria,mammillaria,0.9489,0.9489,2,pending,0
inat_349101278_636778875,mammillaria,parodia,0.1201,0.4733,2,multi_plant,1
inat_349207974_636992149,mammillaria,mammillaria,0.9337,0.9337,2,pending,0
inat_351237208_640916390,mammillaria,mammillaria,0.8487,0.8487,2,pending,0
inat_354215367_646222545,mammillaria,mammillaria,0.9276,0.9276,2,pending,0
inat_354456697_646610066,mammillaria,mammillaria,0.9229,0.9229,2,pending,0
inat_355431455_648220430,mammillaria,mammillaria,0.7814,0.7814,2,pending,0
inat_357139223_665737341,mammillaria,mammillaria,0.9806,0.9806,2,pending,0
inat_358038337_653092289,mammillaria,parodia,0.3019,0.573,2,pending,1
inat_358794381_654570952,mammillaria,mammillaria,0.837,0.837,2,pending,0
inat_359859464_656608025,mammillaria,mammillaria,0.8901,0.8901,2,pending,0
inat_360879997_658554973,mammillaria,mammillaria,0.9579,0.9579,2,ok,0
inat_361826648_660359813,mammillaria,mammillaria,0.6636,0.6636,2,pending,0
inat_361879990_660463806,mammillaria,mammillaria,0.9263,0.9263,2,pending,0
inat_363082433_662739456,mammillaria,mammillaria,0.9281,0.9281,2,ok,0
inat_363083777_662742500,mammillaria,opuntia,0.3063,0.5678,2,pending,1
inat_371985666_679695295,mammillaria,mammillaria,0.9385,0.9385,2,pending,0
inat_372150457_680016725,mammillaria,mammillaria,0.8754,0.8754,2,ok,0
inat_372165107_680044383,mammillaria,mammillaria,0.8103,0.8103,2,pending,0
inat_372165695_680045682,mammillaria,mammillaria,0.643,0.643,2,pending,0
inat_372439239_680564855,mammillaria,mammillaria,0.9049,0.9049,2,pending,0
inat_373963624_683368176,mammillaria,mammillaria,0.8655,0.8655,2,ok,0
inat_379528449_694242187,mammillaria,mammillaria,0.385,0.385,2,pending,1
inat_380502942_696130859,mammillaria,mammillaria,0.52,0.52,2,pending,0
inat_380947748_696995159,mammillaria,mammillaria,0.9794,0.9794,2,pending,0
inat_384895609_704602208,mammillaria,mammillaria,0.7249,0.7249,2,pending,0
inat_385033584_704861051,mammillaria,mammillaria,0.7906,0.7906,2,pending,0
inat_387708353_709983705,mammillaria,mammillaria,0.7397,0.7397,2,pending,0
inat_387796604_710159179,mammillaria,mammillaria,0.9663,0.9663,2,pending,0
inat_389480991_713427564,mammillaria,mammillaria,0.5223,0.5223,2,ok,0
inat_391994356_718326696,mammillaria,mammillaria,0.7637,0.7637,2,pending,0
inat_393021243_720330579,mammillaria,mammillaria,0.5993,0.5993,2,pending,0
inat_393065447_720419270,mammillaria,mammillaria,0.937,0.937,2,pending,0
inat_393217754_720715840,mammillaria,mammillaria,0.82,0.82,2,pending,0
inat_393674212_721609004,mammillaria,mammillaria,0.6039,0.6039,2,pending,0
inat_393679588_721620176,mammillaria,mammillaria,0.9537,0.9537,2,ok,0
inat_394690775_723606666,mammillaria,mammillaria,0.874,0.874,2,pending,0
inat_394839417_723900857,mammillaria,mammillaria,0.8114,0.8114,2,ok,0
inat_398513428_731039649,mammillaria,echinopsis,0.2538,0.2865,2,pending,1
inat_276729128_496921192,opuntia,opuntia,0.9202,0.9202,2,pending,0
inat_277342505_498000479,opuntia,opuntia,0.9266,0.9266,2,ok,0
inat_277462752_498208422,opuntia,opuntia,0.9123,0.9123,2,pending,0
inat_277945917_499076549,opuntia,opuntia,0.861,0.861,2,pending,0
inat_278257579_499633271,opuntia,opuntia,0.9131,0.9131,2,pending,0
inat_278506703_500076282,opuntia,opuntia,0.9183,0.9183,2,pending,0
inat_278858849_500725488,opuntia,opuntia,0.9211,0.9211,2,pending,0
inat_279517296_501938096,opuntia,opuntia,0.9403,0.9403,2,pending,0
inat_280360363_503522753,opuntia,opuntia,0.8914,0.8914,2,pending,0
inat_283223654_508891432,opuntia,opuntia,0.8992,0.8992,2,pending,0
inat_286083969_514261978,opuntia,opuntia,0.9298,0.9298,2,pending,0
inat_286856528_515738497,opuntia,opuntia,0.844,0.844,2,pending,0
inat_289153121_520048201,opuntia,opuntia,0.8402,0.8402,2,pending,0
inat_290737020_523039415,opuntia,opuntia,0.8986,0.8986,2,pending,0
inat_292381970_526151505,opuntia,opuntia,0.9005,0.9005,2,pending,0
inat_295175626_531361359,opuntia,opuntia,0.8836,0.8836,2,blurry,0
inat_296940603_534732227,opuntia,opuntia,0.8839,0.8839,2,pending,0
inat_301225299_542791042,opuntia,opuntia,0.9104,0.9104,2,pending,0
inat_301461527_543234266,opuntia,opuntia,0.8652,0.8652,2,pending,0
inat_302120389_544465226,opuntia,opuntia,0.9021,0.9021,2,pending,0
inat_303123337_546328160,opuntia,opuntia,0.9261,0.9261,2,pending,0
inat_305100593_550073641,opuntia,opuntia,0.9686,0.9686,2,pending,0
inat_305330083_550506234,opuntia,opuntia,0.8699,0.8699,2,pending,0
inat_305889537_551572987,opuntia,opuntia,0.891,0.891,2,pending,0
inat_307033063_553749116,opuntia,opuntia,0.9041,0.9041,2,not_potted,0
inat_307033086_553749152,opuntia,opuntia,0.9153,0.9153,2,pending,0
inat_307846948_555324797,opuntia,opuntia,0.9494,0.9494,2,pending,0
inat_309592285_558676743,opuntia,opuntia,0.9048,0.9048,2,pending,0
inat_315515299_569978041,opuntia,opuntia,0.8384,0.8384,2,pending,0
inat_316284199_571432606,opuntia,opuntia,0.848,0.848,2,pending,0
inat_318092124_574854852,opuntia,opuntia,0.9021,0.9021,2,pending,0
inat_318299041_575250387,opuntia,opuntia,0.9089,0.9089,2,pending,0
inat_322620590_583662385,opuntia,opuntia,0.9439,0.9439,2,pending,0
inat_325354542_589057179,opuntia,opuntia,0.8724,0.8724,2,pending,0
inat_327600465_594691076,opuntia,opuntia,0.873,0.873,2,pending,0
inat_329500550_597290696,opuntia,opuntia,0.9204,0.9204,2,pending,0
inat_331703662_601800914,opuntia,opuntia,0.9192,0.9192,2,pending,0
inat_333428556_605336327,opuntia,opuntia,0.7168,0.7168,2,pending,0
inat_333642599_605717095,opuntia,opuntia,0.9001,0.9001,2,pending,0
inat_333764426_605964565,opuntia,opuntia,0.8503,0.8503,2,pending,0
inat_335123097_608739045,opuntia,opuntia,0.8877,0.8877,2,pending,0
inat_336036014_610573079,opuntia,opuntia,0.7504,0.7504,2,pending,0
inat_336175416_610847206,opuntia,opuntia,0.9437,0.9437,2,pending,0
inat_337443783_613432817,opuntia,opuntia,0.8977,0.8977,2,pending,0
inat_337932260_614434285,opuntia,opuntia,0.9177,0.9177,2,pending,0
inat_341761076_622227289,opuntia,opuntia,0.8935,0.8935,2,pending,0
inat_342227241_623169984,opuntia,opuntia,0.9029,0.9029,2,pending,0
inat_342774867_624261849,opuntia,opuntia,0.7597,0.7597,2,pending,0
inat_344389177_627494478,opuntia,opuntia,0.8546,0.8546,2,ok,0
inat_344692301_628081153,opuntia,opuntia,0.8957,0.8957,2,pending,0
inat_344782262_628246460,opuntia,opuntia,0.8559,0.8559,2,pending,0
inat_344810172_628299627,opuntia,opuntia,0.9464,0.9464,2,pending,0
inat_347173650_632971292,opuntia,opuntia,0.854,0.854,2,pending,0
inat_347539194_633690413,opuntia,opuntia,0.9256,0.9256,2,ok,0
inat_348558188_635707520,opuntia,opuntia,0.8991,0.8991,2,ok,0
inat_349860736_638275742,opuntia,opuntia,0.8865,0.8865,2,pending,0
inat_350467931_639464181,opuntia,opuntia,0.9029,0.9029,2,pending,0
inat_350471939_639472265,opuntia,opuntia,0.8827,0.8827,2,pending,0
inat_351824879_642086019,opuntia,opuntia,0.9193,0.9193,2,pending,0
inat_351926957_642290573,opuntia,opuntia,0.8896,0.8896,2,pending,0
inat_355896753_649014746,opuntia,opuntia,0.9467,0.9467,2,pending,0
inat_357568835_652186499,opuntia,opuntia,0.8931,0.8931,2,pending,0
inat_358158435_653332164,opuntia,opuntia,0.9357,0.9357,2,pending,0
inat_359967849_656811699,opuntia,opuntia,0.9057,0.9057,2,ok,0
inat_363718006_663950757,opuntia,opuntia,0.9134,0.9134,2,pending,0
inat_363841873_664186219,opuntia,opuntia,0.9023,0.9023,2,pending,0
inat_364368848_665167684,opuntia,opuntia,0.9333,0.9333,2,pending,0
inat_365039755_666445657,opuntia,opuntia,0.9433,0.9433,2,pending,0
inat_368487579_673030611,opuntia,opuntia,0.9492,0.9492,2,ok,0
inat_376722706_688827358,opuntia,opuntia,0.9005,0.9005,2,pending,0
inat_377124309_689602738,opuntia,opuntia,0.9051,0.9051,2,pending,0
inat_378745114_692729615,opuntia,opuntia,0.9323,0.9323,2,pending,0
inat_378883837_692993012,opuntia,opuntia,0.9294,0.9294,2,pending,0
inat_379723093_694620944,opuntia,opuntia,0.9184,0.9184,2,pending,0
inat_380632979_696382271,opuntia,opuntia,0.9007,0.9007,2,pending,0
inat_381569958_698199216,opuntia,opuntia,0.9381,0.9381,2,pending,0
inat_392229345_718781616,opuntia,opuntia,0.9011,0.9011,2,pending,0
inat_392445172_719207035,opuntia,opuntia,0.9203,0.9203,2,pending,0
inat_393784055_721825280,opuntia,opuntia,0.8305,0.8305,2,pending,0
inat_398846686_731702076,opuntia,opuntia,0.9569,0.9569,2,pending,0
inat_227569840_410316155,parodia,parodia,0.959,0.959,2,pending,0
inat_228321682_405150050,parodia,parodia,0.486,0.486,2,pending,1
inat_232505249_413077327,parodia,parodia,0.9581,0.9581,2,not_plant,0
inat_233234144_414479209,parodia,echinocactus,0.3969,0.5217,2,pending,1
inat_233793714_415533852,parodia,parodia,0.9442,0.9442,2,pending,0
inat_236743814_632856506,parodia,parodia,0.9272,0.9272,2,pending,0
inat_243123934_433486121,parodia,parodia,0.9194,0.9194,2,pending,0
inat_243147526_433529613,parodia,parodia,0.6982,0.6982,2,ok,0
inat_246785565_440635357,parodia,parodia,0.9404,0.9404,2,pending,0
inat_247385792_441824914,parodia,parodia,0.7646,0.7646,2,pending,0
inat_255354081_457599353,parodia,parodia,0.9331,0.9331,2,pending,0
inat_260712123_468244127,parodia,parodia,0.9518,0.9518,2,pending,0
inat_262846635_472086367,parodia,parodia,0.9415,0.9415,2,pending,0
inat_262846698_472086495,parodia,parodia,0.7796,0.7796,2,pending,0
inat_263203559_472799519,parodia,parodia,0.9283,0.9283,2,pending,0
inat_267082157_479928771,parodia,parodia,0.7876,0.7876,2,pending,0
inat_268453635_482529607,parodia,parodia,0.9294,0.9294,2,pending,0
inat_268453663_482533895,parodia,parodia,0.9364,0.9364,2,pending,0
inat_275097522_497603271,parodia,parodia,0.8744,0.8744,2,pending,0
inat_276110682_495925865,parodia,parodia,0.9206,0.9206,2,pending,0
inat_276226140_496103319,parodia,parodia,0.9057,0.9057,2,pending,0
inat_276226539_496103753,parodia,parodia,0.8967,0.8967,2,pending,0
inat_279231479_501408406,parodia,parodia,0.2767,0.2767,2,pending,1
inat_280582825_503946470,parodia,parodia,0.8658,0.8658,2,ok,0
inat_281186909_505093222,parodia,gymnocalycium,0.0136,0.8899,2,pending,1
inat_283010852_508500023,parodia,parodia,0.7258,0.7258,2,pending,0
inat_283390695_509207084,parodia,parodia,0.5296,0.5296,2,pending,0
inat_285875994_513878965,parodia,parodia,0.9216,0.9216,2,pending,0
inat_285996537_514099600,parodia,parodia,0.9311,0.9311,2,pending,0
inat_289772502_521219296,parodia,parodia,0.5365,0.5365,2,pending,0
inat_290656497_522894638,parodia,parodia,0.948,0.948,2,pending,0
inat_293684903_528562365,parodia,parodia,0.9293,0.9293,2,pending,0
inat_295721550_532394860,parodia,parodia,0.9201,0.9201,2,pending,0
inat_295783827_532514624,parodia,parodia,0.8534,0.8534,2,pending,0
inat_303433840_546910176,parodia,parodia,0.6458,0.6458,2,pending,0
inat_305174432_550214552,parodia,parodia,0.8599,0.8599,2,pending,0
inat_308891112_557331610,parodia,mammillaria,0.101,0.7876,2,pending,1
inat_312006739_563479361,parodia,parodia,0.9581,0.9581,2,pending,0
inat_312936055_565065365,parodia,parodia,0.9544,0.9544,2,pending,0
inat_312943792_565081143,parodia,parodia,0.9164,0.9164,2,pending,0
inat_313251249_565669469,parodia,parodia,0.9241,0.9241,2,pending,0
inat_316357350_571567746,parodia,parodia,0.9343,0.9343,2,pending,0
inat_318485542_575611562,parodia,parodia,0.9205,0.9205,2,pending,0
inat_318934271_576468204,parodia,parodia,0.9509,0.9509,2,pending,0
inat_320421373_579330141,parodia,parodia,0.3929,0.3929,2,pending,1
inat_320831130_580136348,parodia,parodia,0.4615,0.4615,2,pending,1
inat_323634228_585629044,parodia,parodia,0.9285,0.9285,2,pending,0
inat_326612023_591566253,parodia,parodia,0.3097,0.3097,2,pending,1
inat_327997437_594272717,parodia,mammillaria,0.0491,0.6706,2,ok,1
inat_328048447_594372341,parodia,parodia,0.8831,0.8831,2,ok,0
inat_328433667_595141515,parodia,parodia,0.9072,0.9072,2,pending,0
inat_328627766_595539001,parodia,parodia,0.9208,0.9208,2,pending,0
inat_329165693_596617251,parodia,parodia,0.8651,0.8651,2,pending,0
inat_329848382_597993725,parodia,parodia,0.8229,0.8229,2,pending,0
inat_334291314_607039782,parodia,parodia,0.9252,0.9252,2,pending,0
inat_334328666_607116519,parodia,parodia,0.9137,0.9137,2,pending,0
inat_336489863_611470778,parodia,parodia,0.861,0.861,2,pending,0
inat_337521408_613591311,parodia,parodia,0.9158,0.9158,2,pending,0
inat_337877645_614319659,parodia,echinopsis,0.1234,0.6542,2,pending,1
inat_340086751_618810196,parodia,mammillaria,0.4069,0.4198,2,pending,1
inat_344802239_628285069,parodia,parodia,0.931,0.931,2,pending,0
inat_345821109_630286663,parodia,parodia,0.9263,0.9263,2,pending,0
inat_346281205_631197198,parodia,parodia,0.9184,0.9184,2,pending,0
inat_346286473_631206994,parodia,parodia,0.8783,0.8783,2,pending,0
inat_346715958_632055172,parodia,parodia,0.8261,0.8261,2,pending,0
inat_347552122_633715269,parodia,parodia,0.9354,0.9354,2,pending,0
inat_353025265_644190898,parodia,parodia,0.8905,0.8905,2,pending,0
inat_359333084_655594900,parodia,parodia,0.9141,0.9141,2,pending,0
inat_360036071_656942030,parodia,parodia,0.8958,0.8958,2,ok,0
inat_364999967_666368237,parodia,parodia,0.9149,0.9149,2,pending,0
inat_365014727_668118345,parodia,parodia,0.9656,0.9656,2,pending,0
inat_367838325_671780667,parodia,parodia,0.8992,0.8992,2,pending,0
inat_372483371_680651976,parodia,echinopsis,0.1106,0.3845,2,pending,1
inat_382016959_699063192,parodia,parodia,0.8165,0.8165,2,pending,0
inat_390882479_716162746,parodia,parodia,0.7825,0.7825,2,pending,0
inat_392565818_719443849,parodia,parodia,0.933,0.933,2,pending,0
inat_394713531_723649308,parodia,parodia,0.9267,0.9267,2,pending,0
inat_396530076_727187268,parodia,parodia,0.9476,0.9476,2,pending,0
inat_396570483_727269100,parodia,parodia,0.924,0.924,2,pending,0
inat_396928213_727950406,parodia,parodia,0.8247,0.8247,2,pending,0
inat_195032328_342999879,astrophytum,astrophytum,0.8582,0.8582,3,pending,0
inat_196570239_346050587,astrophytum,astrophytum,0.9395,0.9395,3,pending,0
inat_199637930_352094719,astrophytum,astrophytum,0.8483,0.8483,3,pending,0
inat_200643276_354035222,astrophytum,astrophytum,0.8673,0.8673,3,pending,0
inat_200919105_354575440,astrophytum,astrophytum,0.9626,0.9626,3,pending,0
inat_201353733_355429226,astrophytum,astrophytum,0.861,0.861,3,pending,0
inat_202035171_356744407,astrophytum,astrophytum,0.9321,0.9321,3,pending,0
inat_205790121_363911846,astrophytum,parodia,0.4167,0.4471,3,not_plant,1
inat_207417125_366883255,astrophytum,astrophytum,0.952,0.952,3,pending,0
inat_213572242_377412965,astrophytum,astrophytum,0.9675,0.9675,3,pending,0
inat_215295937_382568722,astrophytum,astrophytum,0.9033,0.9033,3,ok,0
inat_220832751_391023609,astrophytum,astrophytum,0.9015,0.9015,3,pending,0
inat_220832762_391023679,astrophytum,astrophytum,0.8723,0.8723,3,pending,0
inat_223946641_396856482,astrophytum,astrophytum,0.8882,0.8882,3,pending,0
inat_227770486_404104891,astrophytum,astrophytum,0.8467,0.8467,3,pending,0
inat_230417049_409130218,astrophytum,astrophytum,0.7918,0.7918,3,pending,0
inat_232976635_413961369,astrophytum,astrophytum,0.9658,0.9658,3,pending,0
inat_238202768_424046391,astrophytum,astrophytum,0.9362,0.9362,3,pending,0
inat_238765462_425135093,astrophytum,astrophytum,0.762,0.762,3,pending,0
inat_240492316_428467446,astrophytum,astrophytum,0.891,0.891,3,pending,0
inat_243922123_435023391,astrophytum,astrophytum,0.9353,0.9353,3,pending,0
inat_244351955_435847768,astrophytum,astrophytum,0.8379,0.8379,3,not_potted,0
inat_247122173_441298381,astrophytum,astrophytum,0.8941,0.8941,3,pending,0
inat_252201139_451425938,astrophytum,astrophytum,0.851,0.851,3,pending,0
inat_252278443_451580056,astrophytum,astrophytum,0.8989,0.8989,3,pending,0
inat_260184625_467200313,astrophytum,astrophytum,0.9261,0.9261,3,pending,0
inat_262474744_471506975,astrophytum,astrophytum,0.9185,0.9185,3,pending,0
inat_267643185_481003805,astrophytum,astrophytum,0.9418,0.9418,3,pending,0
inat_270049436_485612818,astrophytum,astrophytum,0.8278,0.8278,3,pending,0
inat_270882948_487206545,astrophytum,astrophytum,0.982,0.982,3,pending,0
inat_272183221_489670764,astrophytum,astrophytum,0.7461,0.7461,3,pending,0
inat_272510615_490244635,astrophytum,astrophytum,0.9038,0.9038,3,not_potted,0
inat_273828018_492396399,astrophytum,astrophytum,0.8719,0.8719,3,pending,0
inat_274192562_492975594,astrophytum,astrophytum,0.9012,0.9012,3,pending,0
inat_274716508_493805430,astrophytum,astrophytum,0.5384,0.5384,3,pending,0
inat_275006940_494261486,astrophytum,astrophytum,0.9448,0.9448,3,pending,0
inat_276222594_496098130,astrophytum,astrophytum,0.9737,0.9737,3,pending,0
inat_277166167_497691672,astrophytum,astrophytum,0.879,0.879,3,pending,0
inat_277747774_498711710,astrophytum,astrophytum,0.9625,0.9625,3,pending,0
inat_278122081_499334793,astrophytum,astrophytum,0.4765,0.4765,3,pending,1
inat_284656953_511596003,astrophytum,astrophytum,0.7056,0.7056,3,pending,0
inat_292417261_526217372,astrophytum,astrophytum,0.9127,0.9127,3,pending,0
inat_292475497_526401226,astrophytum,astrophytum,0.8996,0.8996,3,pending,0
inat_300743580_541893018,astrophytum,astrophytum,0.9586,0.9586,3,pending,0
inat_302286725_544776720,astrophytum,astrophytum,0.8592,0.8592,3,pending,0
inat_309595560_558682854,astrophytum,astrophytum,0.908,0.908,3,pending,0
inat_310219691_559864181,astrophytum,astrophytum,0.9182,0.9182,3,pending,0
inat_310896346_561158644,astrophytum,astrophytum,0.783,0.783,3,pending,0
inat_313561661_566265017,astrophytum,astrophytum,0.8734,0.8734,3,pending,0
inat_315278504_569533253,astrophytum,astrophytum,0.9352,0.9352,3,pending,0
inat_315318454_569607304,astrophytum,astrophytum,0.8092,0.8092,3,pending,0
inat_315637087_570207864,astrophytum,astrophytum,0.9401,0.9401,3,pending,0
inat_317234243_573221537,astrophytum,astrophytum,0.8268,0.8268,3,pending,0
inat_317666418_574045855,astrophytum,astrophytum,0.3818,0.3818,3,pending,1
inat_318485683_575611786,astrophytum,astrophytum,0.8858,0.8858,3,pending,0
inat_319787854_578104079,astrophytum,astrophytum,0.9156,0.9156,3,pending,0
inat_323857467_586061483,astrophytum,astrophytum,0.8954,0.8954,3,pending,0
inat_325002687_588360508,astrophytum,astrophytum,0.8967,0.8967,3,pending,0
inat_329219773_596723789,astrophytum,astrophytum,0.926,0.926,3,pending,0
inat_334378918_607219693,astrophytum,astrophytum,0.9436,0.9436,3,pending,0
inat_335264435_609020229,astrophytum,astrophytum,0.8876,0.8876,3,pending,0
inat_338083191_614743409,astrophytum,astrophytum,0.8861,0.8861,3,pending,0
inat_339276343_617151875,astrophytum,astrophytum,0.9524,0.9524,3,pending,0
inat_340734459_620125772,astrophytum,opuntia,0.3185,0.4913,3,pending,1
inat_342490247_623699243,astrophytum,astrophytum,0.9541,0.9541,3,pending,0
inat_342490248_623699241,astrophytum,astrophytum,0.9057,0.9057,3,pending,0
inat_342620933_623967246,astrophytum,astrophytum,0.933,0.933,3,pending,0
inat_344603255_627907660,astrophytum,astrophytum,0.7755,0.7755,3,pending,0
inat_346691620_632005214,astrophytum,astrophytum,0.821,0.821,3,pending,0
inat_346938037_632493591,astrophytum,astrophytum,0.8816,0.8816,3,pending,0
inat_364981162_666332989,astrophytum,astrophytum,0.834,0.834,3,pending,0
inat_372210708_680135972,astrophytum,astrophytum,0.9289,0.9289,3,pending,0
inat_372869680_681390950,astrophytum,astrophytum,0.8441,0.8441,3,pending,0
inat_382382417_699763725,astrophytum,astrophytum,0.42,0.42,3,pending,1
inat_385081018_705130973,astrophytum,astrophytum,0.9404,0.9404,3,pending,0
inat_386645219_707941143,astrophytum,astrophytum,0.8948,0.8948,3,pending,0
inat_387733761_710034476,astrophytum,astrophytum,0.8229,0.8229,3,pending,0
inat_388279547_711078202,astrophytum,astrophytum,0.9096,0.9096,3,pending,0
inat_388561346_711659151,astrophytum,astrophytum,0.7734,0.7734,3,pending,0
inat_398513456_731046731,astrophytum,mammillaria,0.1064,0.6414,3,pending,1
inat_369574347_675091033,echinocactus,echinocactus,0.9508,0.9508,3,pending,0
inat_369984190_675872866,echinocactus,echinocactus,0.9132,0.9132,3,pending,0
inat_370241493_676369107,echinocactus,echinocactus,0.9377,0.9377,3,pending,0
inat_370605665_677056428,echinocactus,echinocactus,0.8786,0.8786,3,pending,0
inat_371123289_678057766,echinocactus,echinocactus,0.8082,0.8082,3,pending,0
inat_371463871_678694891,echinocactus,echinocactus,0.9077,0.9077,3,not_potted,0
inat_372296143_680294044,echinocactus,echinocactus,0.9519,0.9519,3,pending,0
inat_372549195_680784383,echinocactus,echinocactus,0.8292,0.8292,3,pending,0
inat_372731879_681126416,echinocactus,echinocactus,0.8883,0.8883,3,pending,0
inat_374159674_683860045,echinocactus,echinocactus,0.9447,0.9447,3,pending,0
inat_374840235_685183788,echinocactus,echinocactus,0.9561,0.9561,3,pending,0
inat_374913351_685322821,echinocactus,echinocactus,0.9004,0.9004,3,ok,0
inat_375011499_685508333,echinocactus,echinocactus,0.9347,0.9347,3,pending,0
inat_375318435_686106996,echinocactus,echinocactus,0.9197,0.9197,3,pending,0
inat_375639488_686802684,echinocactus,echinocactus,0.9523,0.9523,3,pending,0
inat_376969369_689298888,echinocactus,echinocactus,0.9087,0.9087,3,pending,0
inat_377187298_689720234,echinocactus,echinocactus,0.8991,0.8991,3,pending,0
inat_377368150_690077201,echinocactus,echinocactus,0.958,0.958,3,pending,0
inat_377378000_690094812,echinocactus,echinocactus,0.7365,0.7365,3,pending,0
inat_377384008_690108077,echinocactus,echinocactus,0.5948,0.5948,3,pending,0
inat_377501487_690331205,echinocactus,echinocactus,0.916,0.916,3,not_potted,0
inat_377543705_690414783,echinocactus,echinocactus,0.8675,0.8675,3,pending,0
inat_378690956_692625985,echinocactus,echinocactus,0.9457,0.9457,3,pending,0
inat_378710665_692663426,echinocactus,echinocactus,0.9592,0.9592,3,pending,0
inat_378720983_692681715,echinocactus,echinocactus,0.9312,0.9312,3,pending,0
inat_378759872_692755404,echinocactus,echinocactus,0.8537,0.8537,3,pending,0
inat_378987896_693202862,echinocactus,echinocactus,0.9308,0.9308,3,pending,0
inat_379886445_694938411,echinocactus,echinocactus,0.6408,0.6408,3,pending,0
inat_379915613_694995405,echinocactus,echinocactus,0.8899,0.8899,3,pending,0
inat_380696385_696504754,echinocactus,echinocactus,0.9787,0.9787,3,pending,0
inat_380820206_696740818,echinocactus,echinocactus,0.6232,0.6232,3,pending,0
inat_381657023_698368606,echinocactus,echinocactus,0.9336,0.9336,3,not_potted,0
inat_382205827_699430081,echinocactus,echinocactus,0.8653,0.8653,3,pending,0
inat_382720467_700411253,echinocactus,echinocactus,0.8356,0.8356,3,pending,0
inat_382811039_700589417,echinocactus,echinocactus,0.9058,0.9058,3,pending,0
inat_382877028_700717463,echinocactus,echinocactus,0.9329,0.9329,3,pending,0
inat_382987154_700921456,echinocactus,echinocactus,0.8582,0.8582,3,pending,0
inat_384259629_703377256,echinocactus,echinocactus,0.8285,0.8285,3,pending,0
inat_384382319_703614392,echinocactus,echinocactus,0.8411,0.8411,3,ok,0
inat_385362005_705481200,echinocactus,echinocactus,0.5138,0.5138,3,not_potted,0
inat_385567382_705879886,echinocactus,echinocactus,0.9312,0.9312,3,pending,0
inat_385673373_706079704,echinocactus,echinocactus,0.9293,0.9293,3,not_potted,0
inat_386528241_707722581,echinocactus,echinocactus,0.9446,0.9446,3,pending,0
inat_386787978_708215768,echinocactus,echinocactus,0.8969,0.8969,3,not_potted,0
inat_386914750_708458039,echinocactus,echinocactus,0.9229,0.9229,3,pending,0
inat_387092329_708796594,echinocactus,echinocactus,0.8768,0.8768,3,pending,0
inat_387880614_710322333,echinocactus,echinocactus,0.9175,0.9175,3,pending,0
inat_388298020_711142747,echinocactus,echinocactus,0.9466,0.9466,3,pending,0
inat_388896870_712317773,echinocactus,echinocactus,0.8864,0.8864,3,pending,0
inat_389187474_712858639,echinocactus,echinocactus,0.8177,0.8177,3,not_potted,0
inat_389559321_713580522,echinocactus,echinocactus,0.8906,0.8906,3,not_potted,0
inat_389660640_713776969,echinocactus,echinocactus,0.9308,0.9308,3,pending,0
inat_390612127_716910243,echinocactus,echinocactus,0.8453,0.8453,3,pending,0
inat_391061984_716520080,echinocactus,echinopsis,0.236,0.278,3,pending,1
inat_392131257_718579645,echinocactus,echinocactus,0.9633,0.9633,3,pending,0
inat_392151031_718628328,echinocactus,echinocactus,0.9325,0.9325,3,pending,0
inat_392174200_718673444,echinocactus,echinocactus,0.9253,0.9253,3,pending,0
inat_392510206_719334160,echinocactus,echinocactus,0.9625,0.9625,3,pending,0
inat_392833270_719965367,echinocactus,echinocactus,0.9499,0.9499,3,ok,0
inat_393844333_721939554,echinocactus,echinocactus,0.9549,0.9549,3,pending,0
inat_393844356_721939613,echinocactus,echinocactus,0.8863,0.8863,3,pending,0
inat_393849220_721949802,echinocactus,parodia,0.0741,0.7303,3,pending,1
inat_394397611_723037881,echinocactus,echinocactus,0.9622,0.9622,3,pending,0
inat_394495484_723223166,echinocactus,echinocactus,0.9171,0.9171,3,pending,0
inat_394502630_723236859,echinocactus,echinocactus,0.9573,0.9573,3,pending,0
inat_394596624_723424814,echinocactus,echinocactus,0.914,0.914,3,pending,0
inat_395856003_725881818,echinocactus,echinocactus,0.8784,0.8784,3,pending,0
inat_396006048_726180217,echinocactus,echinocactus,0.9319,0.9319,3,pending,0
inat_396238149_726640812,echinocactus,astrophytum,0.287,0.4958,3,pending,1
inat_396555922_727240190,echinocactus,echinocactus,0.9313,0.9313,3,pending,0
inat_396791017_727677977,echinocactus,echinocactus,0.9184,0.9184,3,pending,0
inat_396969627_728028535,echinocactus,echinocactus,0.9154,0.9154,3,pending,0
inat_397037847_728165039,echinocactus,echinocactus,0.9135,0.9135,3,pending,0
inat_397675611_729417139,echinocactus,echinocactus,0.9061,0.9061,3,pending,0
inat_398506074_731032967,echinocactus,echinocactus,0.9311,0.9311,3,pending,0
inat_398890797_731793997,echinocactus,mammillaria,0.1302,0.7465,3,pending,1
inat_398891663_731796141,echinocactus,echinocactus,0.9272,0.9272,3,not_potted,0
inat_399763190_733479595,echinocactus,echinocactus,0.8978,0.8978,3,pending,0
inat_399968510_733877452,echinocactus,echinocactus,0.8589,0.8589,3,pending,0
inat_400374724_734706531,echinocactus,echinocactus,0.9537,0.9537,3,pending,0
inat_243148639_433531608,echinopsis,echinopsis,0.8425,0.8425,3,pending,0
inat_243499511_434202877,echinopsis,echinopsis,0.9412,0.9412,3,pending,0
inat_246963187_440982122,echinopsis,echinopsis,0.8333,0.8333,3,pending,0
inat_249237033_445492321,echinopsis,echinopsis,0.9146,0.9146,3,pending,0
inat_252824674_452626315,echinopsis,echinopsis,0.473,0.473,3,pending,1
inat_252907191_452780069,echinopsis,echinopsis,0.8296,0.8296,3,pending,0
inat_253345264_453605646,echinopsis,echinopsis,0.6853,0.6853,3,pending,0
inat_253398755_453712261,echinopsis,echinopsis,0.4784,0.4784,3,pending,1
inat_253483492_453885203,echinopsis,echinopsis,0.7103,0.7103,3,pending,0
inat_256380126_459662216,echinopsis,echinopsis,0.7013,0.7013,3,pending,0
inat_256696324_460304680,echinopsis,echinopsis,0.5458,0.5458,3,pending,0
inat_257441534_461821041,echinopsis,echinocactus,0.3597,0.3859,3,pending,1
inat_258343631_463485607,echinopsis,echinopsis,0.7588,0.7588,3,pending,0
inat_260165846_467164834,echinopsis,echinopsis,0.6497,0.6497,3,pending,0
inat_262306397_471249283,echinopsis,echinopsis,0.7922,0.7922,3,pending,0
inat_263513599_473409931,echinopsis,parodia,0.1604,0.3131,3,pending,1
inat_264039348_474443303,echinopsis,echinopsis,0.7562,0.7562,3,pending,0
inat_266331650_478516699,echinopsis,echinopsis,0.953,0.953,3,pending,0
inat_268107116_481883553,echinopsis,echinopsis,0.9219,0.9219,3,pending,0
inat_268835449_483280026,echinopsis,echinopsis,0.765,0.765,3,pending,0
inat_269896295_485328372,echinopsis,echinopsis,0.8999,0.8999,3,pending,0
inat_272997479_491108476,echinopsis,echinopsis,0.8909,0.8909,3,pending,0
inat_273817791_492381550,echinopsis,echinopsis,0.7152,0.7152,3,pending,0
inat_276504203_496540958,echinopsis,mammillaria,0.3148,0.5701,3,pending,1
inat_282111959_506821598,echinopsis,echinopsis,0.2755,0.2755,3,pending,1
inat_285646915_513441961,echinopsis,echinopsis,0.5937,0.5937,3,pending,0
inat_294566743_530214739,echinopsis,echinopsis,0.9448,0.9448,3,pending,0
inat_303436265_546914138,echinopsis,echinopsis,0.7951,0.7951,3,pending,0
inat_308367148_556332677,echinopsis,echinopsis,0.9373,0.9373,3,pending,0
inat_308422559_556436252,echinopsis,echinopsis,0.8991,0.8991,3,pending,0
inat_309359158_558232247,echinopsis,echinopsis,0.9074,0.9074,3,pending,0
inat_309414044_558342660,echinopsis,echinopsis,0.9357,0.9357,3,pending,0
inat_314247099_567575271,echinopsis,echinopsis,0.669,0.669,3,pending,0
inat_316497474_571834018,echinopsis,echinopsis,0.8743,0.8743,3,pending,0
inat_319278689_577128694,echinopsis,echinopsis,0.8069,0.8069,3,pending,0
inat_320810248_580095399,echinopsis,echinopsis,0.2943,0.2943,3,pending,1
inat_321143333_580746695,echinopsis,echinopsis,0.8211,0.8211,3,pending,0
inat_323954234_586257332,echinopsis,echinopsis,0.9821,0.9821,3,pending,0
inat_323955087_586258900,echinopsis,echinopsis,0.9481,0.9481,3,pending,0
inat_325043028_588439744,echinopsis,echinopsis,0.8718,0.8718,3,pending,0
inat_327874333_594053993,echinopsis,echinopsis,0.9659,0.9659,3,pending,0
inat_329572152_597437190,echinopsis,echinopsis,0.8596,0.8596,3,pending,0
inat_329572330_597437513,echinopsis,echinopsis,0.8497,0.8497,3,pending,0
inat_329893291_598081675,echinopsis,echinopsis,0.4832,0.4832,3,pending,1
inat_333163732_604797866,echinopsis,echinopsis,0.926,0.926,3,ok,0
inat_336851689_612219514,echinopsis,echinopsis,0.9354,0.9354,3,pending,0
inat_337443697_613432666,echinopsis,echinopsis,0.6624,0.6624,3,pending,0
inat_338002052_614575554,echinopsis,echinopsis,0.7702,0.7702,3,pending,0
inat_339044946_616679455,echinopsis,echinopsis,0.4223,0.4223,3,ok,1
inat_339883151_618395054,echinopsis,mammillaria,0.1101,0.329,3,pending,1
inat_343355605_625435928,echinopsis,echinopsis,0.9585,0.9585,3,not_plant,0
inat_345617656_629892011,echinopsis,astrophytum,0.0753,0.2801,3,pending,1
inat_346445634_631519228,echinopsis,echinopsis,0.8268,0.8268,3,pending,0
inat_350497110_639519931,echinopsis,echinopsis,0.9407,0.9407,3,pending,0
inat_353394186_644822062,echinopsis,echinopsis,0.9244,0.9244,3,pending,0
inat_353864296_645598405,echinopsis,mammillaria,0.358,0.4818,3,pending,1
inat_355563276_648432408,echinopsis,echinopsis,0.4309,0.4309,3,pending,1
inat_356102458_649394189,echinopsis,echinopsis,0.943,0.943,3,pending,0
inat_357119546_651314124,echinopsis,echinopsis,0.935,0.935,3,pending,0
inat_358860510_654700467,echinopsis,echinopsis,0.9447,0.9447,3,pending,0
inat_360418049_657659719,echinopsis,mammillaria,0.0591,0.7679,3,pending,1
inat_361058457_658902932,echinopsis,echinopsis,0.9284,0.9284,3,pending,0
inat_362001069_660686896,echinopsis,echinopsis,0.9169,0.9169,3,pending,0
inat_363051567_662681620,echinopsis,echinopsis,0.4976,0.4976,3,pending,1
inat_364153451_664770039,echinopsis,echinopsis,0.9078,0.9078,3,pending,0
inat_365416970_667164703,echinopsis,echinopsis,0.6789,0.6789,3,pending,0
inat_370302594_676484016,echinopsis,echinopsis,0.8639,0.8639,3,pending,0
inat_381482303_698025467,echinopsis,gymnocalycium,0.0752,0.5575,3,pending,1
inat_383774119_702438612,echinopsis,echinopsis,0.8865,0.8865,3,pending,0
inat_386159162_707017644,echinopsis,echinopsis,0.9687,0.9687,3,pending,0
inat_387067402_708747618,echinopsis,echinopsis,0.8895,0.8895,3,pending,0
inat_388938007_712400375,echinopsis,echinopsis,0.9003,0.9003,3,pending,0
inat_390800075_716008017,echinopsis,echinopsis,0.8805,0.8805,3,pending,0
inat_394536965_723303328,echinopsis,mammillaria,0.0433,0.5095,3,pending,1
inat_395973023_726113077,echinopsis,echinopsis,0.9252,0.9252,3,pending,0
inat_396535449_727198340,echinopsis,echinopsis,0.7089,0.7089,3,pending,0
inat_397518641_729102532,echinopsis,echinopsis,0.9556,0.9556,3,pending,0
inat_397660504_729386993,echinopsis,echinopsis,0.7504,0.7504,3,pending,0
inat_398009762_730071718,echinopsis,echinopsis,0.907,0.907,3,pending,0
inat_398519971_731065092,echinopsis,echinopsis,0.3374,0.3374,3,pending,1
inat_213121208_376633688,gymnocalycium,gymnocalycium,0.9251,0.9251,3,pending,0
inat_213590638_377482847,gymnocalycium,gymnocalycium,0.9702,0.9702,3,pending,0
inat_215994322_381943614,gymnocalycium,gymnocalycium,0.762,0.762,3,pending,0
inat_216830079_383439644,gymnocalycium,gymnocalycium,0.9268,0.9268,3,pending,0
inat_218990310_387566925,gymnocalycium,gymnocalycium,0.9307,0.9307,3,pending,0
inat_220628419_390645864,gymnocalycium,gymnocalycium,0.8395,0.8395,3,pending,0
inat_220832752_391023622,gymnocalycium,gymnocalycium,0.5625,0.5625,3,pending,0
inat_223940094_396844427,gymnocalycium,gymnocalycium,0.6136,0.6136,3,pending,0
inat_234677197_417215518,gymnocalycium,gymnocalycium,0.9024,0.9024,3,pending,0
inat_238045676_423739914,gymnocalycium,gymnocalycium,0.8862,0.8862,3,ok,0
inat_240505595_428490025,gymnocalycium,gymnocalycium,0.9115,0.9115,3,pending,0
inat_240505603_428492585,gymnocalycium,gymnocalycium,0.9652,0.9652,3,pending,0
inat_249205310_445427870,gymnocalycium,gymnocalycium,0.9015,0.9015,3,ok,0
inat_255771414_458437127,gymnocalycium,gymnocalycium,0.921,0.921,3,pending,0
inat_256337040_459573924,gymnocalycium,gymnocalycium,0.836,0.836,3,pending,0
inat_256636350_460185865,gymnocalycium,gymnocalycium,0.9074,0.9074,3,pending,0
inat_256872940_460660972,gymnocalycium,gymnocalycium,0.8531,0.8531,3,pending,0
inat_259908123_466650841,gymnocalycium,gymnocalycium,0.9892,0.9892,3,pending,0
inat_259993234_466821388,gymnocalycium,gymnocalycium,0.87,0.87,3,pending,0
inat_260784703_468390065,gymnocalycium,gymnocalycium,0.8818,0.8818,3,pending,0
inat_266859370_479500675,gymnocalycium,gymnocalycium,0.6791,0.6791,3,pending,0
inat_270629154_486727384,gymnocalycium,gymnocalycium,0.758,0.758,3,pending,0
inat_270820590_487092336,gymnocalycium,gymnocalycium,0.8723,0.8723,3,pending,0
inat_272343533_489962895,gymnocalycium,gymnocalycium,0.8243,0.8243,3,pending,0
inat_274469769_493429776,gymnocalycium,gymnocalycium,0.665,0.665,3,pending,0
inat_276211851_496080774,gymnocalycium,gymnocalycium,0.8805,0.8805,3,pending,0
inat_277039946_497465538,gymnocalycium,astrophytum,0.2344,0.4328,3,pending,1
inat_278285742_499684475,gymnocalycium,gymnocalycium,0.9302,0.9302,3,pending,0
inat_280103574_503042411,gymnocalycium,gymnocalycium,0.8797,0.8797,3,pending,0
inat_282836113_508175435,gymnocalycium,gymnocalycium,0.8519,0.8519,3,pending,0
inat_282836119_508175442,gymnocalycium,gymnocalycium,0.7633,0.7633,3,pending,0
inat_283493091_509400365,gymnocalycium,gymnocalycium,0.5802,0.5802,3,pending,0
inat_285205832_512628637,gymnocalycium,gymnocalycium,0.902,0.902,3,pending,0
inat_288751323_519303912,gymnocalycium,gymnocalycium,0.5023,0.5023,3,pending,0
inat_297327682_535461309,gymnocalycium,gymnocalycium,0.9163,0.9163,3,pending,0
inat_297727778_536205981,gymnocalycium,gymnocalycium,0.9315,0.9315,3,pending,0
inat_300615539_541664278,gymnocalycium,gymnocalycium,0.7613,0.7613,3,not_potted,0
inat_304172051_548315163,gymnocalycium,mammillaria,0.326,0.5148,3,multi_plant,1
inat_305132702_550135409,gymnocalycium,echinopsis,0.1442,0.5455,3,pending,1
inat_305296646_550443464,gymnocalycium,gymnocalycium,0.8714,0.8714,3,pending,0
inat_305414471_550670612,gymnocalycium,gymnocalycium,0.9112,0.9112,3,pending,0
inat_309478532_558466338,gymnocalycium,gymnocalycium,0.8205,0.8205,3,pending,0
inat_309611261_558714098,gymnocalycium,gymnocalycium,0.8372,0.8372,3,pending,0
inat_312581700_564384218,gymnocalycium,gymnocalycium,0.9288,0.9288,3,pending,0
inat_312948668_565090359,gymnocalycium,gymnocalycium,0.9281,0.9281,3,pending,0
inat_314013531_567124192,gymnocalycium,gymnocalycium,0.9119,0.9119,3,pending,0
inat_317752382_574209682,gymnocalycium,gymnocalycium,0.9006,0.9006,3,pending,0
inat_319160973_576904063,gymnocalycium,gymnocalycium,0.8364,0.8364,3,pending,0
inat_319342972_577246433,gymnocalycium,gymnocalycium,0.9615,0.9615,3,pending,0
inat_323647044_585653684,gymnocalycium,gymnocalycium,0.9182,0.9182,3,pending,0
inat_325135332_588625138,gymnocalycium,gymnocalycium,0.848,0.848,3,pending,0
inat_327515133_593366075,gymnocalycium,gymnocalycium,0.8364,0.8364,3,pending,0
inat_331910412_602224383,gymnocalycium,gymnocalycium,0.8386,0.8386,3,pending,0
inat_334867599_608211971,gymnocalycium,gymnocalycium,0.9072,0.9072,3,pending,0
inat_335276642_609043877,gymnocalycium,gymnocalycium,0.8731,0.8731,3,pending,0
inat_336464675_611431816,gymnocalycium,gymnocalycium,0.8665,0.8665,3,pending,0
inat_339276395_617152489,gymnocalycium,gymnocalycium,0.9233,0.9233,3,pending,0
inat_339406021_617424235,gymnocalycium,gymnocalycium,0.8209,0.8209,3,ok,0
inat_342121869_622957384,gymnocalycium,gymnocalycium,0.7294,0.7294,3,ok,0
inat_346296765_631227914,gymnocalycium,gymnocalycium,0.8978,0.8978,3,pending,0
inat_348650325_635895858,gymnocalycium,gymnocalycium,0.732,0.732,3,pending,0
inat_349418262_637404246,gymnocalycium,gymnocalycium,0.8758,0.8758,3,pending,0
inat_349571195_637708621,gymnocalycium,gymnocalycium,0.8794,0.8794,3,pending,0
inat_349798598_638149817,gymnocalycium,gymnocalycium,0.9637,0.9637,3,pending,0
inat_351518843_641489979,gymnocalycium,gymnocalycium,0.8344,0.8344,3,ok,0
inat_351519295_641490721,gymnocalycium,gymnocalycium,0.7901,0.7901,3,pending,0
inat_353171822_644450754,gymnocalycium,gymnocalycium,0.3788,0.3788,3,pending,1
inat_361903304_660508663,gymnocalycium,gymnocalycium,0.9295,0.9295,3,pending,0
inat_367023497_670227857,gymnocalycium,gymnocalycium,0.7642,0.7642,3,pending,0
inat_376254869_687921708,gymnocalycium,gymnocalycium,0.8308,0.8308,3,pending,0
inat_377870229_691045259,gymnocalycium,gymnocalycium,0.8207,0.8207,3,pending,0
inat_387792489_710151170,gymnocalycium,gymnocalycium,0.8354,0.8354,3,pending,0
inat_388279628_711098255,gymnocalycium,gymnocalycium,0.7707,0.7707,3,pending,0
inat_391827727_718001059,gymnocalycium,gymnocalycium,0.894,0.894,3,ok,0
inat_392137107_718599538,gymnocalycium,gymnocalycium,0.9242,0.9242,3,ok,0
inat_392777989_719855457,gymnocalycium,gymnocalycium,0.7871,0.7871,3,pending,0
inat_392925206_721824348,gymnocalycium,mammillaria,0.0085,0.8143,3,not_potted,1
inat_393374889_721027151,gymnocalycium,gymnocalycium,0.9383,0.9383,3,pending,0
inat_394996375_724199432,gymnocalycium,gymnocalycium,0.8693,0.8693,3,pending,0
inat_397673115_729411754,gymnocalycium,gymnocalycium,0.844,0.844,3,pending,0
inat_331946538_602300293,mammillaria,mammillaria,0.7348,0.7348,3,pending,0
inat_332454492_603344308,mammillaria,mammillaria,0.8705,0.8705,3,pending,0
inat_332896236_604250036,mammillaria,mammillaria,0.9591,0.9591,3,pending,0
inat_333850895_606143299,mammillaria,mammillaria,0.6843,0.6843,3,pending,0
inat_334665492_607798639,mammillaria,mammillaria,0.6625,0.6625,3,pending,0
inat_334763146_607995519,mammillaria,parodia,0.355,0.4815,3,pending,1
inat_334828737_608129222,mammillaria,mammillaria,0.8951,0.8951,3,pending,0
inat_335320608_609134078,mammillaria,mammillaria,0.9288,0.9288,3,pending,0
inat_336069947_610640017,mammillaria,mammillaria,0.8981,0.8981,3,pending,0
inat_336122556_610745695,mammillaria,mammillaria,0.8646,0.8646,3,pending,0
inat_337223792_612977065,mammillaria,mammillaria,0.8467,0.8467,3,pending,0
inat_337344261_613225744,mammillaria,mammillaria,0.9205,0.9205,3,pending,0
inat_338245218_615073598,mammillaria,mammillaria,0.8802,0.8802,3,pending,0
inat_338446455_615494527,mammillaria,mammillaria,0.9304,0.9304,3,pending,0
inat_339137593_616872381,mammillaria,mammillaria,0.7648,0.7648,3,pending,0
inat_339276430_617152860,mammillaria,echinopsis,0.0561,0.4,3,pending,1
inat_339578398_617772759,mammillaria,parodia,0.2469,0.2996,3,pending,1
inat_339971809_618572292,mammillaria,mammillaria,0.9538,0.9538,3,pending,0
inat_341340446_621370671,mammillaria,mammillaria,0.7891,0.7891,3,pending,0
inat_341622483_621948662,mammillaria,parodia,0.0245,0.485,3,blurry,1
inat_342448788_623619386,mammillaria,mammillaria,0.8556,0.8556,3,ok,0
inat_342735929_703837410,mammillaria,mammillaria,0.8745,0.8745,3,pending,0
inat_342806378_624324755,mammillaria,mammillaria,0.9608,0.9608,3,pending,0
inat_342806654_624325452,mammillaria,mammillaria,0.9337,0.9337,3,pending,0
inat_343183898_625084682,mammillaria,astrophytum,0.2913,0.2948,3,pending,1
inat_343184139_625085131,mammillaria,mammillaria,0.9352,0.9352,3,pending,0
inat_343599854_625934486,mammillaria,mammillaria,0.9068,0.9068,3,pending,0
inat_343599865_625934611,mammillaria,mammillaria,0.9224,0.9224,3,pending,0
inat_344138774_627005265,mammillaria,mammillaria,0.4833,0.4833,3,pending,1
inat_344431552_627575138,mammillaria,mammillaria,0.9228,0.9228,3,pending,0
inat_344957978_628585547,mammillaria,mammillaria,0.9115,0.9115,3,pending,0
inat_345116799_628897766,mammillaria,gymnocalycium,0.0744,0.8592,3,pending,1
inat_345404504_629468817,mammillaria,gymnocalycium,0.0555,0.3142,3,pending,1
inat_345404780_629469479,mammillaria,mammillaria,0.9169,0.9169,3,ok,0
inat_345502276_629658701,mammillaria,mammillaria,0.8745,0.8745,3,pending,0
inat_346106445_630848565,mammillaria,mammillaria,0.9291,0.9291,3,pending,0
inat_346270877_631174796,mammillaria,mammillaria,0.9683,0.9683,3,pending,0
inat_347058934_632735638,mammillaria,mammillaria,0.8735,0.8735,3,pending,0
inat_347096263_632809931,mammillaria,mammillaria,0.8025,0.8025,3,ok,0
inat_347100400_632811542,mammillaria,mammillaria,0.9424,0.9424,3,pending,0
inat_347619124_633845194,mammillaria,gymnocalycium,0.2229,0.3134,3,pending,1
inat_348663889_635924173,mammillaria,mammillaria,0.9266,0.9266,3,pending,0
inat_348859882_636313221,mammillaria,mammillaria,0.9534,0.9534,3,pending,0
inat_351411156_641285572,mammillaria,mammillaria,0.9525,0.9525,3,pending,0
inat_351945139_642323798,mammillaria,mammillaria,0.9665,0.9665,3,pending,0
inat_352651752_643589851,mammillaria,mammillaria,0.8874,0.8874,3,pending,0
inat_353945360_645746535,mammillaria,mammillaria,0.801,0.801,3,pending,0
inat_354055317_645947188,mammillaria,mammillaria,0.6472,0.6472,3,pending,0
inat_354980027_647516671,mammillaria,mammillaria,0.9151,0.9151,3,pending,0
inat_355173578_647826932,mammillaria,mammillaria,0.9714,0.9714,3,pending,0
inat_355512059_648347010,mammillaria,mammillaria,0.8107,0.8107,3,pending,0
inat_357661394_665752708,mammillaria,mammillaria,0.5794,0.5794,3,pending,0
inat_358761347_654503339,mammillaria,mammillaria,0.5912,0.5912,3,pending,0
inat_360578893_657964907,mammillaria,gymnocalycium,0.0226,0.9295,3,pending,1
inat_361189765_659150356,mammillaria,mammillaria,0.673,0.673,3,ok,0
inat_361836999_660379322,mammillaria,mammillaria,0.9165,0.9165,3,pending,0
inat_362210846_661083302,mammillaria,mammillaria,0.9377,0.9377,3,pending,0
inat_363085017_662746510,mammillaria,mammillaria,0.9,0.9,3,pending,0
inat_363099601_662770501,mammillaria,mammillaria,0.8851,0.8851,3,pending,0
inat_365279686_666898189,mammillaria,mammillaria,0.891,0.891,3,pending,0
inat_366605187_669428248,mammillaria,mammillaria,0.7667,0.7667,3,pending,0
inat_368710085_673450874,mammillaria,mammillaria,0.9119,0.9119,3,pending,0
inat_370107541_676097806,mammillaria,mammillaria,0.9499,0.9499,3,pending,0
inat_370677077_677189844,mammillaria,mammillaria,0.6057,0.6057,3,pending,0
inat_371214204_678223153,mammillaria,mammillaria,0.6765,0.6765,3,ok,0
inat_371778508_679291952,mammillaria,mammillaria,0.9333,0.9333,3,pending,0
inat_372107796_679931474,mammillaria,mammillaria,0.5365,0.5365,3,pending,0
inat_376124898_687677090,mammillaria,mammillaria,0.9491,0.9491,3,pending,0
inat_377006810_689374338,mammillaria,mammillaria,0.9586,0.9586,3,pending,0
inat_377912379_691131354,mammillaria,mammillaria,0.6082,0.6082,3,pending,0
inat_381735618_698518520,mammillaria,mammillaria,0.8214,0.8214,3,pending,0
inat_386107292_706914839,mammillaria,mammillaria,0.5894,0.5894,3,pending,0
inat_388418826_711383591,mammillaria,mammillaria,0.7799,0.7799,3,pending,0
inat_389085719_712660004,mammillaria,mammillaria,0.4121,0.4121,3,pending,1
inat_390216906_714869808,mammillaria,mammillaria,0.5695,0.5695,3,pending,0
inat_391028974_716453771,mammillaria,mammillaria,0.7744,0.7744,3,pending,0
inat_394213108_722671926,mammillaria,astrophytum,0.0705,0.5588,3,pending,1
inat_394473517_723181062,mammillaria,mammillaria,0.8174,0.8174,3,pending,0
inat_395751758_725679586,mammillaria,mammillaria,0.7112,0.7112,3,pending,0
inat_401028744_736011053,mammillaria,mammillaria,0.734,0.734,3,pending,0
inat_276868914_497154149,opuntia,opuntia,0.8782,0.8782,3,pending,0
inat_277190201_497732673,opuntia,opuntia,0.9271,0.9271,3,pending,0
inat_277591495_498441034,opuntia,opuntia,0.9057,0.9057,3,pending,0
inat_278647791_500339756,opuntia,opuntia,0.8254,0.8254,3,pending,0
inat_279836915_502546071,opuntia,opuntia,0.9443,0.9443,3,pending,0
inat_280935264_504608543,opuntia,opuntia,0.9001,0.9001,3,pending,0
inat_281124114_504971822,opuntia,opuntia,0.8475,0.8475,3,pending,0
inat_283762483_509899465,opuntia,opuntia,0.9114,0.9114,3,pending,0
inat_284736847_511754470,opuntia,opuntia,0.9404,0.9404,3,pending,0
inat_290844862_523247705,opuntia,opuntia,0.9348,0.9348,3,pending,0
inat_291816982_525072423,opuntia,opuntia,0.9277,0.9277,3,pending,0
inat_294480464_530052290,opuntia,opuntia,0.933,0.933,3,pending,0
inat_297191293_535206299,opuntia,opuntia,0.9738,0.9738,3,pending,0
inat_298980097_538605209,opuntia,opuntia,0.787,0.787,3,pending,0
inat_299944197_540400119,opuntia,opuntia,0.856,0.856,3,pending,0
inat_300820981_542042449,opuntia,opuntia,0.9594,0.9594,3,pending,0
inat_302434326_545042917,opuntia,opuntia,0.8496,0.8496,3,pending,0
inat_306861553_553424178,opuntia,opuntia,0.832,0.832,3,pending,0
inat_309997977_559434663,opuntia,opuntia,0.924,0.924,3,pending,0
inat_310939285_561243319,opuntia,opuntia,0.9362,0.9362,3,not_potted,0
inat_312278547_563792701,opuntia,opuntia,0.8755,0.8755,3,pending,0
inat_313015470_565217824,opuntia,opuntia,0.5557,0.5557,3,pending,0
inat_316020375_570939492,opuntia,opuntia,0.9359,0.9359,3,pending,0
inat_316590913_572010021,opuntia,opuntia,0.9439,0.9439,3,pending,0
inat_317881318_574451617,opuntia,opuntia,0.8807,0.8807,3,pending,0
inat_318485067_575610692,opuntia,astrophytum,0.361,0.5483,3,pending,1
inat_318515251_575669153,opuntia,opuntia,0.8498,0.8498,3,pending,0
inat_319587520_577717892,opuntia,opuntia,0.9163,0.9163,3,pending,0
inat_319850628_578222332,opuntia,opuntia,0.9386,0.9386,3,pending,0
inat_321394553_581243786,opuntia,opuntia,0.9559,0.9559,3,pending,0
inat_321394676_581244054,opuntia,opuntia,0.9329,0.9329,3,pending,0
inat_322049256_582522795,opuntia,opuntia,0.9533,0.9533,3,pending,0
inat_323665390_585690213,opuntia,opuntia,0.9471,0.9471,3,pending,0
inat_330609824_599551120,opuntia,opuntia,0.9394,0.9394,3,pending,0
inat_333714794_605864622,opuntia,opuntia,0.893,0.893,3,pending,0
inat_336466468_611435321,opuntia,opuntia,0.8847,0.8847,3,pending,0
inat_338125972_614829503,opuntia,opuntia,0.9478,0.9478,3,pending,0
inat_340976939_620619227,opuntia,opuntia,0.9497,0.9497,3,ok,0
inat_341753771_622212864,opuntia,opuntia,0.891,0.891,3,pending,0
inat_342689088_624105152,opuntia,opuntia,0.9306,0.9306,3,not_potted,0
inat_343189894_625097110,opuntia,opuntia,0.8965,0.8965,3,pending,0
inat_343687930_626114075,opuntia,opuntia,0.9337,0.9337,3,pending,0
inat_345328018_629314299,opuntia,opuntia,0.9428,0.9428,3,pending,0
inat_346862177_632341582,opuntia,opuntia,0.9531,0.9531,3,pending,0
inat_347612341_633832698,opuntia,opuntia,0.924,0.924,3,pending,0
inat_347797688_634206216,opuntia,opuntia,0.8603,0.8603,3,pending,0
inat_349356448_637280516,opuntia,opuntia,0.9252,0.9252,3,pending,0
inat_350500021_639524631,opuntia,opuntia,0.918,0.918,3,pending,0
inat_350617197_639749436,opuntia,opuntia,0.9133,0.9133,3,ok,0
inat_351635189_641717963,opuntia,opuntia,0.8291,0.8291,3,pending,0
inat_351797986_642031339,opuntia,opuntia,0.5055,0.5055,3,pending,0
inat_351928966_642293989,opuntia,opuntia,0.9092,0.9092,3,ok,0
inat_351929421_642294727,opuntia,opuntia,0.7989,0.7989,3,pending,0
inat_352047570_642518682,opuntia,opuntia,0.8996,0.8996,3,pending,0
inat_355230037_647912192,opuntia,opuntia,0.9602,0.9602,3,pending,0
inat_357939371_652902172,opuntia,opuntia,0.9646,0.9646,3,pending,0
inat_359921207_656721339,opuntia,opuntia,0.9369,0.9369,3,pending,0
inat_360207238_657268493,opuntia,opuntia,0.9005,0.9005,3,pending,0
inat_360438577_657700281,opuntia,opuntia,0.8972,0.8972,3,pending,0
inat_361465736_659674697,opuntia,opuntia,0.9111,0.9111,3,pending,0
inat_362038510_660752703,opuntia,opuntia,0.9289,0.9289,3,pending,0
inat_362572758_661765163,opuntia,opuntia,0.941,0.941,3,pending,0
inat_362838333_662269944,opuntia,opuntia,0.9454,0.9454,3,pending,0
inat_363649232_663820172,opuntia,opuntia,0.9165,0.9165,3,pending,0
inat_368080167_672245152,opuntia,opuntia,0.9661,0.9661,3,pending,0
inat_368159018_672398816,opuntia,opuntia,0.9187,0.9187,3,pending,0
inat_371780411_676390736,opuntia,opuntia,0.9216,0.9216,3,pending,0
inat_372916482_681478433,opuntia,opuntia,0.8972,0.8972,3,not_potted,0
inat_376156069_687736696,opuntia,opuntia,0.8842,0.8842,3,pending,0
inat_378746076_692731289,opuntia,opuntia,0.91,0.91,3,pending,0
inat_378899706_693023507,opuntia,opuntia,0.9294,0.9294,3,pending,0
inat_380889631_696878787,opuntia,opuntia,0.9398,0.9398,3,pending,0
inat_388192614_710938618,opuntia,opuntia,0.9399,0.9399,3,not_potted,0
inat_388315908_711177714,opuntia,opuntia,0.9078,0.9078,3,pending,0
inat_389642326_713742758,opuntia,opuntia,0.8843,0.8843,3,pending,0
inat_390326993_715083321,opuntia,opuntia,0.9492,0.9492,3,pending,0
inat_390734386_715879906,opuntia,opuntia,0.9533,0.9533,3,pending,0
inat_391864098_718072394,opuntia,opuntia,0.8033,0.8033,3,pending,0
inat_396723577_727545814,opuntia,opuntia,0.8948,0.8948,3,not_potted,0
inat_400953859_735867735,opuntia,opuntia,0.9067,0.9067,3,pending,0
inat_235111412_418080561,parodia,parodia,0.9414,0.9414,3,pending,0
inat_241818237_431032198,parodia,parodia,0.9564,0.9564,3,pending,0
inat_244762610_436649737,parodia,mammillaria,0.27,0.4149,3,ok,1
inat_253747212_454404666,parodia,astrophytum,0.1794,0.6917,3,pending,1
inat_256247533_459393620,parodia,parodia,0.826,0.826,3,pending,0
inat_256247540_459393638,parodia,parodia,0.8896,0.8896,3,ok,0
inat_256873084_460661212,parodia,parodia,0.6637,0.6637,3,pending,0
inat_264875443_475678175,parodia,parodia,0.9369,0.9369,3,pending,0
inat_266829969_479441508,parodia,parodia,0.9099,0.9099,3,pending,0
inat_269283405_484155298,parodia,parodia,0.8751,0.8751,3,pending,0
inat_269728261_485009679,parodia,mammillaria,0.0319,0.6528,3,pending,1
inat_271585392_488527785,parodia,parodia,0.9338,0.9338,3,pending,0
inat_272078613_489467373,parodia,parodia,0.3844,0.3844,3,pending,1
inat_274458970_493413874,parodia,parodia,0.887,0.887,3,pending,0
inat_274641312_493690479,parodia,parodia,0.8512,0.8512,3,pending,0
inat_274946226_494163692,parodia,parodia,0.9117,0.9117,3,pending,0
inat_275954304_495689587,parodia,parodia,0.7486,0.7486,3,pending,0
inat_276190269_496047225,parodia,mammillaria,0.1938,0.737,3,pending,1
inat_277129906_497626053,parodia,parodia,0.8915,0.8915,3,pending,0
inat_277235112_497817771,parodia,parodia,0.943,0.943,3,pending,0
inat_278675171_500391059,parodia,parodia,0.9484,0.9484,3,pending,0
inat_280010214_502862847,parodia,parodia,0.5845,0.5845,3,pending,0
inat_280217459_503261982,parodia,mammillaria,0.0843,0.6552,3,pending,1
inat_280392693_503540846,parodia,parodia,0.9381,0.9381,3,pending,0
inat_281609641_505889559,parodia,parodia,0.9097,0.9097,3,pending,0
inat_283381768_509191005,parodia,parodia,0.603,0.603,3,pending,0
inat_286743639_515529971,parodia,parodia,0.8459,0.8459,3,pending,0
inat_288041259_517955678,parodia,echinopsis,0.1633,0.5984,3,pending,1
inat_289493166_520696021,parodia,parodia,0.548,0.548,3,pending,0
inat_293554482_528366247,parodia,parodia,0.9465,0.9465,3,pending,0
inat_296005902_532941534,parodia,parodia,0.833,0.833,3,pending,0
inat_304159252_548290921,parodia,parodia,0.8218,0.8218,3,not_potted,0
inat_304582453_549096690,parodia,parodia,0.9375,0.9375,3,pending,0
inat_310080328_559596133,parodia,parodia,0.9202,0.9202,3,pending,0
inat_311559213_562435337,parodia,parodia,0.9806,0.9806,3,pending,0
inat_311720630_562735527,parodia,parodia,0.8584,0.8584,3,pending,0
inat_312882666_564966461,parodia,parodia,0.8838,0.8838,3,pending,0
inat_313984907_567066913,parodia,parodia,0.9572,0.9572,3,pending,0
inat_315315669_569602348,parodia,parodia,0.9435,0.9435,3,pending,0
inat_315677888_570288436,parodia,parodia,0.8798,0.8798,3,pending,0
inat_316661496_572150953,parodia,parodia,0.962,0.962,3,pending,0
inat_317586707_573889635,parodia,parodia,0.9021,0.9021,3,pending,0
inat_318332189_575319642,parodia,parodia,0.9375,0.9375,3,pending,0
inat_318390906_575429545,parodia,parodia,0.7639,0.7639,3,pending,0
inat_323670837_585699792,parodia,parodia,0.8688,0.8688,3,pending,0
inat_324596095_587537138,parodia,parodia,0.921,0.921,3,pending,0
inat_329055451_596397422,parodia,echinocactus,0.3511,0.5149,3,pending,1
inat_329798746_597892095,parodia,parodia,0.9457,0.9457,3,pending,0
inat_331910425_602224402,parodia,parodia,0.8316,0.8316,3,pending,0
inat_334747887_607963241,parodia,parodia,0.3289,0.3289,3,pending,1
inat_334889414_608257430,parodia,parodia,0.9157,0.9157,3,pending,0
inat_338623288_615845711,parodia,parodia,0.8881,0.8881,3,pending,0
inat_339066751_616724022,parodia,parodia,0.9334,0.9334,3,pending,0
inat_339971514_618571549,parodia,parodia,0.9037,0.9037,3,pending,0
inat_340496234_619694833,parodia,echinopsis,0.0052,0.9082,3,pending,1
inat_341747431_622201203,parodia,parodia,0.9325,0.9325,3,pending,0
inat_341823601_622355578,parodia,parodia,0.9474,0.9474,3,pending,0
inat_342912823_624541095,parodia,astrophytum,0.1537,0.5732,3,pending,1
inat_344801528_628283799,parodia,parodia,0.9266,0.9266,3,not_potted,0
inat_344806502_628292514,parodia,parodia,0.9042,0.9042,3,pending,0
inat_344813832_628306472,parodia,parodia,0.8549,0.8549,3,pending,0
inat_344813877_628306592,parodia,parodia,0.9162,0.9162,3,pending,0
inat_345126482_628916623,parodia,parodia,0.9134,0.9134,3,pending,0
inat_345750235_630146097,parodia,parodia,0.8793,0.8793,3,pending,0
inat_351577183_641602047,parodia,parodia,0.9355,0.9355,3,not_potted,0
inat_351929927_642295753,parodia,parodia,0.9297,0.9297,3,pending,0
inat_355488888_648310317,parodia,parodia,0.8792,0.8792,3,pending,0
inat_355800470_648850746,parodia,parodia,0.9002,0.9002,3,pending,0
inat_360475194_657771511,parodia,parodia,0.8357,0.8357,3,pending,0
inat_361500143_659739713,parodia,parodia,0.8709,0.8709,3,not_potted,0
inat_365030371_666426764,parodia,parodia,0.7704,0.7704,3,pending,0
inat_365110466_666573733,parodia,parodia,0.793,0.793,3,pending,0
inat_370126965_676142420,parodia,parodia,0.9614,0.9614,3,pending,0
inat_375866894_687163915,parodia,parodia,0.2881,0.2881,3,pending,1
inat_381888206_698819445,parodia,parodia,0.8961,0.8961,3,pending,0
inat_382846827_700658430,parodia,parodia,0.9093,0.9093,3,ok,0
inat_389512498_713489631,parodia,parodia,0.9234,0.9234,3,pending,0
inat_393905389_722043451,parodia,parodia,0.9228,0.9228,3,pending,0
inat_396110569_726390236,parodia,parodia,0.9312,0.9312,3,pending,0
inat_399064073_732121310,parodia,parodia,0.737,0.737,3,pending,0
inat_194347275_341598514,astrophytum,echinopsis,0.2524,0.506,4,pending,1
inat_197357173_347578482,astrophytum,astrophytum,0.9333,0.9333,4,ok,0
inat_197748261_348364931,astrophytum,astrophytum,0.8261,0.8261,4,ok,0
inat_199170183_351196538,astrophytum,astrophytum,0.7619,0.7619,4,pending,0
inat_199426767_351692608,astrophytum,astrophytum,0.8913,0.8913,4,pending,0
inat_200239468_353247015,astrophytum,astrophytum,0.8523,0.8523,4,pending,0
inat_200676152_354099279,astrophytum,astrophytum,0.822,0.822,4,pending,0
inat_201353714_355429181,astrophytum,astrophytum,0.8955,0.8955,4,pending,0
inat_201781193_356251521,astrophytum,astrophytum,0.8465,0.8465,4,pending,0
inat_201930403_356520641,astrophytum,parodia,0.128,0.7628,4,pending,1
inat_203025058_358649124,astrophytum,astrophytum,0.9276,0.9276,4,pending,0
inat_203081657_358758910,astrophytum,astrophytum,0.8617,0.8617,4,ok,0
inat_204861042_362141514,astrophytum,astrophytum,0.9435,0.9435,4,pending,0
inat_204867028_362162762,astrophytum,astrophytum,0.794,0.794,4,pending,0
inat_213311013_376975837,astrophytum,astrophytum,0.95,0.95,4,pending,0
inat_214727345_379572767,astrophytum,astrophytum,0.9317,0.9317,4,pending,0
inat_220566103_390522388,astrophytum,astrophytum,0.4725,0.4725,4,pending,1
inat_220927375_391185238,astrophytum,astrophytum,0.8658,0.8658,4,pending,0
inat_221810100_393141705,astrophytum,astrophytum,0.9051,0.9051,4,pending,0
inat_222783180_394673054,astrophytum,astrophytum,0.8685,0.8685,4,pending,0
inat_226189678_401115759,astrophytum,astrophytum,0.9224,0.9224,4,pending,0
inat_226771844_402192642,astrophytum,astrophytum,0.9215,0.9215,4,pending,0
inat_232642401_413340973,astrophytum,gymnocalycium,0.0864,0.505,4,not_potted,1
inat_232976638_413966056,astrophytum,astrophytum,0.8253,0.8253,4,pending,0
inat_237217109_422138372,astrophytum,astrophytum,0.8905,0.8905,4,pending,0
inat_240274402_428054342,astrophytum,astrophytum,0.877,0.877,4,pending,0
inat_240492312_428464749,astrophytum,astrophytum,0.8993,0.8993,4,pending,0
inat_240492315_428467676,astrophytum,astrophytum,0.8498,0.8498,4,pending,0
inat_240505604_428492746,astrophytum,astrophytum,0.9445,0.9445,4,pending,0
inat_240505608_428494711,astrophytum,astrophytum,0.9177,0.9177,4,pending,0
inat_240626658_428655988,astrophytum,astrophytum,0.9348,0.9348,4,pending,0
inat_246727739_440522604,astrophytum,astrophytum,0.9779,0.9779,4,pending,0
inat_255148779_457182376,astrophytum,astrophytum,0.8948,0.8948,4,pending,0
inat_261261103_469336204,astrophytum,astrophytum,0.875,0.875,4,pending,0
inat_270857823_487160184,astrophytum,astrophytum,0.8491,0.8491,4,pending,0
inat_275929174_495660653,astrophytum,astrophytum,0.8929,0.8929,4,pending,0
inat_276065967_495861825,astrophytum,astrophytum,0.901,0.901,4,pending,0
inat_282758950_508032541,astrophytum,astrophytum,0.3799,0.3799,4,pending,1
inat_282759225_508033222,astrophytum,astrophytum,0.7771,0.7771,4,pending,0
inat_284729921_511740595,astrophytum,astrophytum,0.9467,0.9467,4,pending,0
inat_291711950_524877780,astrophytum,astrophytum,0.4755,0.4755,4,pending,1
inat_297190915_535205379,astrophytum,astrophytum,0.8352,0.8352,4,pending,0
inat_300710843_542022824,astrophytum,astrophytum,0.9124,0.9124,4,pending,0
inat_303062801_546219899,astrophytum,astrophytum,0.9163,0.9163,4,pending,0
inat_306924240_553546521,astrophytum,astrophytum,0.9449,0.9449,4,pending,0
inat_314227291_567536371,astrophytum,astrophytum,0.8222,0.8222,4,pending,0
inat_315909082_570726069,astrophytum,astrophytum,0.9036,0.9036,4,pending,0
inat_319420565_577397173,astrophytum,astrophytum,0.8523,0.8523,4,pending,0
inat_320357257_579205402,astrophytum,astrophytum,0.7969,0.7969,4,pending,0
inat_320403948_579296878,astrophytum,astrophytum,0.8518,0.8518,4,pending,0
inat_321825598_582076827,astrophytum,astrophytum,0.9076,0.9076,4,pending,0
inat_322526263_583476309,astrophytum,astrophytum,0.7496,0.7496,4,pending,0
inat_323782150_585922950,astrophytum,astrophytum,0.7571,0.7571,4,pending,0
inat_328537413_595354206,astrophytum,astrophytum,0.8457,0.8457,4,pending,0
inat_328724232_595735490,astrophytum,astrophytum,0.9334,0.9334,4,pending,0
inat_333438043_605355078,astrophytum,astrophytum,0.9113,0.9113,4,pending,0
inat_334584393_607629662,astrophytum,astrophytum,0.7815,0.7815,4,not_potted,0
inat_338386907_615366715,astrophytum,astrophytum,0.7532,0.7532,4,pending,0
inat_338806346_616210277,astrophytum,astrophytum,0.8449,0.8449,4,pending,0
inat_340130163_618903763,astrophytum,astrophytum,0.9233,0.9233,4,pending,0
inat_341756153_622216891,astrophytum,astrophytum,0.7181,0.7181,4,not_potted,0
inat_343599874_625934724,astrophytum,mammillaria,0.1335,0.2822,4,pending,1
inat_344465751_627638961,astrophytum,astrophytum,0.8982,0.8982,4,pending,0
inat_349408793_637383661,astrophytum,astrophytum,0.87,0.87,4,pending,0
inat_351531389_641511473,astrophytum,astrophytum,0.9257,0.9257,4,pending,0
inat_352405871_643204726,astrophytum,astrophytum,0.9044,0.9044,4,pending,0
inat_352603901_643518881,astrophytum,astrophytum,0.9476,0.9476,4,pending,0
inat_358240856_653495877,astrophytum,astrophytum,0.9085,0.9085,4,pending,0
inat_359265448_655465315,astrophytum,astrophytum,0.9428,0.9428,4,pending,0
inat_360791794_658507835,astrophytum,astrophytum,0.8968,0.8968,4,pending,0
inat_363003796_662594561,astrophytum,astrophytum,0.9234,0.9234,4,pending,0
inat_370884333_677598370,astrophytum,astrophytum,0.8991,0.8991,4,pending,0
inat_379766395_694701803,astrophytum,astrophytum,0.9094,0.9094,4,pending,0
inat_387792688_710151473,astrophytum,astrophytum,0.8486,0.8486,4,pending,0
inat_388279545_711078203,astrophytum,astrophytum,0.919,0.919,4,pending,0
inat_388989364_712500277,astrophytum,astrophytum,0.8629,0.8629,4,multi_plant,0
inat_389065559_712622646,astrophytum,astrophytum,0.9378,0.9378,4,pending,0
inat_390684655_715850011,astrophytum,astrophytum,0.7902,0.7902,4,pending,0
inat_393182901_720650956,astrophytum,astrophytum,0.8131,0.8131,4,pending,0
inat_394215622_722676037,astrophytum,astrophytum,0.3647,0.3647,4,pending,1
inat_369915793_675742538,echinocactus,echinocactus,0.9063,0.9063,4,pending,0
inat_370397900_676657299,echinocactus,echinocactus,0.8987,0.8987,4,pending,0
inat_370962396_677745756,echinocactus,echinocactus,0.8378,0.8378,4,pending,0
inat_371006564_677830062,echinocactus,echinocactus,0.8742,0.8742,4,pending,0
inat_371041327_677898030,echinocactus,echinocactus,0.8937,0.8937,4,pending,0
inat_371041390_677898105,echinocactus,echinocactus,0.939,0.939,4,pending,0
inat_371798186_679330641,echinocactus,echinocactus,0.891,0.891,4,pending,0
inat_372217874_680150254,echinocactus,echinocactus,0.9268,0.9268,4,pending,0
inat_372218351_680150971,echinocactus,echinocactus,0.9501,0.9501,4,pending,0
inat_372367689_680426807,echinocactus,echinocactus,0.8905,0.8905,4,not_potted,0
inat_373049810_681730574,echinocactus,echinocactus,0.8975,0.8975,4,pending,0
inat_373515011_682625410,echinocactus,echinocactus,0.896,0.896,4,not_potted,0
inat_373856686_683279844,echinocactus,echinocactus,0.721,0.721,4,pending,0
inat_375126668_685733917,echinocactus,echinocactus,0.9125,0.9125,4,pending,0
inat_375623330_686706704,echinocactus,echinocactus,0.8475,0.8475,4,pending,0
inat_375824070_687099916,echinocactus,echinocactus,0.9263,0.9263,4,pending,0
inat_376059196_687546235,echinocactus,echinocactus,0.9297,0.9297,4,pending,0
inat_376468991_688336531,echinocactus,echinocactus,0.9,0.9,4,pending,0
inat_376556390_688503591,echinocactus,echinocactus,0.9161,0.9161,4,pending,0
inat_377185919_689717448,echinocactus,echinocactus,0.9436,0.9436,4,pending,0
inat_377311796_689964555,echinocactus,echinocactus,0.9466,0.9466,4,pending,0
inat_377501767_690331510,echinocactus,echinocactus,0.9194,0.9194,4,pending,0
inat_378358048_691984189,echinocactus,echinocactus,0.9209,0.9209,4,pending,0
inat_378375612_692015981,echinocactus,echinocactus,0.9127,0.9127,4,pending,0
inat_378501368_692239229,echinocactus,echinocactus,0.9639,0.9639,4,pending,0
inat_378599173_692436973,echinocactus,echinocactus,0.912,0.912,4,pending,0
inat_378771790_692777370,echinocactus,echinocactus,0.7366,0.7366,4,not_potted,0
inat_379745209_694663344,echinocactus,echinocactus,0.9149,0.9149,4,pending,0
inat_380092867_695339909,echinocactus,echinocactus,0.9355,0.9355,4,ok,0
inat_380516933_696158461,echinocactus,echinocactus,0.9448,0.9448,4,pending,0
inat_381517614_698095464,echinocactus,echinocactus,0.9026,0.9026,4,pending,0
inat_383050281_701157010,echinocactus,echinocactus,0.9382,0.9382,4,pending,0
inat_384562419_703966149,echinocactus,echinocactus,0.9224,0.9224,4,pending,0
inat_384810146_704443379,echinocactus,echinocactus,0.9458,0.9458,4,pending,0
inat_385597364_705937001,echinocactus,mammillaria,0.0609,0.8705,4,not_potted,1
inat_385598247_705933934,echinocactus,echinocactus,0.9217,0.9217,4,pending,0
inat_385894031_706505805,echinocactus,echinocactus,0.6909,0.6909,4,pending,0
inat_386857877_708350598,echinocactus,echinocactus,0.3788,0.3788,4,pending,1
inat_387385869_709363950,echinocactus,echinocactus,0.871,0.871,4,pending,0
inat_387515709_709614872,echinocactus,echinocactus,0.8686,0.8686,4,pending,0
inat_387666128_709903108,echinocactus,echinocactus,0.8955,0.8955,4,pending,0
inat_388364193_711275036,echinocactus,echinocactus,0.5315,0.5315,4,pending,0
inat_389483026_713431181,echinocactus,echinocactus,0.9507,0.9507,4,pending,0
inat_389501849_713467969,echinocactus,echinocactus,0.8971,0.8971,4,pending,0
inat_390333601_715097096,echinocactus,echinocactus,0.9378,0.9378,4,pending,0
inat_390356329_715145671,echinocactus,echinocactus,0.8429,0.8429,4,pending,0
inat_390745785_715903056,echinocactus,echinocactus,0.8989,0.8989,4,pending,0
inat_391257019_716897450,echinocactus,echinocactus,0.9382,0.9382,4,pending,0
inat_391441338_717256545,echinocactus,echinocactus,0.9665,0.9665,4,pending,0
inat_391935119_718207288,echinocactus,echinocactus,0.903,0.903,4,pending,0
inat_392315834_718954577,echinocactus,echinocactus,0.9182,0.9182,4,pending,0
inat_392460556_719238528,echinocactus,echinocactus,0.8459,0.8459,4,pending,0
inat_392987487_720236282,echinocactus,echinocactus,0.9138,0.9138,4,pending,0
inat_393071698_720431593,echinocactus,echinocactus,0.9377,0.9377,4,pending,0
inat_393227540_720734286,echinocactus,echinocactus,0.9075,0.9075,4,pending,0
inat_393458504_721189991,echinocactus,echinocactus,0.8661,0.8661,4,pending,0
inat_393850473_721952572,echinocactus,echinocactus,0.905,0.905,4,pending,0
inat_394402168_723045627,echinocactus,echinocactus,0.9384,0.9384,4,pending,0
inat_394407678_723055750,echinocactus,echinocactus,0.877,0.877,4,pending,0
inat_394770457_723760097,echinocactus,echinocactus,0.9466,0.9466,4,pending,0
inat_396155767_726476416,echinocactus,echinocactus,0.9287,0.9287,4,pending,0
inat_396570859_727269981,echinocactus,echinocactus,0.9255,0.9255,4,pending,0
inat_396750507_727597867,echinocactus,echinocactus,0.9148,0.9148,4,pending,0
inat_396831478_727763353,echinocactus,echinocactus,0.9444,0.9444,4,not_potted,0
inat_396967835_728024879,echinocactus,echinocactus,0.9434,0.9434,4,pending,0
inat_397234482_728547719,echinocactus,echinocactus,0.9174,0.9174,4,pending,0
inat_397399500_728870607,echinocactus,echinocactus,0.8715,0.8715,4,pending,0
inat_397499518_729066643,echinocactus,echinocactus,0.7377,0.7377,4,pending,0
inat_397922179_729891244,echinocactus,echinocactus,0.7345,0.7345,4,pending,0
inat_398107572_730258614,echinocactus,echinocactus,0.9128,0.9128,4,pending,0
inat_398156036_730349473,echinocactus,echinocactus,0.9269,0.9269,4,not_potted,0
inat_398423473_730879520,echinocactus,echinocactus,0.6589,0.6589,4,pending,0
inat_398482328_730988481,echinocactus,echinocactus,0.908,0.908,4,pending,0
inat_398626054_731274445,echinocactus,echinocactus,0.9229,0.9229,4,pending,0
inat_398874082_731759619,echinocactus,echinocactus,0.9253,0.9253,4,pending,0
inat_399057708_732107663,echinocactus,echinocactus,0.916,0.916,4,pending,0
inat_399329323_732631157,echinocactus,echinocactus,0.9343,0.9343,4,pending,0
inat_399482619_732937988,echinocactus,echinocactus,0.9353,0.9353,4,pending,0
inat_399525057_733017901,echinocactus,echinocactus,0.6839,0.6839,4,pending,0
inat_401177633_736305408,echinocactus,echinocactus,0.9239,0.9239,4,pending,0
inat_242838236_432953217,echinopsis,echinopsis,0.8564,0.8564,4,pending,0
inat_244156448_435486491,echinopsis,echinopsis,0.8295,0.8295,4,ok,0
inat_244271314_435715819,echinopsis,echinopsis,0.9099,0.9099,4,pending,0
inat_244991392_437099764,echinopsis,echinopsis,0.9437,0.9437,4,pending,0
inat_245094004_437297074,echinopsis,echinopsis,0.9624,0.9624,4,pending,0
inat_247869540_442784957,echinopsis,echinopsis,0.2583,0.2583,4,ok,1
inat_248222922_443476597,echinopsis,echinopsis,0.9263,0.9263,4,pending,0
inat_249782153_447106869,echinopsis,echinopsis,0.8936,0.8936,4,not_plant,0
inat_252768234_452526401,echinopsis,echinopsis,0.7344,0.7344,4,pending,0
inat_252917563_452797451,echinopsis,echinopsis,0.9535,0.9535,4,pending,0
inat_254211017_455289622,echinopsis,echinopsis,0.9205,0.9205,4,pending,0
inat_257681177_462291902,echinopsis,echinopsis,0.9407,0.9407,4,pending,0
inat_259379611_465600545,echinopsis,echinopsis,0.9119,0.9119,4,pending,0
inat_261015228_468847087,echinopsis,echinopsis,0.7198,0.7198,4,pending,0
inat_266224393_478310412,echinopsis,echinopsis,0.8817,0.8817,4,pending,0
inat_266963277_479697727,echinopsis,echinopsis,0.7412,0.7412,4,pending,0
inat_274683763_493756162,echinopsis,echinopsis,0.6786,0.6786,4,pending,0
inat_275085642_494385318,echinopsis,echinopsis,0.7583,0.7583,4,pending,0
inat_275208396_494580826,echinopsis,echinopsis,0.3173,0.3173,4,pending,1
inat_275331833_494784747,echinopsis,astrophytum,0.1054,0.654,4,pending,1
inat_275580295_495152515,echinopsis,echinopsis,0.8602,0.8602,4,pending,0
inat_276421891_496409108,echinopsis,echinopsis,0.6436,0.6436,4,pending,0
inat_276436067_496429647,echinopsis,echinopsis,0.8655,0.8655,4,pending,0
inat_276663553_496812147,echinopsis,echinopsis,0.907,0.907,4,ok,0
inat_278807229_500630474,echinopsis,echinopsis,0.8572,0.8572,4,pending,0
inat_284278131_510878289,echinopsis,echinopsis,0.9866,0.9866,4,pending,0
inat_286647749_515339554,echinopsis,echinopsis,0.7527,0.7527,4,pending,0
inat_287162318_516314176,echinopsis,echinopsis,0.7762,0.7762,4,pending,0
inat_290536380_522669200,echinopsis,echinopsis,0.8641,0.8641,4,pending,0
inat_291926137_525280583,echinopsis,echinopsis,0.8879,0.8879,4,pending,0
inat_293437069_528145096,echinopsis,echinopsis,0.7613,0.7613,4,pending,0
inat_296261504_539408937,echinopsis,echinopsis,0.7385,0.7385,4,not_plant,0
inat_297328281_535462544,echinopsis,echinopsis,0.9171,0.9171,4,pending,0
inat_306593650_552917632,echinopsis,echinopsis,0.7745,0.7745,4,pending,0
inat_307240213_554151378,echinopsis,echinopsis,0.8902,0.8902,4,pending,0
inat_309862689_559199270,echinopsis,echinopsis,0.9679,0.9679,4,pending,0
inat_314626563_568275874,echinopsis,echinopsis,0.5083,0.5083,4,pending,0
inat_316032808_570961335,echinopsis,echinopsis,0.9557,0.9557,4,pending,0
inat_317478232_573685442,echinopsis,echinopsis,0.7482,0.7482,4,not_potted,0
inat_317496309_573721100,echinopsis,echinopsis,0.8852,0.8852,4,pending,0
inat_318910860_576424782,echinopsis,echinopsis,0.6543,0.6543,4,pending,0
inat_319256830_577085716,echinopsis,echinopsis,0.8613,0.8613,4,pending,0
inat_323956063_586260377,echinopsis,echinopsis,0.9185,0.9185,4,pending,0
inat_325276895_588901223,echinopsis,echinopsis,0.8153,0.8153,4,pending,0
inat_328181289_594638748,echinopsis,mammillaria,0.2482,0.2684,4,pending,1
inat_329571601_597436410,echinopsis,echinopsis,0.9128,0.9128,4,pending,0
inat_330416555_599152703,echinopsis,echinopsis,0.6482,0.6482,4,pending,0
inat_332761004_603971417,echinopsis,echinopsis,0.8005,0.8005,4,pending,0
inat_335198159_608890021,echinopsis,echinopsis,0.3869,0.3869,4,pending,1
inat_336110631_610722451,echinopsis,echinopsis,0.7391,0.7391,4,pending,0
inat_338359357_615309391,echinopsis,echinopsis,0.9284,0.9284,4,pending,0
inat_338530572_615669454,echinopsis,echinopsis,0.7412,0.7412,4,pending,0
inat_338821133_616242154,echinopsis,echinopsis,0.9312,0.9312,4,pending,0
inat_338822347_616244385,echinopsis,echinopsis,0.9281,0.9281,4,pending,0
inat_339403772_617419368,echinopsis,echinopsis,0.6948,0.6948,4,pending,0
inat_340507331_619659953,echinopsis,echinopsis,0.9023,0.9023,4,pending,0
inat_343832190_626400042,echinopsis,echinopsis,0.9241,0.9241,4,pending,0
inat_344799487_628280448,echinopsis,echinopsis,0.9279,0.9279,4,pending,0
inat_346053879_630743113,echinopsis,echinopsis,0.849,0.849,4,pending,0
inat_347638636_633882824,echinopsis,echinopsis,0.8698,0.8698,4,pending,0
inat_351929277_642294487,echinopsis,echinopsis,0.9169,0.9169,4,pending,0
inat_353058412_644250128,echinopsis,echinopsis,0.7128,0.7128,4,pending,0
inat_353911496_645683684,echinopsis,echinopsis,0.9176,0.9176,4,pending,0
inat_354742388_647091797,echinopsis,gymnocalycium,0.2521,0.2718,4,pending,1
inat_356508747_665730362,echinopsis,echinopsis,0.9181,0.9181,4,pending,0
inat_358754931_654490355,echinopsis,echinopsis,0.8158,0.8158,4,pending,0
inat_359857400_656604200,echinopsis,echinopsis,0.8414,0.8414,4,ok,0
inat_362409987_661457403,echinopsis,echinopsis,0.7307,0.7307,4,pending,0
inat_365988472_668255159,echinopsis,echinopsis,0.8859,0.8859,4,pending,0
inat_366195078_668644492,echinopsis,mammillaria,0.0519,0.6573,4,pending,1
inat_367563400_671256902,echinopsis,echinopsis,0.5338,0.5338,4,pending,0
inat_379231527_693668887,echinopsis,echinopsis,0.9027,0.9027,4,pending,0
inat_380033103_695221005,echinopsis,gymnocalycium,0.2041,0.4618,4,pending,1
inat_388571509_711680263,echinopsis,echinopsis,0.9366,0.9366,4,pending,0
inat_394330301_722905229,echinopsis,echinopsis,0.8847,0.8847,4,pending,0
inat_395438747_725081268,echinopsis,echinopsis,0.843,0.843,4,pending,0
inat_396229336_726624717,echinopsis,echinopsis,0.6614,0.6614,4,pending,0
inat_396550633_727228209,echinopsis,echinopsis,0.7814,0.7814,4,pending,0
inat_399001664_732000427,echinopsis,echinopsis,0.839,0.839,4,pending,0
inat_399951638_733847462,echinopsis,echinopsis,0.8522,0.8522,4,pending,0
inat_214522297_379190832,gymnocalycium,gymnocalycium,0.9027,0.9027,4,pending,0
inat_215474292_380962248,gymnocalycium,gymnocalycium,0.6349,0.6349,4,not_plant,0
inat_218881370_387368887,gymnocalycium,gymnocalycium,0.9844,0.9844,4,pending,0
inat_220201917_389842602,gymnocalycium,gymnocalycium,0.82,0.82,4,ok,0
inat_224590658_398081154,gymnocalycium,gymnocalycium,0.4851,0.4851,4,pending,1
inat_229326818_407052720,gymnocalycium,gymnocalycium,0.9053,0.9053,4,pending,0
inat_233448279_414885359,gymnocalycium,gymnocalycium,0.9055,0.9055,4,pending,0
inat_240505611_428495130,gymnocalycium,gymnocalycium,0.8289,0.8289,4,pending,0
inat_240626673_428698091,gymnocalycium,gymnocalycium,0.9434,0.9434,4,pending,0
inat_242878587_433026730,gymnocalycium,gymnocalycium,0.6243,0.6243,4,ok,0
inat_244006729_435185777,gymnocalycium,gymnocalycium,0.8697,0.8697,4,ok,0
inat_245725277_438537853,gymnocalycium,gymnocalycium,0.9282,0.9282,4,ok,0
inat_246488969_440051489,gymnocalycium,gymnocalycium,0.8454,0.8454,4,pending,0
inat_248231257_443495281,gymnocalycium,gymnocalycium,0.5528,0.5528,4,pending,0
inat_250080305_447173459,gymnocalycium,gymnocalycium,0.9188,0.9188,4,pending,0
inat_251788084_450594438,gymnocalycium,gymnocalycium,0.8172,0.8172,4,pending,0
inat_252657906_452321934,gymnocalycium,gymnocalycium,0.8833,0.8833,4,pending,0
inat_254022551_454918694,gymnocalycium,gymnocalycium,0.9161,0.9161,4,pending,0
inat_261868845_470550684,gymnocalycium,gymnocalycium,0.9229,0.9229,4,pending,0
inat_263596155_473574197,gymnocalycium,gymnocalycium,0.8292,0.8292,4,pending,0
inat_266269472_478393992,gymnocalycium,gymnocalycium,0.7642,0.7642,4,pending,0
inat_267126119_480008956,gymnocalycium,gymnocalycium,0.8285,0.8285,4,pending,0
inat_267171967_480104738,gymnocalycium,parodia,0.2544,0.3687,4,pending,1
inat_267980831_481643726,gymnocalycium,gymnocalycium,0.4198,0.4198,4,pending,1
inat_268553159_482740173,gymnocalycium,gymnocalycium,0.9425,0.9425,4,pending,0
inat_268791169_483192765,gymnocalycium,gymnocalycium,0.9069,0.9069,4,pending,0
inat_270730477_486915804,gymnocalycium,gymnocalycium,0.9051,0.9051,4,pending,0
inat_271770574_488881696,gymnocalycium,gymnocalycium,0.8625,0.8625,4,pending,0
inat_274073692_492783240,gymnocalycium,gymnocalycium,0.6579,0.6579,4,pending,0
inat_274796008_493927190,gymnocalycium,gymnocalycium,0.9159,0.9159,4,pending,0
inat_275026082_494291149,gymnocalycium,gymnocalycium,0.8693,0.8693,4,pending,0
inat_275084437_494383453,gymnocalycium,gymnocalycium,0.4472,0.4472,4,pending,1
inat_275198615_494563863,gymnocalycium,gymnocalycium,0.4332,0.4332,4,pending,1
inat_275443182_494957162,gymnocalycium,gymnocalycium,0.8318,0.8318,4,pending,0
inat_275580221_495126671,gymnocalycium,gymnocalycium,0.7394,0.7394,4,pending,0
inat_277129729_497625851,gymnocalycium,gymnocalycium,0.8866,0.8866,4,pending,0
inat_277397968_498093776,gymnocalycium,gymnocalycium,0.9162,0.9162,4,pending,0
inat_278298641_499707337,gymnocalycium,gymnocalycium,0.4076,0.4076,4,pending,1
inat_280253629_503325964,gymnocalycium,gymnocalycium,0.8946,0.8946,4,pending,0
inat_280392350_503539084,gymnocalycium,astrophytum,0.103,0.4757,4,pending,1
inat_281752542_506159535,gymnocalycium,gymnocalycium,0.9111,0.9111,4,pending,0
inat_284606429_511502175,gymnocalycium,gymnocalycium,0.6731,0.6731,4,pending,0
inat_288487921_518809435,gymnocalycium,gymnocalycium,0.6313,0.6313,4,pending,0
inat_289195459_520134496,gymnocalycium,gymnocalycium,0.9274,0.9274,4,pending,0
inat_291087978_523700911,gymnocalycium,gymnocalycium,0.8767,0.8767,4,ok,0
inat_291281596_524067174,gymnocalycium,gymnocalycium,0.9512,0.9512,4,pending,0
inat_297328063_535462061,gymnocalycium,gymnocalycium,0.9071,0.9071,4,pending,0
inat_299246553_539111697,gymnocalycium,gymnocalycium,0.8117,0.8117,4,pending,0
inat_299755869_540054077,gymnocalycium,gymnocalycium,0.5238,0.5238,4,pending,0
inat_300615057_541663231,gymnocalycium,echinopsis,0.3047,0.4005,4,pending,1
inat_300616738_541666573,gymnocalycium,gymnocalycium,0.8784,0.8784,4,pending,0
inat_308815614_557186849,gymnocalycium,gymnocalycium,0.8934,0.8934,4,pending,0
inat_311559005_562435054,gymnocalycium,gymnocalycium,0.7983,0.7983,4,pending,0
inat_311559063_562435125,gymnocalycium,gymnocalycium,0.8373,0.8373,4,pending,0
inat_316662579_572153145,gymnocalycium,gymnocalycium,0.6773,0.6773,4,pending,0
inat_319465990_577487130,gymnocalycium,gymnocalycium,0.916,0.916,4,pending,0
inat_319684659_577906861,gymnocalycium,gymnocalycium,0.8966,0.8966,4,pending,0
inat_320691740_579862001,gymnocalycium,gymnocalycium,0.8488,0.8488,4,ok,0
inat_325192881_588736675,gymnocalycium,gymnocalycium,0.5576,0.5576,4,pending,0
inat_329823495_597943064,gymnocalycium,gymnocalycium,0.9355,0.9355,4,pending,0
inat_331067415_600497070,gymnocalycium,gymnocalycium,0.933,0.933,4,ok,0
inat_335209172_608911001,gymnocalycium,gymnocalycium,0.7471,0.7471,4,pending,0
inat_338530628_615669735,gymnocalycium,gymnocalycium,0.5483,0.5483,4,pending,0
inat_338744397_616082254,gymnocalycium,gymnocalycium,0.8733,0.8733,4,pending,0
inat_339276392_617152474,gymnocalycium,gymnocalycium,0.8488,0.8488,4,pending,0
inat_341313475_621312990,gymnocalycium,gymnocalycium,0.8573,0.8573,4,pending,0
inat_341468512_621634852,gymnocalycium,gymnocalycium,0.8448,0.8448,4,pending,0
inat_343218749_625158121,gymnocalycium,gymnocalycium,0.5492,0.5492,4,pending,0
inat_346673940_631969712,gymnocalycium,gymnocalycium,0.9174,0.9174,4,pending,0
inat_363377194_663301058,gymnocalycium,gymnocalycium,0.3377,0.3377,4,pending,1
inat_365860384_668003072,gymnocalycium,gymnocalycium,0.9079,0.9079,4,pending,0
inat_373589370_682765334,gymnocalycium,gymnocalycium,0.8894,0.8894,4,pending,0
inat_373963674_683387844,gymnocalycium,gymnocalycium,0.9198,0.9198,4,pending,0
inat_374305263_684142570,gymnocalycium,astrophytum,0.0755,0.7168,4,pending,1
inat_377887420_691079443,gymnocalycium,gymnocalycium,0.9003,0.9003,4,pending,0
inat_385451153_705651947,gymnocalycium,astrophytum,0.3188,0.3953,4,pending,1
inat_387736980_710040538,gymnocalycium,gymnocalycium,0.7992,0.7992,4,pending,0
inat_388576352_711680493,gymnocalycium,gymnocalycium,0.9537,0.9537,4,pending,0
inat_388576356_711682499,gymnocalycium,gymnocalycium,0.8441,0.8441,4,pending,0
inat_397834414_729713782,gymnocalycium,gymnocalycium,0.8469,0.8469,4,pending,0
inat_331557319_601502778,mammillaria,mammillaria,0.8801,0.8801,4,ok,0
inat_331715213_601824324,mammillaria,mammillaria,0.5376,0.5376,4,ok,0
inat_332589507_603624490,mammillaria,mammillaria,0.5116,0.5116,4,ok,0
inat_332908846_604276209,mammillaria,mammillaria,0.8852,0.8852,4,pending,0
inat_333216537_604903534,mammillaria,mammillaria,0.9246,0.9246,4,pending,0
inat_333850440_606141980,mammillaria,mammillaria,0.9625,0.9625,4,pending,0
inat_334715168_607900598,mammillaria,gymnocalycium,0.3491,0.4809,4,pending,1
inat_334715325_607900868,mammillaria,mammillaria,0.9015,0.9015,4,pending,0
inat_336602494_611714238,mammillaria,mammillaria,0.9263,0.9263,4,pending,0
inat_337264736_613061685,mammillaria,mammillaria,0.867,0.867,4,pending,0
inat_337348263_613234075,mammillaria,mammillaria,0.7106,0.7106,4,ok,0
inat_337522558_613593611,mammillaria,echinopsis,0.3584,0.3713,4,ok,1
inat_338006481_614585029,mammillaria,mammillaria,0.7405,0.7405,4,pending,0
inat_338077593_614732092,mammillaria,mammillaria,0.9234,0.9234,4,pending,0
inat_338530466_615669199,mammillaria,mammillaria,0.5019,0.5019,4,pending,0
inat_339970308_618569595,mammillaria,mammillaria,0.8692,0.8692,4,pending,0
inat_340115768_618872505,mammillaria,mammillaria,0.709,0.709,4,ok,0
inat_341398178_621489845,mammillaria,mammillaria,0.8132,0.8132,4,pending,0
inat_341823187_622354441,mammillaria,mammillaria,0.9263,0.9263,4,pending,0
inat_342082100_622877855,mammillaria,mammillaria,0.9349,0.9349,4,pending,0
inat_342360595_623439603,mammillaria,mammillaria,0.9261,0.9261,4,pending,0
inat_342457130_623635525,mammillaria,mammillaria,0.9402,0.9402,4,pending,0
inat_342806852_624325720,mammillaria,mammillaria,0.9445,0.9445,4,pending,0
inat_343219245_625159300,mammillaria,mammillaria,0.9506,0.9506,4,pending,0
inat_343700549_626138617,mammillaria,astrophytum,0.1241,0.5804,4,ok,1
inat_343943208_626621732,mammillaria,mammillaria,0.876,0.876,4,pending,0
inat_343989643_626711951,mammillaria,opuntia,0.3178,0.5534,4,pending,1
inat_344421593_627556280,mammillaria,gymnocalycium,0.3324,0.6114,4,pending,1
inat_345090296_628848490,mammillaria,mammillaria,0.9521,0.9521,4,pending,0
inat_345355451_629368560,mammillaria,mammillaria,0.8611,0.8611,4,pending,0
inat_346119441_630873871,mammillaria,mammillaria,0.5567,0.5567,4,ok,0
inat_346119738_630874751,mammillaria,mammillaria,0.9404,0.9404,4,pending,0
inat_346330885_631297149,mammillaria,mammillaria,0.8572,0.8572,4,ok,0
inat_346331042_631297357,mammillaria,mammillaria,0.9212,0.9212,4,pending,0
inat_346331097_631297508,mammillaria,mammillaria,0.8997,0.8997,4,pending,0
inat_346552405_631734880,mammillaria,parodia,0.3616,0.4431,4,pending,1
inat_347085263_632787915,mammillaria,mammillaria,0.9375,0.9375,4,pending,0
inat_347695926_633990520,mammillaria,mammillaria,0.9289,0.9289,4,pending,0
inat_348124672_634850089,mammillaria,mammillaria,0.8292,0.8292,4,pending,0
inat_348837365_636266553,mammillaria,mammillaria,0.9046,0.9046,4,pending,0
inat_350805045_640115534,mammillaria,mammillaria,0.8533,0.8533,4,pending,0
inat_351315677_641085349,mammillaria,mammillaria,0.8935,0.8935,4,pending,0
inat_351886470_642211137,mammillaria,mammillaria,0.7591,0.7591,4,pending,0
inat_352291091_642987641,mammillaria,mammillaria,0.8393,0.8393,4,pending,0
inat_352378831_643151903,mammillaria,mammillaria,0.9559,0.9559,4,pending,0
inat_354171983_646153964,mammillaria,mammillaria,0.9116,0.9116,4,pending,0
inat_354723398_647061910,mammillaria,mammillaria,0.8069,0.8069,4,pending,0
inat_355522004_648363368,mammillaria,mammillaria,0.5859,0.5859,4,pending,0
inat_355783263_648819592,mammillaria,mammillaria,0.8749,0.8749,4,pending,0
inat_357516531_652087343,mammillaria,mammillaria,0.947,0.947,4,pending,0
inat_358794426_654571014,mammillaria,mammillaria,0.9597,0.9597,4,pending,0
inat_362153189_660970450,mammillaria,mammillaria,0.5608,0.5608,4,pending,0
inat_362211970_661085544,mammillaria,mammillaria,0.8545,0.8545,4,pending,0
inat_363094669_662762193,mammillaria,mammillaria,0.9588,0.9588,4,pending,0
inat_363096032_662764025,mammillaria,mammillaria,0.9186,0.9186,4,pending,0
inat_363939090_664366925,mammillaria,mammillaria,0.8939,0.8939,4,pending,0
inat_365940736_668163714,mammillaria,mammillaria,0.9479,0.9479,4,pending,0
inat_369492408_674928590,mammillaria,mammillaria,0.939,0.939,4,pending,0
inat_370367373_676602818,mammillaria,mammillaria,0.3685,0.3685,4,pending,1
inat_372979504_681593807,mammillaria,mammillaria,0.7103,0.7103,4,pending,0
inat_375460857_686392227,mammillaria,mammillaria,0.8324,0.8324,4,pending,0
inat_376159576_687743513,mammillaria,mammillaria,0.8744,0.8744,4,ok,0
inat_378644766_692537975,mammillaria,mammillaria,0.899,0.899,4,pending,0
inat_381153459_697385643,mammillaria,mammillaria,0.9442,0.9442,4,pending,0
inat_381371519_697811226,mammillaria,mammillaria,0.9503,0.9503,4,pending,0
inat_381952109_698943024,mammillaria,mammillaria,0.8326,0.8326,4,pending,0
inat_384592383_704022115,mammillaria,mammillaria,0.5449,0.5449,4,pending,0
inat_385195125_705187380,mammillaria,mammillaria,0.6831,0.6831,4,pending,0
inat_387311575_709219218,mammillaria,mammillaria,0.9251,0.9251,4,pending,0
inat_387390230_709372261,mammillaria,mammillaria,0.3725,0.3725,4,pending,1
inat_387891780_710345581,mammillaria,mammillaria,0.9595,0.9595,4,pending,0
inat_388719379_711970468,mammillaria,mammillaria,0.606,0.606,4,pending,0
inat_388923527_712371007,mammillaria,mammillaria,0.5923,0.5923,4,pending,0
inat_388925769_712375590,mammillaria,mammillaria,0.905,0.905,4,pending,0
inat_389481321_713427914,mammillaria,mammillaria,0.9209,0.9209,4,ok,0
inat_390882500_716162787,mammillaria,mammillaria,0.632,0.632,4,pending,0
inat_391505974_717383832,mammillaria,mammillaria,0.8712,0.8712,4,pending,0
inat_394043149_722336489,mammillaria,mammillaria,0.8961,0.8961,4,pending,0
inat_397663699_729393054,mammillaria,mammillaria,0.9151,0.9151,4,pending,0
inat_399011851_732019389,mammillaria,mammillaria,0.7301,0.7301,4,pending,0
inat_276877272_497183887,opuntia,opuntia,0.7725,0.7725,4,pending,0
inat_277351789_498014830,opuntia,opuntia,0.9266,0.9266,4,pending,0
inat_277929820_499046545,opuntia,opuntia,0.8484,0.8484,4,pending,0
inat_278716804_500468103,opuntia,opuntia,0.9437,0.9437,4,pending,0
inat_280740301_504251709,opuntia,opuntia,0.9399,0.9399,4,not_potted,0
inat_282995872_508484389,opuntia,opuntia,0.8992,0.8992,4,pending,0
inat_283379019_509185779,opuntia,opuntia,0.9029,0.9029,4,pending,0
inat_283758381_509890942,opuntia,opuntia,0.9283,0.9283,4,pending,0
inat_283955029_510281207,opuntia,opuntia,0.9191,0.9191,4,pending,0
inat_286388198_514849323,opuntia,opuntia,0.8884,0.8884,4,pending,0
inat_288361340_518556061,opuntia,opuntia,0.8366,0.8366,4,pending,0
inat_296143074_533207232,opuntia,opuntia,0.9124,0.9124,4,pending,0
inat_298755612_538169595,opuntia,opuntia,0.9083,0.9083,4,pending,0
inat_299667857_539885077,opuntia,opuntia,0.9114,0.9114,4,pending,0
inat_300726050_541861152,opuntia,opuntia,0.8983,0.8983,4,ok,0
inat_302858330_545832660,opuntia,opuntia,0.9246,0.9246,4,pending,0
inat_304967030_549822338,opuntia,opuntia,0.9335,0.9335,4,pending,0
inat_305105846_550083104,opuntia,opuntia,0.9052,0.9052,4,pending,0
inat_308334739_556267355,opuntia,opuntia,0.837,0.837,4,pending,0
inat_312399407_564028695,opuntia,opuntia,0.8262,0.8262,4,pending,0
inat_314086537_567265743,opuntia,opuntia,0.9272,0.9272,4,ok,0
inat_314843022_568691138,opuntia,opuntia,0.8415,0.8415,4,pending,0
inat_317433769_573598040,opuntia,opuntia,0.9061,0.9061,4,ok,0
inat_318263477_575183944,opuntia,opuntia,0.9456,0.9456,4,pending,0
inat_318271272_575197298,opuntia,opuntia,0.8625,0.8625,4,pending,0
inat_318309515_575271993,opuntia,opuntia,0.9011,0.9011,4,ok,0
inat_318484959_575610431,opuntia,opuntia,0.9066,0.9066,4,pending,0
inat_318519792_575676889,opuntia,opuntia,0.918,0.918,4,pending,0
inat_319395262_577350770,opuntia,opuntia,0.8619,0.8619,4,pending,0
inat_320900924_580273116,opuntia,opuntia,0.8685,0.8685,4,pending,0
inat_321213148_580886652,opuntia,opuntia,0.7805,0.7805,4,pending,0
inat_323060461_584514116,opuntia,opuntia,0.8625,0.8625,4,pending,0
inat_323915349_586178402,opuntia,opuntia,0.9449,0.9449,4,pending,0
inat_324911843_588180919,opuntia,opuntia,0.9323,0.9323,4,pending,0
inat_325325991_589002484,opuntia,opuntia,0.8891,0.8891,4,pending,0
inat_327189915_592711976,opuntia,opuntia,0.9136,0.9136,4,ok,0
inat_327585425_593502632,opuntia,opuntia,0.9008,0.9008,4,pending,0
inat_328816788_595917781,opuntia,opuntia,0.9121,0.9121,4,pending,0
inat_328900835_596090343,opuntia,opuntia,0.8995,0.8995,4,pending,0
inat_329566271_597425295,opuntia,opuntia,0.9375,0.9375,4,pending,0
inat_329831002_597959838,opuntia,opuntia,0.9185,0.9185,4,pending,0
inat_330568619_599466767,opuntia,opuntia,0.6348,0.6348,4,pending,0
inat_332197940_602819857,opuntia,opuntia,0.9298,0.9298,4,pending,0
inat_332649436_603744944,opuntia,opuntia,0.9332,0.9332,4,pending,0
inat_336177797_610851964,opuntia,opuntia,0.6674,0.6674,4,pending,0
inat_342112390_623976702,opuntia,opuntia,0.9229,0.9229,4,pending,0
inat_342464969_623651609,opuntia,opuntia,0.9055,0.9055,4,pending,0
inat_343738933_626218350,opuntia,opuntia,0.9335,0.9335,4,pending,0
inat_347638604_633882761,opuntia,opuntia,0.8957,0.8957,4,pending,0
inat_348544993_635681050,opuntia,opuntia,0.9089,0.9089,4,pending,0
inat_349027177_636634173,opuntia,opuntia,0.945,0.945,4,pending,0
inat_350492515_639510627,opuntia,opuntia,0.8978,0.8978,4,pending,0
inat_351736313_641917194,opuntia,opuntia,0.7766,0.7766,4,pending,0
inat_351772410_641984948,opuntia,opuntia,0.8996,0.8996,4,not_potted,0
inat_351824157_642084715,opuntia,opuntia,0.9166,0.9166,4,pending,0
inat_352079286_642579401,opuntia,opuntia,0.9317,0.9317,4,pending,0
inat_353687415_645291529,opuntia,opuntia,0.9505,0.9505,4,pending,0
inat_354561492_646782582,opuntia,opuntia,0.9224,0.9224,4,pending,0
inat_355510752_648344793,opuntia,opuntia,0.9058,0.9058,4,ok,0
inat_359002073_654961596,opuntia,opuntia,0.9235,0.9235,4,pending,0
inat_359590424_656094189,opuntia,opuntia,0.5729,0.5729,4,pending,0
inat_362574059_661743388,opuntia,opuntia,0.9262,0.9262,4,pending,0
inat_363445910_663430507,opuntia,opuntia,0.9192,0.9192,4,pending,0
inat_363485470_663507534,opuntia,opuntia,0.8979,0.8979,4,pending,0
inat_370002328_675906864,opuntia,opuntia,0.5879,0.5879,4,pending,0
inat_370913809_677653759,opuntia,opuntia,0.9081,0.9081,4,pending,0
inat_375754270_686966355,opuntia,opuntia,0.9165,0.9165,4,pending,0
inat_377579113_690484981,opuntia,opuntia,0.8981,0.8981,4,not_potted,0
inat_377609111_690544389,opuntia,opuntia,0.9298,0.9298,4,pending,0
inat_378780996_692794489,opuntia,opuntia,0.9091,0.9091,4,pending,0
inat_379502370_694191559,opuntia,opuntia,0.9075,0.9075,4,pending,0
inat_379588863_694361701,opuntia,opuntia,0.9021,0.9021,4,pending,0
inat_379958243_695077890,opuntia,opuntia,0.927,0.927,4,pending,0
inat_383437008_701795178,opuntia,opuntia,0.9588,0.9588,4,pending,0
inat_388044384_710645239,opuntia,opuntia,0.8679,0.8679,4,pending,0
inat_391899815_718140478,opuntia,opuntia,0.706,0.706,4,pending,0
inat_393794885_721846491,opuntia,opuntia,0.9257,0.9257,4,ok,0
inat_393814157_721884336,opuntia,opuntia,0.9448,0.9448,4,pending,0
inat_400046449_734032300,opuntia,opuntia,0.908,0.908,4,pending,0
inat_400429544_735305663,opuntia,opuntia,0.9269,0.9269,4,pending,0
inat_224182922_397298639,parodia,parodia,0.5827,0.5827,4,pending,0
inat_224515302_397921446,parodia,echinopsis,0.0118,0.7673,4,pending,1
inat_225915048_400595572,parodia,parodia,0.4888,0.4888,4,pending,1
inat_226145134_401035036,parodia,parodia,0.7427,0.7427,4,pending,0
inat_231181701_410566599,parodia,parodia,0.8792,0.8792,4,pending,0
inat_232230997_412559984,parodia,parodia,0.5564,0.5564,4,pending,0
inat_232282091_412654722,parodia,parodia,0.8957,0.8957,4,pending,0
inat_232479757_413030633,parodia,parodia,0.9265,0.9265,4,pending,0
inat_234301412_416507935,parodia,parodia,0.8915,0.8915,4,pending,0
inat_236201088_420188438,parodia,astrophytum,0.1245,0.7221,4,pending,1
inat_240632116_428735346,parodia,parodia,0.898,0.898,4,ok,0
inat_252506557_452032339,parodia,parodia,0.9293,0.9293,4,pending,0
inat_259349850_465537450,parodia,parodia,0.7085,0.7085,4,pending,0
inat_263133636_472661773,parodia,parodia,0.7219,0.7219,4,pending,0
inat_263741607_473852523,parodia,parodia,0.8302,0.8302,4,pending,0
inat_264143722_474627363,parodia,parodia,0.9216,0.9216,4,pending,0
inat_265687548_477274206,parodia,parodia,0.8974,0.8974,4,pending,0
inat_266491943_478821682,parodia,parodia,0.863,0.863,4,ok,0
inat_268518589_482676447,parodia,parodia,0.8162,0.8162,4,pending,0
inat_269735410_485024537,parodia,parodia,0.8165,0.8165,4,pending,0
inat_273299304_491567791,parodia,parodia,0.8779,0.8779,4,pending,0
inat_273446101_491803596,parodia,parodia,0.6756,0.6756,4,pending,0
inat_274357103_493251535,parodia,parodia,0.9066,0.9066,4,pending,0
inat_274738241_493838944,parodia,parodia,0.8305,0.8305,4,pending,0
inat_276260334_496156518,parodia,parodia,0.8672,0.8672,4,pending,0
inat_277707465_498640851,parodia,mammillaria,0.1528,0.2744,4,pending,1
inat_278298730_499707455,parodia,parodia,0.6906,0.6906,4,pending,0
inat_279767576_502411666,parodia,parodia,0.8095,0.8095,4,not_potted,0
inat_280901909_504556704,parodia,parodia,0.9152,0.9152,4,pending,0
inat_281459779_505610023,parodia,parodia,0.8776,0.8776,4,pending,0
inat_281673325_506016551,parodia,parodia,0.7763,0.7763,4,pending,0
inat_284195843_510729752,parodia,parodia,0.8979,0.8979,4,pending,0
inat_284548200_511396565,parodia,parodia,0.9307,0.9307,4,pending,0
inat_285141017_541898902,parodia,echinocactus,0.2007,0.6738,4,pending,1
inat_287945356_517773507,parodia,parodia,0.8741,0.8741,4,pending,0
inat_297116027_535064224,parodia,parodia,0.8642,0.8642,4,pending,0
inat_298293487_537288098,parodia,parodia,0.9466,0.9466,4,pending,0
inat_303438044_546917023,parodia,parodia,0.9266,0.9266,4,pending,0
inat_305414703_550670993,parodia,parodia,0.9501,0.9501,4,pending,0
inat_306740425_553193553,parodia,parodia,0.9258,0.9258,4,pending,0
inat_313257322_565680596,parodia,parodia,0.8444,0.8444,4,pending,0
inat_316156112_571185982,parodia,parodia,0.8064,0.8064,4,pending,0
inat_317195135_573149121,parodia,parodia,0.8836,0.8836,4,pending,0
inat_318214963_575093635,parodia,parodia,0.7364,0.7364,4,pending,0
inat_318337272_575330088,parodia,parodia,0.8225,0.8225,4,pending,0
inat_318611632_575850193,parodia,parodia,0.7914,0.7914,4,pending,0
inat_319681347_577899368,parodia,mammillaria,0.1508,0.5033,4,pending,1
inat_319984030_578480347,parodia,parodia,0.8307,0.8307,4,pending,0
inat_320507561_579497256,parodia,parodia,0.894,0.894,4,pending,0
inat_321841039_582106925,parodia,parodia,0.8296,0.8296,4,pending,0
inat_324336806_587015129,parodia,parodia,0.555,0.555,4,pending,0
inat_327304486_592944778,parodia,parodia,0.6469,0.6469,4,pending,0
inat_328004099_594284146,parodia,parodia,0.9614,0.9614,4,pending,0
inat_328765319_595815616,parodia,echinopsis,0.1957,0.4,4,pending,1
inat_329220833_596725794,parodia,parodia,0.8812,0.8812,4,not_potted,0
inat_329475423_597240775,parodia,parodia,0.9186,0.9186,4,pending,0
inat_332280608_602988941,parodia,parodia,0.7951,0.7951,4,pending,0
inat_334821878_608117641,parodia,gymnocalycium,0.2585,0.3143,4,not_plant,1
inat_335085498_608662883,parodia,parodia,0.4019,0.4019,4,pending,1
inat_336610781_611731668,parodia,parodia,0.8626,0.8626,4,pending,0
inat_341261454_621195832,parodia,mammillaria,0.0458,0.6878,4,pending,1
inat_341455030_621606515,parodia,parodia,0.8161,0.8161,4,ok,0
inat_343404071_625537318,parodia,parodia,0.9183,0.9183,4,pending,0
inat_344801560_628283849,parodia,parodia,0.8697,0.8697,4,pending,0
inat_344801633_628283976,parodia,parodia,0.8691,0.8691,4,pending,0
inat_344804144_628288172,parodia,parodia,0.9042,0.9042,4,not_potted,0
inat_346970771_632562377,parodia,parodia,0.8851,0.8851,4,pending,0
inat_348123541_634847907,parodia,parodia,0.9127,0.9127,4,pending,0
inat_351929059_642294153,parodia,parodia,0.9186,0.9186,4,pending,0
inat_357662485_665754140,parodia,parodia,0.8699,0.8699,4,pending,0
inat_357705231_652450352,parodia,parodia,0.9279,0.9279,4,not_potted,0
inat_358277065_653568325,parodia,parodia,0.9195,0.9195,4,pending,0
inat_360253570_657352475,parodia,parodia,0.9051,0.9051,4,pending,0
inat_360772775_658346714,parodia,parodia,0.7732,0.7732,4,pending,0
inat_372051833_679821861,parodia,gymnocalycium,0.0334,0.3852,4,pending,1
inat_372298731_680298947,parodia,parodia,0.9214,0.9214,4,pending,0
inat_382065397_699154890,parodia,parodia,0.8864,0.8864,4,pending,0
inat_392184811_718695198,parodia,astrophytum,0.0521,0.8929,4,pending,1
inat_393334411_720947886,parodia,parodia,0.8711,0.8711,4,pending,0
inat_393596862_721452614,parodia,parodia,0.8553,0.8553,4,pending,0
